X	1 - ANGL    30[GEN 10      11.000]1 : NE	X	2 - ANGL    31[GEN 2       11.000]1 : NE	X	3 - ANGL    32[GEN 3       11.000]1 : NE	X	4 - ANGL    33[GEN 4       11.000]1 : NE	X	5 - ANGL    34[GEN 5       11.000]1 : NE	X	6 - ANGL    35[GEN 6       11.000]1 : NE	X	7 - ANGL    36[GEN7        11.000]1 : NE	X	8 - ANGL    37[GEN 8       11.000]1 : NE	X	9 - ANGL    38[GEN 9       11.000]1 : NE	X	10 - ANGL    39[GEN 1       230.00]1 : NE
0	-0.212290778756142	0	13.7226285934448	0	17.9392242431641	0	16.2558345794678	0	24.1559600830078	0	17.4812278747559	0	31.6701602935791	0	15.3107643127441	0	27.0892105102539	0	-7.95103597640991
0.00999999977648258	-0.212290853261948	0.00999999977648258	13.7226285934448	0.00999999977648258	17.9392242431641	0.00999999977648258	16.2558345794678	0.00999999977648258	24.1559600830078	0.00999999977648258	17.4812278747559	0.00999999977648258	31.6701602935791	0.00999999977648258	15.3107643127441	0.00999999977648258	27.0892105102539	0.00999999977648258	-7.95103597640991
0.0199999995529652	-0.212290927767754	0.0199999995529652	13.7226285934448	0.0199999995529652	17.9392242431641	0.0199999995529652	16.2558345794678	0.0199999995529652	24.1559600830078	0.0199999995529652	17.4812278747559	0.0199999995529652	31.6701602935791	0.0199999995529652	15.3107643127441	0.0199999995529652	27.0892105102539	0.0199999995529652	-7.95103597640991
0.0299999993294477	-0.212291017174721	0.0299999993294477	13.7226285934448	0.0299999993294477	17.9392242431641	0.0299999993294477	16.2558345794678	0.0299999993294477	24.1559600830078	0.0299999993294477	17.4812278747559	0.0299999993294477	31.6701602935791	0.0299999993294477	15.3107643127441	0.0299999993294477	27.0892105102539	0.0299999993294477	-7.95103597640991
0.0399999991059303	-0.21229113638401	0.0399999991059303	13.7226285934448	0.0399999991059303	17.9392242431641	0.0399999991059303	16.2558345794678	0.0399999991059303	24.1559600830078	0.0399999991059303	17.4812278747559	0.0399999991059303	31.6701602935791	0.0399999991059303	15.3107643127441	0.0399999991059303	27.0892105102539	0.0399999991059303	-7.95103597640991
0.0499999970197678	-0.212291270494461	0.0499999970197678	13.7226285934448	0.0499999970197678	17.9392242431641	0.0499999970197678	16.2558345794678	0.0499999970197678	24.1559600830078	0.0499999970197678	17.4812278747559	0.0499999970197678	31.6701602935791	0.0499999970197678	15.3107643127441	0.0499999970197678	27.0892105102539	0.0499999970197678	-7.95103597640991
0.0599999949336052	-0.212291404604912	0.0599999949336052	13.7226285934448	0.0599999949336052	17.9392242431641	0.0599999949336052	16.2558345794678	0.0599999949336052	24.1559600830078	0.0599999949336052	17.4812278747559	0.0599999949336052	31.6701602935791	0.0599999949336052	15.3107643127441	0.0599999949336052	27.0892105102539	0.0599999949336052	-7.95103597640991
0.0699999928474426	-0.212291538715363	0.0699999928474426	13.7226285934448	0.0699999928474426	17.9392242431641	0.0699999928474426	16.2558345794678	0.0699999928474426	24.1559600830078	0.0699999928474426	17.4812278747559	0.0699999928474426	31.6701602935791	0.0699999928474426	15.3107643127441	0.0699999928474426	27.0892105102539	0.0699999928474426	-7.95103597640991
0.0799999907612801	-0.212291717529297	0.0799999907612801	13.7226285934448	0.0799999907612801	17.9392242431641	0.0799999907612801	16.2558345794678	0.0799999907612801	24.1559600830078	0.0799999907612801	17.4812278747559	0.0799999907612801	31.6701602935791	0.0799999907612801	15.3107643127441	0.0799999907612801	27.0892105102539	0.0799999907612801	-7.95103597640991
0.0899999886751175	-0.21229188144207	0.0899999886751175	13.7226285934448	0.0899999886751175	17.9392242431641	0.0899999886751175	16.2558345794678	0.0899999886751175	24.1559600830078	0.0899999886751175	17.4812278747559	0.0899999886751175	31.6701602935791	0.0899999886751175	15.3107643127441	0.0899999886751175	27.0892105102539	0.0899999886751175	-7.95103597640991
0.0999999865889549	-0.212292030453682	0.0999999865889549	13.7226285934448	0.0999999865889549	17.9392242431641	0.0999999865889549	16.2558345794678	0.0999999865889549	24.1559600830078	0.0999999865889549	17.4812278747559	0.0999999865889549	31.6701602935791	0.0999999865889549	15.3107643127441	0.0999999865889549	27.0892105102539	0.0999999865889549	-7.95103597640991
0.109999984502792	-0.212292194366455	0.109999984502792	13.7226285934448	0.109999984502792	17.9392242431641	0.109999984502792	16.2558345794678	0.109999984502792	24.1559600830078	0.109999984502792	17.4812278747559	0.109999984502792	31.6701602935791	0.109999984502792	15.3107643127441	0.109999984502792	27.0892105102539	0.109999984502792	-7.95103597640991
0.11999998241663	-0.212292358279228	0.11999998241663	13.7226285934448	0.11999998241663	17.9392242431641	0.11999998241663	16.2558345794678	0.11999998241663	24.1559600830078	0.11999998241663	17.4812278747559	0.11999998241663	31.6701602935791	0.11999998241663	15.3107643127441	0.11999998241663	27.0892105102539	0.11999998241663	-7.95103597640991
0.129999980330467	-0.212292522192001	0.129999980330467	13.7226285934448	0.129999980330467	17.9392242431641	0.129999980330467	16.2558345794678	0.129999980330467	24.1559600830078	0.129999980330467	17.4812278747559	0.129999980330467	31.6701602935791	0.129999980330467	15.3107643127441	0.129999980330467	27.0892105102539	0.129999980330467	-7.95103597640991
0.139999985694885	-0.212292686104774	0.139999985694885	13.7226285934448	0.139999985694885	17.9392242431641	0.139999985694885	16.2558345794678	0.139999985694885	24.1559600830078	0.139999985694885	17.4812278747559	0.139999985694885	31.6701602935791	0.139999985694885	15.3107643127441	0.139999985694885	27.0892105102539	0.139999985694885	-7.95103597640991
0.149999991059303	-0.212292864918709	0.149999991059303	13.7226285934448	0.149999991059303	17.9392242431641	0.149999991059303	16.2558345794678	0.149999991059303	24.1559600830078	0.149999991059303	17.4812278747559	0.149999991059303	31.6701602935791	0.149999991059303	15.3107643127441	0.149999991059303	27.0892105102539	0.149999991059303	-7.95103597640991
0.159999996423721	-0.212293043732643	0.159999996423721	13.7226285934448	0.159999996423721	17.9392242431641	0.159999996423721	16.2558345794678	0.159999996423721	24.1559600830078	0.159999996423721	17.4812278747559	0.159999996423721	31.6701602935791	0.159999996423721	15.3107643127441	0.159999996423721	27.0892086029053	0.159999996423721	-7.95103597640991
0.170000001788139	-0.212293192744255	0.170000001788139	13.7226285934448	0.170000001788139	17.9392242431641	0.170000001788139	16.2558345794678	0.170000001788139	24.1559600830078	0.170000001788139	17.4812278747559	0.170000001788139	31.6701602935791	0.170000001788139	15.3107643127441	0.170000001788139	27.0892066955566	0.170000001788139	-7.95103597640991
0.180000007152557	-0.212293356657028	0.180000007152557	13.7226285934448	0.180000007152557	17.9392242431641	0.180000007152557	16.2558345794678	0.180000007152557	24.1559600830078	0.180000007152557	17.4812278747559	0.180000007152557	31.6701602935791	0.180000007152557	15.3107643127441	0.180000007152557	27.089204788208	0.180000007152557	-7.95103597640991
0.190000012516975	-0.212293520569801	0.190000012516975	13.7226285934448	0.190000012516975	17.9392242431641	0.190000012516975	16.2558345794678	0.190000012516975	24.1559600830078	0.190000012516975	17.4812278747559	0.190000012516975	31.6701602935791	0.190000012516975	15.3107643127441	0.190000012516975	27.0892028808594	0.190000012516975	-7.95103597640991
0.200000017881393	-0.212293684482574	0.200000017881393	13.7226285934448	0.200000017881393	17.9392242431641	0.200000017881393	16.2558345794678	0.200000017881393	24.1559600830078	0.200000017881393	17.4812278747559	0.200000017881393	31.6701602935791	0.200000017881393	15.3107643127441	0.200000017881393	27.0892028808594	0.200000017881393	-7.95103597640991
0.210000023245811	-0.212293818593025	0.210000023245811	13.7226285934448	0.210000023245811	17.9392242431641	0.210000023245811	16.2558345794678	0.210000023245811	24.1559600830078	0.210000023245811	17.4812278747559	0.210000023245811	31.6701602935791	0.210000023245811	15.3107643127441	0.210000023245811	27.0892009735107	0.210000023245811	-7.95103597640991
0.22000002861023	-0.212293967604637	0.22000002861023	13.7226285934448	0.22000002861023	17.9392242431641	0.22000002861023	16.2558345794678	0.22000002861023	24.1559600830078	0.22000002861023	17.4812278747559	0.22000002861023	31.6701602935791	0.22000002861023	15.3107643127441	0.22000002861023	27.0891990661621	0.22000002861023	-7.95103597640991
0.230000033974648	-0.212294101715088	0.230000033974648	13.7226285934448	0.230000033974648	17.9392242431641	0.230000033974648	16.2558345794678	0.230000033974648	24.1559600830078	0.230000033974648	17.4812278747559	0.230000033974648	31.6701602935791	0.230000033974648	15.3107643127441	0.230000033974648	27.0891971588135	0.230000033974648	-7.95103597640991
0.240000039339066	-0.212294265627861	0.240000039339066	13.7226285934448	0.240000039339066	17.9392242431641	0.240000039339066	16.2558345794678	0.240000039339066	24.1559600830078	0.240000039339066	17.4812278747559	0.240000039339066	31.6701602935791	0.240000039339066	15.3107643127441	0.240000039339066	27.0891952514648	0.240000039339066	-7.95103597640991
0.250000029802322	-0.212294414639473	0.250000029802322	13.7226285934448	0.250000029802322	17.9392242431641	0.250000029802322	16.2558345794678	0.250000029802322	24.1559600830078	0.250000029802322	17.4812278747559	0.250000029802322	31.6701602935791	0.250000029802322	15.3107643127441	0.250000029802322	27.0891952514648	0.250000029802322	-7.95103597640991
0.260000020265579	-0.212294563651085	0.260000020265579	13.7226285934448	0.260000020265579	17.9392242431641	0.260000020265579	16.2558345794678	0.260000020265579	24.1559600830078	0.260000020265579	17.4812278747559	0.260000020265579	31.6701602935791	0.260000020265579	15.3107643127441	0.260000020265579	27.0891952514648	0.260000020265579	-7.95103597640991
0.270000010728836	-0.212294697761536	0.270000010728836	13.7226285934448	0.270000010728836	17.9392242431641	0.270000010728836	16.2558345794678	0.270000010728836	24.1559600830078	0.270000010728836	17.4812278747559	0.270000010728836	31.6701602935791	0.270000010728836	15.3107643127441	0.270000010728836	27.0891952514648	0.270000010728836	-7.95103597640991
0.280000001192093	-0.212294831871986	0.280000001192093	13.7226285934448	0.280000001192093	17.9392242431641	0.280000001192093	16.2558345794678	0.280000001192093	24.1559600830078	0.280000001192093	17.4812278747559	0.280000001192093	31.6701602935791	0.280000001192093	15.3107643127441	0.280000001192093	27.0891952514648	0.280000001192093	-7.95103597640991
0.28999999165535	-0.212294965982437	0.28999999165535	13.7226276397705	0.28999999165535	17.9392242431641	0.28999999165535	16.2558345794678	0.28999999165535	24.1559600830078	0.28999999165535	17.4812278747559	0.28999999165535	31.6701602935791	0.28999999165535	15.3107643127441	0.28999999165535	27.0891952514648	0.28999999165535	-7.95103597640991
0.299999982118607	-0.212295100092888	0.299999982118607	13.7226266860962	0.299999982118607	17.9392242431641	0.299999982118607	16.2558345794678	0.299999982118607	24.1559600830078	0.299999982118607	17.4812278747559	0.299999982118607	31.6701602935791	0.299999982118607	15.3107643127441	0.299999982118607	27.0891952514648	0.299999982118607	-7.95103597640991
0.309999972581863	-0.212295219302177	0.309999972581863	13.7226257324219	0.309999972581863	17.9392242431641	0.309999972581863	16.2558345794678	0.309999972581863	24.1559600830078	0.309999972581863	17.4812278747559	0.309999972581863	31.6701602935791	0.309999972581863	15.3107643127441	0.309999972581863	27.0891952514648	0.309999972581863	-7.95103597640991
0.31999996304512	-0.212295338511467	0.31999996304512	13.7226247787476	0.31999996304512	17.9392242431641	0.31999996304512	16.2558345794678	0.31999996304512	24.1559600830078	0.31999996304512	17.4812278747559	0.31999996304512	31.6701602935791	0.31999996304512	15.3107643127441	0.31999996304512	27.0891952514648	0.31999996304512	-7.95103597640991
0.329999953508377	-0.212295457720757	0.329999953508377	13.7226238250732	0.329999953508377	17.9392242431641	0.329999953508377	16.2558345794678	0.329999953508377	24.1559600830078	0.329999953508377	17.4812278747559	0.329999953508377	31.6701602935791	0.329999953508377	15.3107643127441	0.329999953508377	27.0891952514648	0.329999953508377	-7.95103597640991
0.339999943971634	-0.212295562028885	0.339999943971634	13.7226228713989	0.339999943971634	17.9392242431641	0.339999943971634	16.2558345794678	0.339999943971634	24.1559600830078	0.339999943971634	17.4812278747559	0.339999943971634	31.6701602935791	0.339999943971634	15.3107643127441	0.339999943971634	27.0891952514648	0.339999943971634	-7.95103597640991
0.349999934434891	-0.212295651435852	0.349999934434891	13.7226228713989	0.349999934434891	17.9392242431641	0.349999934434891	16.2558345794678	0.349999934434891	24.1559600830078	0.349999934434891	17.4812278747559	0.349999934434891	31.6701602935791	0.349999934434891	15.3107643127441	0.349999934434891	27.0891952514648	0.349999934434891	-7.95103597640991
0.359999924898148	-0.212295740842819	0.359999924898148	13.7226228713989	0.359999924898148	17.9392242431641	0.359999924898148	16.2558345794678	0.359999924898148	24.1559600830078	0.359999924898148	17.4812278747559	0.359999924898148	31.6701602935791	0.359999924898148	15.3107643127441	0.359999924898148	27.0891952514648	0.359999924898148	-7.95103597640991
0.369999915361404	-0.212295815348625	0.369999915361404	13.7226228713989	0.369999915361404	17.9392242431641	0.369999915361404	16.2558345794678	0.369999915361404	24.1559600830078	0.369999915361404	17.4812278747559	0.369999915361404	31.6701602935791	0.369999915361404	15.3107643127441	0.369999915361404	27.0891952514648	0.369999915361404	-7.95103597640991
0.379999905824661	-0.21229587495327	0.379999905824661	13.7226228713989	0.379999905824661	17.9392242431641	0.379999905824661	16.2558345794678	0.379999905824661	24.1559600830078	0.379999905824661	17.4812278747559	0.379999905824661	31.6701602935791	0.379999905824661	15.3107643127441	0.379999905824661	27.0891952514648	0.379999905824661	-7.95103597640991
0.389999896287918	-0.212295934557915	0.389999896287918	13.7226228713989	0.389999896287918	17.9392242431641	0.389999896287918	16.2558345794678	0.389999896287918	24.1559600830078	0.389999896287918	17.4812278747559	0.389999896287918	31.6701602935791	0.389999896287918	15.3107643127441	0.389999896287918	27.0891952514648	0.389999896287918	-7.95103597640991
0.399999886751175	-0.212295979261398	0.399999886751175	13.7226228713989	0.399999886751175	17.9392242431641	0.399999886751175	16.2558345794678	0.399999886751175	24.1559600830078	0.399999886751175	17.4812278747559	0.399999886751175	31.6701602935791	0.399999886751175	15.3107643127441	0.399999886751175	27.0891952514648	0.399999886751175	-7.95103597640991
0.409999877214432	-0.21229599416256	0.409999877214432	13.7226228713989	0.409999877214432	17.9392242431641	0.409999877214432	16.2558345794678	0.409999877214432	24.1559600830078	0.409999877214432	17.4812278747559	0.409999877214432	31.6701602935791	0.409999877214432	15.3107643127441	0.409999877214432	27.0891952514648	0.409999877214432	-7.95103597640991
0.419999867677689	-0.212296023964882	0.419999867677689	13.7226228713989	0.419999867677689	17.9392242431641	0.419999867677689	16.2558345794678	0.419999867677689	24.1559600830078	0.419999867677689	17.4812278747559	0.419999867677689	31.6701602935791	0.419999867677689	15.3107643127441	0.419999867677689	27.0891952514648	0.419999867677689	-7.95103597640991
0.429999858140945	-0.212296038866043	0.429999858140945	13.7226228713989	0.429999858140945	17.9392242431641	0.429999858140945	16.2558345794678	0.429999858140945	24.1559600830078	0.429999858140945	17.4812278747559	0.429999858140945	31.6701602935791	0.429999858140945	15.3107643127441	0.429999858140945	27.0891952514648	0.429999858140945	-7.95103597640991
0.439999848604202	-0.212296023964882	0.439999848604202	13.7226228713989	0.439999848604202	17.9392242431641	0.439999848604202	16.2558345794678	0.439999848604202	24.1559600830078	0.439999848604202	17.4812278747559	0.439999848604202	31.6701602935791	0.439999848604202	15.3107643127441	0.439999848604202	27.0891952514648	0.439999848604202	-7.95103597640991
0.449999839067459	-0.212296023964882	0.449999839067459	13.7226228713989	0.449999839067459	17.9392242431641	0.449999839067459	16.2558345794678	0.449999839067459	24.1559600830078	0.449999839067459	17.4812278747559	0.449999839067459	31.6701602935791	0.449999839067459	15.3107643127441	0.449999839067459	27.0891952514648	0.449999839067459	-7.95103597640991
0.459999829530716	-0.21229599416256	0.459999829530716	13.7226228713989	0.459999829530716	17.9392242431641	0.459999829530716	16.2558345794678	0.459999829530716	24.1559600830078	0.459999829530716	17.4812278747559	0.459999829530716	31.6701602935791	0.459999829530716	15.3107643127441	0.459999829530716	27.0891952514648	0.459999829530716	-7.95103597640991
0.469999819993973	-0.212295979261398	0.469999819993973	13.7226228713989	0.469999819993973	17.9392242431641	0.469999819993973	16.2558345794678	0.469999819993973	24.1559600830078	0.469999819993973	17.4812278747559	0.469999819993973	31.6701602935791	0.469999819993973	15.3107643127441	0.469999819993973	27.0891952514648	0.469999819993973	-7.95103597640991
0.47999981045723	-0.212295934557915	0.47999981045723	13.7226228713989	0.47999981045723	17.9392242431641	0.47999981045723	16.2558345794678	0.47999981045723	24.1559600830078	0.47999981045723	17.4812278747559	0.47999981045723	31.6701602935791	0.47999981045723	15.3107643127441	0.47999981045723	27.0891952514648	0.47999981045723	-7.95103597640991
0.489999800920486	-0.212295860052109	0.489999800920486	13.7226228713989	0.489999800920486	17.9392242431641	0.489999800920486	16.2558345794678	0.489999800920486	24.1559600830078	0.489999800920486	17.4812278747559	0.489999800920486	31.6701602935791	0.489999800920486	15.3107643127441	0.489999800920486	27.0891952514648	0.489999800920486	-7.95103597640991
0.499999791383743	-0.212295785546303	0.499999791383743	13.7226228713989	0.499999791383743	17.9392242431641	0.499999791383743	16.2558345794678	0.499999791383743	24.1559600830078	0.499999791383743	17.4812278747559	0.499999791383743	31.6701602935791	0.499999791383743	15.3107643127441	0.499999791383743	27.0891952514648	0.499999791383743	-7.95103597640991
0.509999811649322	-0.212295711040497	0.509999811649322	13.7226228713989	0.509999811649322	17.9392242431641	0.509999811649322	16.2558345794678	0.509999811649322	24.1559600830078	0.509999811649322	17.4812278747559	0.509999811649322	31.6701602935791	0.509999811649322	15.3107643127441	0.509999811649322	27.0891952514648	0.509999811649322	-7.95103597640991
0.519999802112579	-0.212295606732368	0.519999802112579	13.7226228713989	0.519999802112579	17.9392242431641	0.519999802112579	16.2558345794678	0.519999802112579	24.1559600830078	0.519999802112579	17.4812278747559	0.519999802112579	31.6701602935791	0.519999802112579	15.3107643127441	0.519999802112579	27.0891952514648	0.519999802112579	-7.95103597640991
0.529999792575836	-0.21229550242424	0.529999792575836	13.7226228713989	0.529999792575836	17.9392242431641	0.529999792575836	16.2558345794678	0.529999792575836	24.1559600830078	0.529999792575836	17.4812278747559	0.529999792575836	31.6701602935791	0.529999792575836	15.3107643127441	0.529999792575836	27.0891952514648	0.529999792575836	-7.95103597640991
0.539999783039093	-0.212295398116112	0.539999783039093	13.7226228713989	0.539999783039093	17.9392242431641	0.539999783039093	16.2558345794678	0.539999783039093	24.1559600830078	0.539999783039093	17.4812278747559	0.539999783039093	31.6701602935791	0.539999783039093	15.3107643127441	0.539999783039093	27.0891952514648	0.539999783039093	-7.95103597640991
0.54999977350235	-0.212295293807983	0.54999977350235	13.7226228713989	0.54999977350235	17.9392242431641	0.54999977350235	16.2558345794678	0.54999977350235	24.1559600830078	0.54999977350235	17.4812278747559	0.54999977350235	31.6701602935791	0.54999977350235	15.3107643127441	0.54999977350235	27.0891952514648	0.54999977350235	-7.95103597640991
0.559999763965607	-0.212295174598694	0.559999763965607	13.7226228713989	0.559999763965607	17.9392242431641	0.559999763965607	16.2558345794678	0.559999763965607	24.1559600830078	0.559999763965607	17.4812278747559	0.559999763965607	31.6701602935791	0.559999763965607	15.3107643127441	0.559999763965607	27.0891952514648	0.559999763965607	-7.95103597640991
0.569999754428864	-0.212295025587082	0.569999754428864	13.7226228713989	0.569999754428864	17.9392242431641	0.569999754428864	16.2558345794678	0.569999754428864	24.1559600830078	0.569999754428864	17.4812278747559	0.569999754428864	31.6701602935791	0.569999754428864	15.3107643127441	0.569999754428864	27.0891952514648	0.569999754428864	-7.95103597640991
0.57999974489212	-0.212294891476631	0.57999974489212	13.7226228713989	0.57999974489212	17.9392242431641	0.57999974489212	16.2558345794678	0.57999974489212	24.1559600830078	0.57999974489212	17.4812278747559	0.57999974489212	31.6701602935791	0.57999974489212	15.3107643127441	0.57999974489212	27.0891952514648	0.57999974489212	-7.95103597640991
0.589999735355377	-0.21229475736618	0.589999735355377	13.7226228713989	0.589999735355377	17.9392242431641	0.589999735355377	16.2558345794678	0.589999735355377	24.1559600830078	0.589999735355377	17.4812278747559	0.589999735355377	31.6701602935791	0.589999735355377	15.3107643127441	0.589999735355377	27.0891952514648	0.589999735355377	-7.95103597640991
0.599999725818634	-0.21229462325573	0.599999725818634	13.7226228713989	0.599999725818634	17.9392242431641	0.599999725818634	16.2558345794678	0.599999725818634	24.1559600830078	0.599999725818634	17.4812278747559	0.599999725818634	31.6701602935791	0.599999725818634	15.3107643127441	0.599999725818634	27.0891952514648	0.599999725818634	-7.95103597640991
0.609999716281891	-0.212294489145279	0.609999716281891	13.7226228713989	0.609999716281891	17.9392242431641	0.609999716281891	16.2558345794678	0.609999716281891	24.1559600830078	0.609999716281891	17.4812278747559	0.609999716281891	31.6701602935791	0.609999716281891	15.3107643127441	0.609999716281891	27.0891952514648	0.609999716281891	-7.95103597640991
0.619999706745148	-0.212294369935989	0.619999706745148	13.7226228713989	0.619999706745148	17.9392242431641	0.619999706745148	16.2558345794678	0.619999706745148	24.1559600830078	0.619999706745148	17.4812278747559	0.619999706745148	31.6701602935791	0.619999706745148	15.3107643127441	0.619999706745148	27.0891952514648	0.619999706745148	-7.95103597640991
0.629999697208404	-0.212294235825539	0.629999697208404	13.7226228713989	0.629999697208404	17.9392242431641	0.629999697208404	16.2558345794678	0.629999697208404	24.1559600830078	0.629999697208404	17.4812278747559	0.629999697208404	31.6701602935791	0.629999697208404	15.3107643127441	0.629999697208404	27.0891952514648	0.629999697208404	-7.95103597640991
0.639999687671661	-0.212294101715088	0.639999687671661	13.7226228713989	0.639999687671661	17.9392242431641	0.639999687671661	16.2558345794678	0.639999687671661	24.1559600830078	0.639999687671661	17.4812278747559	0.639999687671661	31.6701602935791	0.639999687671661	15.3107643127441	0.639999687671661	27.0891952514648	0.639999687671661	-7.95103597640991
0.649999678134918	-0.212293967604637	0.649999678134918	13.7226238250732	0.649999678134918	17.9392242431641	0.649999678134918	16.2558345794678	0.649999678134918	24.1559600830078	0.649999678134918	17.4812278747559	0.649999678134918	31.6701602935791	0.649999678134918	15.3107643127441	0.649999678134918	27.0891952514648	0.649999678134918	-7.95103597640991
0.659999668598175	-0.212293833494186	0.659999668598175	13.7226247787476	0.659999668598175	17.9392242431641	0.659999668598175	16.2558345794678	0.659999668598175	24.1559600830078	0.659999668598175	17.4812278747559	0.659999668598175	31.6701602935791	0.659999668598175	15.3107643127441	0.659999668598175	27.0891952514648	0.659999668598175	-7.95103597640991
0.669999659061432	-0.212293729186058	0.669999659061432	13.7226257324219	0.669999659061432	17.9392242431641	0.669999659061432	16.2558345794678	0.669999659061432	24.1559600830078	0.669999659061432	17.4812278747559	0.669999659061432	31.6701602935791	0.669999659061432	15.3107643127441	0.669999659061432	27.0891952514648	0.669999659061432	-7.95103597640991
0.679999649524689	-0.212293609976768	0.679999649524689	13.7226266860962	0.679999649524689	17.9392242431641	0.679999649524689	16.2558345794678	0.679999649524689	24.1559600830078	0.679999649524689	17.4812278747559	0.679999649524689	31.6701602935791	0.679999649524689	15.3107643127441	0.679999649524689	27.0891952514648	0.679999649524689	-7.95103597640991
0.689999639987946	-0.21229350566864	0.689999639987946	13.7226276397705	0.689999639987946	17.9392242431641	0.689999639987946	16.2558345794678	0.689999639987946	24.1559600830078	0.689999639987946	17.4812278747559	0.689999639987946	31.6701602935791	0.689999639987946	15.3107624053955	0.689999639987946	27.0891952514648	0.689999639987946	-7.95103597640991
0.699999630451202	-0.212293401360512	0.699999630451202	13.7226285934448	0.699999630451202	17.9392242431641	0.699999630451202	16.2558345794678	0.699999630451202	24.1559600830078	0.699999630451202	17.4812278747559	0.699999630451202	31.6701602935791	0.699999630451202	15.3107604980469	0.699999630451202	27.0891952514648	0.699999630451202	-7.95103597640991
0.709999620914459	-0.212293311953545	0.709999620914459	13.7226295471191	0.709999620914459	17.9392242431641	0.709999620914459	16.2558345794678	0.709999620914459	24.1559600830078	0.709999620914459	17.4812278747559	0.709999620914459	31.6701602935791	0.709999620914459	15.3107585906982	0.709999620914459	27.0891952514648	0.709999620914459	-7.95103597640991
0.719999611377716	-0.212293207645416	0.719999611377716	13.7226295471191	0.719999611377716	17.9392242431641	0.719999611377716	16.2558345794678	0.719999611377716	24.1559600830078	0.719999611377716	17.4812278747559	0.719999611377716	31.6701602935791	0.719999611377716	15.3107566833496	0.719999611377716	27.0891952514648	0.719999611377716	-7.95103597640991
0.729999601840973	-0.212293148040771	0.729999601840973	13.7226305007935	0.729999601840973	17.9392242431641	0.729999601840973	16.2558345794678	0.729999601840973	24.1559600830078	0.729999601840973	17.4812278747559	0.729999601840973	31.6701602935791	0.729999601840973	15.3107557296753	0.729999601840973	27.0891952514648	0.729999601840973	-7.95103597640991
0.73999959230423	-0.212293103337288	0.73999959230423	13.7226305007935	0.73999959230423	17.9392242431641	0.73999959230423	16.2558345794678	0.73999959230423	24.1559600830078	0.73999959230423	17.4812278747559	0.73999959230423	31.6701602935791	0.73999959230423	15.3107557296753	0.73999959230423	27.0891952514648	0.73999959230423	-7.95103597640991
0.749999582767487	-0.212293088436127	0.749999582767487	13.7226305007935	0.749999582767487	17.9392242431641	0.749999582767487	16.2558345794678	0.749999582767487	24.1559600830078	0.749999582767487	17.4812278747559	0.749999582767487	31.6701602935791	0.749999582767487	15.3107557296753	0.749999582767487	27.0891952514648	0.749999582767487	-7.95103597640991
0.759999573230743	-0.212293088436127	0.759999573230743	13.7226305007935	0.759999573230743	17.9392242431641	0.759999573230743	16.2558345794678	0.759999573230743	24.1559600830078	0.759999573230743	17.4812278747559	0.759999573230743	31.6701602935791	0.759999573230743	15.3107557296753	0.759999573230743	27.0891952514648	0.759999573230743	-7.95103597640991
0.769999563694	-0.212293103337288	0.769999563694	13.7226305007935	0.769999563694	17.9392242431641	0.769999563694	16.2558345794678	0.769999563694	24.1559600830078	0.769999563694	17.4812278747559	0.769999563694	31.6701602935791	0.769999563694	15.3107557296753	0.769999563694	27.0891952514648	0.769999563694	-7.95103597640991
0.779999554157257	-0.212293148040771	0.779999554157257	13.7226305007935	0.779999554157257	17.9392242431641	0.779999554157257	16.2558345794678	0.779999554157257	24.1559600830078	0.779999554157257	17.4812278747559	0.779999554157257	31.6701602935791	0.779999554157257	15.3107557296753	0.779999554157257	27.0891952514648	0.779999554157257	-7.95103597640991
0.789999544620514	-0.212293207645416	0.789999544620514	13.7226305007935	0.789999544620514	17.9392242431641	0.789999544620514	16.2558345794678	0.789999544620514	24.1559600830078	0.789999544620514	17.4812278747559	0.789999544620514	31.6701602935791	0.789999544620514	15.3107557296753	0.789999544620514	27.0891952514648	0.789999544620514	-7.95103597640991
0.799999535083771	-0.212293297052383	0.799999535083771	13.7226305007935	0.799999535083771	17.9392242431641	0.799999535083771	16.2558345794678	0.799999535083771	24.1559600830078	0.799999535083771	17.4812278747559	0.799999535083771	31.6701602935791	0.799999535083771	15.3107557296753	0.799999535083771	27.0891952514648	0.799999535083771	-7.95103597640991
0.809999525547028	-0.212293386459351	0.809999525547028	13.7226305007935	0.809999525547028	17.9392242431641	0.809999525547028	16.2558345794678	0.809999525547028	24.1559600830078	0.809999525547028	17.4812278747559	0.809999525547028	31.6701602935791	0.809999525547028	15.3107557296753	0.809999525547028	27.0891952514648	0.809999525547028	-7.95103597640991
0.819999516010284	-0.21229350566864	0.819999516010284	13.7226305007935	0.819999516010284	17.9392242431641	0.819999516010284	16.2558345794678	0.819999516010284	24.1559600830078	0.819999516010284	17.4812278747559	0.819999516010284	31.6701602935791	0.819999516010284	15.3107557296753	0.819999516010284	27.0891952514648	0.819999516010284	-7.95103597640991
0.829999506473541	-0.212293654680252	0.829999506473541	13.7226305007935	0.829999506473541	17.9392242431641	0.829999506473541	16.2558345794678	0.829999506473541	24.1559600830078	0.829999506473541	17.4812278747559	0.829999506473541	31.6701602935791	0.829999506473541	15.3107557296753	0.829999506473541	27.0891952514648	0.829999506473541	-7.95103597640991
0.839999496936798	-0.212293803691864	0.839999496936798	13.7226305007935	0.839999496936798	17.9392242431641	0.839999496936798	16.2558345794678	0.839999496936798	24.1559600830078	0.839999496936798	17.4812278747559	0.839999496936798	31.6701602935791	0.839999496936798	15.3107557296753	0.839999496936798	27.0891952514648	0.839999496936798	-7.95103597640991
0.849999487400055	-0.212293982505798	0.849999487400055	13.7226305007935	0.849999487400055	17.9392242431641	0.849999487400055	16.2558345794678	0.849999487400055	24.1559600830078	0.849999487400055	17.4812278747559	0.849999487400055	31.6701602935791	0.849999487400055	15.3107557296753	0.849999487400055	27.0891952514648	0.849999487400055	-7.95103597640991
0.859999477863312	-0.212294191122055	0.859999477863312	13.7226305007935	0.859999477863312	17.9392242431641	0.859999477863312	16.2558345794678	0.859999477863312	24.1559600830078	0.859999477863312	17.4812278747559	0.859999477863312	31.6701602935791	0.859999477863312	15.3107557296753	0.859999477863312	27.0891952514648	0.859999477863312	-7.95103597640991
0.869999468326569	-0.212294384837151	0.869999468326569	13.7226305007935	0.869999468326569	17.9392242431641	0.869999468326569	16.2558345794678	0.869999468326569	24.1559600830078	0.869999468326569	17.4812278747559	0.869999468326569	31.6701602935791	0.869999468326569	15.3107557296753	0.869999468326569	27.0891952514648	0.869999468326569	-7.95103597640991
0.879999458789825	-0.212294608354568	0.879999458789825	13.7226305007935	0.879999458789825	17.9392242431641	0.879999458789825	16.2558345794678	0.879999458789825	24.1559600830078	0.879999458789825	17.4812278747559	0.879999458789825	31.6701602935791	0.879999458789825	15.3107557296753	0.879999458789825	27.0891952514648	0.879999458789825	-7.95103597640991
0.889999449253082	-0.212294831871986	0.889999449253082	13.7226305007935	0.889999449253082	17.9392242431641	0.889999449253082	16.2558345794678	0.889999449253082	24.1559600830078	0.889999449253082	17.4812278747559	0.889999449253082	31.6701602935791	0.889999449253082	15.3107557296753	0.889999449253082	27.0891952514648	0.889999449253082	-7.95103597640991
0.899999439716339	-0.212295040488243	0.899999439716339	13.7226305007935	0.899999439716339	17.9392242431641	0.899999439716339	16.2558345794678	0.899999439716339	24.1559600830078	0.899999439716339	17.4812278747559	0.899999439716339	31.6701602935791	0.899999439716339	15.3107557296753	0.899999439716339	27.0891952514648	0.899999439716339	-7.95103597640991
0.909999430179596	-0.212295264005661	0.909999430179596	13.7226305007935	0.909999430179596	17.9392242431641	0.909999430179596	16.2558345794678	0.909999430179596	24.1559600830078	0.909999430179596	17.4812278747559	0.909999430179596	31.6701602935791	0.909999430179596	15.3107557296753	0.909999430179596	27.0891952514648	0.909999430179596	-7.95103597640991
0.919999420642853	-0.212295472621918	0.919999420642853	13.7226305007935	0.919999420642853	17.9392242431641	0.919999420642853	16.2558345794678	0.919999420642853	24.1559600830078	0.919999420642853	17.4812278747559	0.919999420642853	31.6701602935791	0.919999420642853	15.3107557296753	0.919999420642853	27.0891952514648	0.919999420642853	-7.95103597640991
0.92999941110611	-0.212295696139336	0.92999941110611	13.7226305007935	0.92999941110611	17.9392242431641	0.92999941110611	16.2558345794678	0.92999941110611	24.1559600830078	0.92999941110611	17.4812259674072	0.92999941110611	31.6701602935791	0.92999941110611	15.3107557296753	0.92999941110611	27.0891971588135	0.92999941110611	-7.95103597640991
0.939999401569366	-0.212295904755592	0.939999401569366	13.7226305007935	0.939999401569366	17.9392242431641	0.939999401569366	16.2558345794678	0.939999401569366	24.1559600830078	0.939999401569366	17.4812240600586	0.939999401569366	31.6701602935791	0.939999401569366	15.3107557296753	0.939999401569366	27.0891990661621	0.939999401569366	-7.95103597640991
0.949999392032623	-0.212296113371849	0.949999392032623	13.7226305007935	0.949999392032623	17.9392242431641	0.949999392032623	16.2558345794678	0.949999392032623	24.1559600830078	0.949999392032623	17.48122215271	0.949999392032623	31.6701602935791	0.949999392032623	15.3107557296753	0.949999392032623	27.0892009735107	0.949999392032623	-7.95103597640991
0.95999938249588	-0.212296336889267	0.95999938249588	13.7226305007935	0.95999938249588	17.9392242431641	0.95999938249588	16.2558345794678	0.95999938249588	24.1559600830078	0.95999938249588	17.48122215271	0.95999938249588	31.6701602935791	0.95999938249588	15.3107557296753	0.95999938249588	27.0892028808594	0.95999938249588	-7.95103597640991
0.969999372959137	-0.212296530604362	0.969999372959137	13.7226305007935	0.969999372959137	17.9392242431641	0.969999372959137	16.2558345794678	0.969999372959137	24.1559600830078	0.969999372959137	17.48122215271	0.969999372959137	31.6701602935791	0.969999372959137	15.3107557296753	0.969999372959137	27.0892028808594	0.969999372959137	-7.95103597640991
0.979999363422394	-0.212296709418297	0.979999363422394	13.7226305007935	0.979999363422394	17.9392242431641	0.979999363422394	16.2558345794678	0.979999363422394	24.1559600830078	0.979999363422394	17.48122215271	0.979999363422394	31.6701602935791	0.979999363422394	15.3107557296753	0.979999363422394	27.089204788208	0.979999363422394	-7.95103597640991
0.989999353885651	-0.21229687333107	0.989999353885651	13.7226305007935	0.989999353885651	17.9392242431641	0.989999353885651	16.2558345794678	0.989999353885651	24.1559600830078	0.989999353885651	17.48122215271	0.989999353885651	31.6701602935791	0.989999353885651	15.3107557296753	0.989999353885651	27.0892066955566	0.989999353885651	-7.95103597640991
0.999999344348908	-0.212297022342682	0.999999344348908	13.7226305007935	0.999999344348908	17.9392242431641	0.999999344348908	16.2558345794678	0.999999344348908	24.1559600830078	0.999999344348908	17.48122215271	0.999999344348908	31.6701602935791	0.999999344348908	15.3107557296753	0.999999344348908	27.0892086029053	0.999999344348908	-7.95103597640991
0.999999344348908	-0.212297022342682	0.999999344348908	13.7226305007935	0.999999344348908	17.9392242431641	0.999999344348908	16.2558345794678	0.999999344348908	24.1559600830078	0.999999344348908	17.48122215271	0.999999344348908	31.6701602935791	0.999999344348908	15.3107557296753	0.999999344348908	27.0892086029053	0.999999344348908	-7.95103597640991
1.00999939441681	-0.212297141551971	1.00999939441681	13.7226305007935	1.00999939441681	17.9392242431641	1.00999939441681	16.2558345794678	1.00999939441681	24.1559600830078	1.00999939441681	17.48122215271	1.00999939441681	31.6701602935791	1.00999939441681	15.3107557296753	1.00999939441681	27.0892105102539	1.00999939441681	-7.95103597640991
1.01999938488007	-0.152029037475586	1.01999938488007	13.7962522506714	1.01999938488007	18.0171394348145	1.01999938488007	16.3499069213867	1.01999938488007	24.2177314758301	1.01999938488007	17.5673370361328	1.01999938488007	31.7676467895508	1.01999938488007	15.4482831954956	1.01999938488007	27.2091598510742	1.01999938488007	-7.95112180709839
1.02999937534332	-0.0114301592111588	1.02999937534332	13.9679956436157	1.02999937534332	18.1988964080811	1.02999937534332	16.5693454742432	1.02999937534332	24.361837387085	1.02999937534332	17.768217086792	1.02999937534332	31.995044708252	1.02999937534332	15.7690420150757	1.02999937534332	27.4889297485352	1.02999937534332	-7.95132112503052
1.03999936580658	0.175990268588066	1.03999936580658	14.1967945098877	1.03999936580658	18.4410552978516	1.03999936580658	16.8616161346436	1.03999936580658	24.5541591644287	1.03999936580658	18.0359859466553	1.03999936580658	32.2979927062988	1.03999936580658	16.1964244842529	1.03999936580658	27.8617057800293	1.03999936580658	-7.95154762268066
1.04999935626984	0.416919767856598	1.04999935626984	14.4906120300293	1.04999935626984	18.752082824707	1.04999935626984	17.2368125915527	1.04999935626984	24.8019256591797	1.04999935626984	18.3802280426025	1.04999935626984	32.6870918273926	1.04999935626984	16.7455615997314	1.04999935626984	28.3406524658203	1.04999935626984	-7.95173978805542
1.05999934673309	0.711341559886932	1.05999934673309	14.849217414856	1.05999934673309	19.1317749023438	1.05999934673309	17.6945610046387	1.05999934673309	25.1054916381836	1.05999934673309	18.8009357452393	1.05999934673309	33.1620903015137	1.05999934673309	17.4162635803223	1.05999934673309	28.9255809783936	1.05999934673309	-7.95183181762695
1.06999933719635	1.05923962593079	1.06999933719635	15.2723217010498	1.06999933719635	19.5798759460449	1.06999933719635	18.2343883514404	1.06999933719635	25.4653263092041	1.06999933719635	19.2981204986572	1.06999933719635	33.7226753234863	1.06999933719635	18.2083129882813	1.06999933719635	29.6162700653076	1.06999933719635	-7.95173311233521
1.07999932765961	1.46059823036194	1.07999932765961	15.7595958709717	1.07999932765961	20.0960960388184	1.07999932765961	18.8557605743408	1.07999932765961	25.8819751739502	1.07999932765961	19.8717956542969	1.07999932765961	34.3684844970703	1.07999932765961	19.1214714050293	1.07999932765961	30.4124698638916	1.07999932765961	-7.95134019851685
1.08999931812286	1.91540145874023	1.08999931812286	16.3106689453125	1.08999931812286	20.6801090240479	1.08999931812286	19.5580711364746	1.08999931812286	26.3560695648193	1.08999931812286	20.5219802856445	1.08999931812286	35.0991363525391	1.08999931812286	20.1554794311523	1.08999931812286	31.3139038085937	1.08999931812286	-7.95053243637085
1.09999930858612	2.42363381385803	1.09999930858612	16.9251251220703	1.09999930858612	21.3315505981445	1.09999930858612	20.3406600952148	1.09999930858612	26.8883075714111	1.09999930858612	21.2486953735352	1.09999930858612	35.914176940918	1.09999930858612	21.3100566864014	1.09999930858612	32.3202705383301	1.09999930858612	-7.94917583465576
1.10999929904938	2.98527860641479	1.10999929904938	17.602518081665	1.10999929904938	22.05002784729	1.10999929904938	21.2028102874756	1.10999929904938	27.4794654846191	1.10999929904938	22.0519676208496	1.10999929904938	36.8131408691406	1.10999929904938	22.5848999023438	1.10999929904938	33.4312515258789	1.10999929904938	-7.94711828231812
1.11999928951263	3.60032105445862	1.11999928951263	18.3423633575439	1.11999928951263	22.8351154327393	1.11999928951263	22.1437473297119	1.11999928951263	28.1303882598877	1.11999928951263	22.931827545166	1.11999928951263	37.7955131530762	1.11999928951263	23.9796848297119	1.11999928951263	34.646484375	1.11999928951263	-7.94419479370117
1.12999927997589	4.26874494552612	1.12999927997589	19.1441478729248	1.12999927997589	23.6863632202148	1.12999927997589	23.1626625061035	1.12999927997589	28.8419799804687	1.12999927997589	23.8883075714111	1.12999927997589	38.8607559204102	1.12999927997589	25.4940719604492	1.12999927997589	35.9656105041504	1.12999927997589	-7.94022464752197
1.13999927043915	4.99053430557251	1.13999927043915	20.0073280334473	1.13999927043915	24.6032943725586	1.13999927043915	24.2587070465088	1.13999927043915	29.6152114868164	1.13999927043915	24.9214382171631	1.13999927043915	40.0082969665527	1.13999927043915	27.1277046203613	1.13999927043915	37.3882369995117	1.13999927043915	-7.93501234054565
1.1499992609024	5.76567459106445	1.1499992609024	20.9313411712646	1.1499992609024	25.5854072570801	1.1499992609024	25.4309997558594	1.1499992609024	30.4511051177978	1.1499992609024	26.03125	1.1499992609024	41.2375373840332	1.1499992609024	28.8802013397217	1.1499992609024	38.9139556884766	1.1499992609024	-7.92834901809692
1.15999925136566	6.59414863586426	1.15999925136566	21.9155979156494	1.15999925136566	26.6321887969971	1.15999925136566	26.6786327362061	1.15999925136566	31.3507328033447	1.15999925136566	27.2177791595459	1.15999925136566	42.5478630065918	1.15999925136566	30.7511749267578	1.15999925136566	40.5423316955566	1.15999925136566	-7.9200119972229
1.16999924182892	7.4759407043457	1.16999924182892	22.9594993591309	1.16999924182892	27.7431049346924	1.16999924182892	28.0006885528564	1.16999924182892	32.3152084350586	1.16999924182892	28.481050491333	1.16999924182892	43.9386329650879	1.16999924182892	32.7402153015137	1.16999924182892	42.2729263305664	1.16999924182892	-7.9097638130188
1.17999923229218	8.41103553771973	1.17999923229218	24.062427520752	1.17999923229218	28.9176139831543	1.17999923229218	29.3962364196777	1.17999923229218	33.3456878662109	1.17999923229218	29.8210945129395	1.17999923229218	45.4091987609863	1.17999923229218	34.8469085693359	1.17999923229218	44.1052780151367	1.17999923229218	-7.89735794067383
1.18999922275543	9.39941883087158	1.18999922275543	25.2237701416016	1.18999922275543	30.1551628112793	1.18999922275543	30.8643436431885	1.18999922275543	34.4433631896973	1.18999922275543	31.2379322052002	1.18999922275543	46.9589004516602	1.18999922275543	37.0708198547363	1.18999922275543	46.0389251708984	1.18999922275543	-7.88253021240234
1.19999921321869	10.4410724639893	1.19999921321869	26.4428958892822	1.19999921321869	31.4551963806152	1.19999921321869	32.4040908813477	1.19999921321869	35.6094512939453	1.19999921321869	32.7315864562988	1.19999921321869	48.5870780944824	1.19999921321869	39.4115104675293	1.19999921321869	48.0733909606934	1.19999921321869	-7.86500930786133
1.20999920368195	11.535982131958	1.20999920368195	27.7191886901855	1.20999920368195	32.8171653747559	1.20999920368195	34.0145683288574	1.20999920368195	36.8451919555664	1.20999920368195	34.3020706176758	1.20999920368195	50.2930526733398	1.20999920368195	41.8685264587402	1.20999920368195	50.208179473877	1.20999920368195	-7.84451007843018
1.2199991941452	12.6841316223145	1.2199991941452	29.0520343780518	1.2199991941452	34.2405128479004	1.2199991941452	35.6948852539063	1.2199991941452	38.1518363952637	1.2199991941452	35.949405670166	1.2199991941452	52.0761680603027	1.2199991941452	44.4414215087891	1.2199991941452	52.4428024291992	1.2199991941452	-7.82073926925659
1.22999918460846	13.8855056762695	1.22999918460846	30.4408416748047	1.22999918460846	35.7247047424316	1.22999918460846	37.4441871643066	1.22999918460846	39.5306434631348	1.22999918460846	37.6735954284668	1.22999918460846	53.9357604980469	1.22999918460846	47.1297264099121	1.22999918460846	54.7767639160156	1.22999918460846	-7.79339122772217
1.23999917507172	15.1400880813599	1.23999917507172	31.8850288391113	1.23999917507172	37.2692184448242	1.23999917507172	39.2616539001465	1.23999917507172	40.9828872680664	1.23999917507172	39.4746360778809	1.23999917507172	55.8711853027344	1.23999917507172	49.9329795837402	1.23999917507172	57.2095680236816	1.23999917507172	-7.76215314865112
1.24999916553497	16.4478645324707	1.24999916553497	33.3840408325195	1.24999916553497	38.8735427856445	1.24999916553497	41.1465187072754	1.24999916553497	42.5098304748535	1.24999916553497	41.3525390625	1.24999916553497	57.8818092346191	1.24999916553497	52.850715637207	1.24999916553497	59.7407150268555	1.24999916553497	-7.72670555114746
1.25999915599823	17.80881690979	1.25999915599823	34.9373588562012	1.25999915599823	40.5372085571289	1.25999915599823	43.0980529785156	1.25999915599823	44.112735748291	1.25999915599823	43.3072929382324	1.25999915599823	59.9670104980469	1.25999915599823	55.8824653625488	1.25999915599823	62.3697242736816	1.25999915599823	-7.68671989440918
1.26999914646149	19.2229328155518	1.26999914646149	36.5444946289063	1.26999914646149	42.2597618103027	1.26999914646149	45.1156005859375	1.26999914646149	45.792839050293	1.26999914646149	45.3388977050781	1.26999914646149	62.126220703125	1.26999914646149	59.0277633666992	1.26999914646149	65.0960998535156	1.26999914646149	-7.64186143875122
1.27999913692474	20.6901969909668	1.27999913692474	38.205005645752	1.27999913692474	44.0407867431641	1.27999913692474	47.1985702514648	1.27999913692474	47.5513725280762	1.27999913692474	47.4473342895508	1.27999913692474	64.3588562011719	1.27999913692474	62.2861633300781	1.27999913692474	67.9193572998047	1.27999913692474	-7.5917911529541
1.289999127388	22.2105903625488	1.289999127388	39.9185066223145	1.289999127388	45.8799171447754	1.289999127388	49.3464431762695	1.289999127388	49.3895416259766	1.289999127388	49.6326026916504	1.289999127388	66.6644134521484	1.289999127388	65.6571884155273	1.289999127388	70.8390579223633	1.289999127388	-7.53616762161255
1.29999911785126	23.7840976715088	1.29999911785126	41.6846542358398	1.29999911785126	47.7768173217773	1.29999911785126	51.558780670166	1.29999911785126	51.3085136413574	1.29999911785126	51.8946800231934	1.29999911785126	69.0423736572266	1.29999911785126	69.1404266357422	1.29999911785126	73.8547286987305	1.29999911785126	-7.47464466094971
1.30999910831451	25.4107055664062	1.30999910831451	43.503173828125	1.30999910831451	49.7312240600586	1.30999910831451	53.8352241516113	1.30999910831451	53.3094367980957	1.30999910831451	54.233570098877	1.30999910831451	71.492301940918	1.30999910831451	72.7354049682617	1.30999910831451	76.9659576416016	1.30999910831451	-7.40687561035156
1.31999909877777	27.0903987884521	1.31999909877777	45.3738594055176	1.31999909877777	51.742919921875	1.31999909877777	56.1755180358887	1.31999909877777	55.3934135437012	1.31999909877777	56.6492652893066	1.31999909877777	74.013786315918	1.31999909877777	76.4417266845703	1.31999909877777	80.1723251342773	1.31999909877777	-7.33251476287842
1.32999908924103	28.8231620788574	1.32999908924103	47.2965850830078	1.32999908924103	53.8117446899414	1.32999908924103	58.5794982910156	1.32999908924103	57.5615081787109	1.32999908924103	59.1417541503906	1.32999908924103	76.6064682006836	1.32999908924103	80.2589874267578	1.32999908924103	83.4734344482422	1.32999908924103	-7.25121545791626
1.32999908924103	28.8231620788574	1.32999908924103	47.2965850830078	1.32999908924103	53.8117446899414	1.32999908924103	58.5794982910156	1.32999908924103	57.5615081787109	1.32999908924103	59.1417541503906	1.32999908924103	76.6064682006836	1.32999908924103	80.2589874267578	1.32999908924103	83.4734344482422	1.32999908924103	-7.25121545791626
1.33999907970428	30.6089782714844	1.33999907970428	49.2712860107422	1.33999907970428	55.937629699707	1.33999907970428	61.0470924377441	1.33999907970428	59.8147468566895	1.33999907970428	61.7110595703125	1.33999907970428	79.2700271606445	1.33999907970428	84.1867752075195	1.33999907970428	86.8689346313477	1.33999907970428	-7.16263723373413
1.34999907016754	32.4306182861328	1.34999907016754	51.2329788208008	1.34999907016754	58.048282623291	1.34999907016754	63.4797668457031	1.34999907016754	62.1002655029297	1.34999907016754	64.2694549560547	1.34999907016754	81.9084320068359	1.34999907016754	87.8945007324219	1.34999907016754	90.2125625610352	1.34999907016754	-7.04881429672241
1.3599990606308	34.2867546081543	1.3599990606308	53.1618614196777	1.3599990606308	60.1211433410644	1.3599990606308	65.8457565307617	1.3599990606308	64.4020462036133	1.3599990606308	66.7883987426758	1.3599990606308	84.490966796875	1.3599990606308	91.2600250244141	1.3599990606308	93.4555130004883	1.3599990606308	-6.90216016769409
1.36999905109406	36.1874122619629	1.36999905109406	55.0947761535645	1.36999905109406	62.1969528198242	1.36999905109406	68.2006301879883	1.36999905109406	66.7507705688477	1.36999905109406	69.3168106079102	1.36999905109406	87.0711669921875	1.36999905109406	94.4654388427734	1.36999905109406	96.6787948608398	1.36999905109406	-6.73182487487793
1.37999904155731	38.1309700012207	1.37999904155731	57.0254135131836	1.37999904155731	64.2684020996094	1.37999904155731	70.5344924926758	1.37999904155731	69.1409378051758	1.37999904155731	71.845085144043	1.37999904155731	89.6388702392578	1.37999904155731	97.4731750488281	1.37999904155731	99.8661422729492	1.37999904155731	-6.53511524200439
1.38999903202057	40.1177940368652	1.38999903202057	58.954776763916	1.38999903202057	66.3363265991211	1.38999903202057	72.8485641479492	1.38999903202057	71.5729827880859	1.38999903202057	74.3733978271484	1.38999903202057	92.1946182250977	1.38999903202057	100.282402038574	1.38999903202057	103.017654418945	1.38999903202057	-6.31131982803345
1.39999902248383	42.1478424072266	1.39999902248383	60.8839111328125	1.39999902248383	68.4015960693359	1.39999902248383	75.1442337036133	1.39999902248383	74.0470657348633	1.39999902248383	76.9018783569336	1.39999902248383	94.7390213012695	1.39999902248383	102.89338684082	1.39999902248383	106.133430480957	1.39999902248383	-6.05978393554687
1.40999901294708	44.220775604248	1.40999901294708	62.8138847351074	1.40999901294708	70.465087890625	1.40999901294708	77.4230346679688	1.40999901294708	76.5631103515625	1.40999901294708	79.4306106567383	1.40999901294708	97.2726440429688	1.40999901294708	105.307174682617	1.40999901294708	109.213600158691	1.40999901294708	-5.77989482879639
1.41999900341034	46.336009979248	1.41999900341034	64.7458114624023	1.41999900341034	72.527717590332	1.41999900341034	79.686637878418	1.41999900341034	79.1208190917969	1.41999900341034	81.9596405029297	1.41999900341034	99.7961196899414	1.41999900341034	107.525497436523	1.41999900341034	112.258338928223	1.41999900341034	-5.47108173370361
1.4299989938736	48.4927062988281	1.4299989938736	66.6808090209961	1.4299989938736	74.5904312133789	1.4299989938736	81.9368057250977	1.4299989938736	81.7196807861328	1.4299989938736	84.4889831542969	1.4299989938736	102.310066223145	1.4299989938736	109.550743103027	1.4299989938736	115.267784118652	1.4299989938736	-5.13281297683716
1.43999898433685	50.689811706543	1.43999898433685	68.6200408935547	1.43999898433685	76.6541900634766	1.43999898433685	84.1754608154297	1.43999898433685	84.3589782714844	1.43999898433685	87.0186080932617	1.43999898433685	104.815124511719	1.43999898433685	111.385917663574	1.43999898433685	118.242118835449	1.43999898433685	-4.76459169387817
1.44999897480011	52.9260444641113	1.44999897480011	70.5646514892578	1.44999897480011	78.719970703125	1.44999897480011	86.4045715332031	1.44999897480011	87.0377960205078	1.44999897480011	89.5484466552734	1.44999897480011	107.311912536621	1.44999897480011	113.034591674805	1.44999897480011	121.181488037109	1.44999897480011	-4.36595582962036
1.45999896526337	55.1999320983887	1.45999896526337	72.5158462524414	1.45999896526337	80.7887649536133	1.45999896526337	88.6262054443359	1.45999896526337	89.7550048828125	1.45999896526337	92.0783996582031	1.45999896526337	109.801086425781	1.45999896526337	114.500930786133	1.45999896526337	124.086029052734	1.45999896526337	-3.93647456169128
1.46999895572662	57.5098037719727	1.46999895572662	74.4747772216797	1.46999895572662	82.8615570068359	1.46999895572662	90.8425064086914	1.46999895572662	92.5093231201172	1.46999895572662	94.6083374023437	1.46999895572662	112.283256530762	1.46999895572662	115.789642333984	1.46999895572662	126.955856323242	1.46999895572662	-3.47574687004089
1.47999894618988	59.8538017272949	1.47999894618988	76.4426345825195	1.47999894618988	84.9393463134766	1.47999894618988	93.0556335449219	1.47999894618988	95.2992935180664	1.47999894618988	97.1380767822266	1.47999894618988	114.759063720703	1.47999894618988	116.906051635742	1.47999894618988	129.791076660156	1.47999894618988	-2.98340106010437
1.48999893665314	62.2298889160156	1.48999893665314	78.4205932617187	1.48999893665314	87.0231170654297	1.48999893665314	95.2677993774414	1.48999893665314	98.1232986450195	1.48999893665314	99.6674270629883	1.48999893665314	117.229103088379	1.48999893665314	117.856063842773	1.48999893665314	132.591720581055	1.48999893665314	-2.45909214019775
1.49999892711639	64.635856628418	1.49999892711639	80.4098052978516	1.49999892711639	89.1138687133789	1.49999892711639	97.4812316894531	1.49999892711639	100.979583740234	1.49999892711639	102.196151733398	1.49999892711639	119.693984985352	1.49999892711639	118.646179199219	1.49999892711639	135.357864379883	1.49999892711639	-1.90250182151794
1.50999891757965	67.0693130493164	1.50999891757965	82.4114151000977	1.50999891757965	91.2125625610352	1.50999891757965	99.6981506347656	1.50999891757965	103.866271972656	1.50999891757965	104.724006652832	1.50999891757965	122.154312133789	1.50999891757965	119.283554077148	1.50999891757965	138.089538574219	1.50999891757965	-1.3133373260498
1.51999890804291	69.527702331543	1.51999890804291	84.4265594482422	1.51999890804291	93.3201599121094	1.51999890804291	101.920776367187	1.51999890804291	106.781379699707	1.51999890804291	107.250717163086	1.51999890804291	124.61067199707	1.51999890804291	119.776054382324	1.51999890804291	140.786727905273	1.51999890804291	-0.691330313682556
1.52999889850616	72.0082855224609	1.52999889850616	86.4563217163086	1.52999889850616	95.437614440918	1.52999889850616	104.151290893555	1.52999889850616	109.722801208496	1.52999889850616	109.776008605957	1.52999889850616	127.063598632812	1.52999889850616	120.132179260254	1.52999889850616	143.449478149414	1.52999889850616	-0.0362369678914547
1.53999888896942	74.5081787109375	1.53999888896942	88.5017623901367	1.53999888896942	97.5658340454102	1.53999888896942	106.39183807373	1.53999888896942	112.688377380371	1.53999888896942	112.299583435059	1.53999888896942	129.513702392578	1.53999888896942	120.361183166504	1.53999888896942	146.077728271484	1.53999888896942	0.652162790298462
1.54999887943268	77.0243301391602	1.54999887943268	90.5639343261719	1.54999887943268	99.7057418823242	1.54999887943268	108.644508361816	1.54999887943268	115.675888061523	1.54999887943268	114.821144104004	1.54999887943268	131.961502075195	1.54999887943268	120.47306060791	1.54999887943268	148.671524047852	1.54999887943268	1.37406527996063
1.55999886989594	79.5535583496094	1.55999886989594	92.6438217163086	1.55999886989594	101.858192443848	1.55999886989594	110.911331176758	1.55999886989594	118.683044433594	1.55999886989594	117.340423583984	1.55999886989594	134.407562255859	1.55999886989594	120.478515625	1.55999886989594	151.230895996094	1.55999886989594	2.1296443939209
1.56999886035919	82.0925140380859	1.56999886035919	94.7424011230469	1.56999886035919	104.024063110352	1.56999886035919	113.194229125977	1.56999886035919	121.707550048828	1.56999886035919	119.857116699219	1.56999886035919	136.852401733398	1.56999886035919	120.388984680176	1.56999886035919	153.755844116211	1.56999886035919	2.91904950141907
1.57999885082245	84.6377563476563	1.57999885082245	96.8605651855469	1.57999885082245	106.204162597656	1.57999885082245	115.495079040527	1.57999885082245	124.747093200684	1.57999885082245	122.370971679688	1.57999885082245	139.296630859375	1.57999885082245	120.21662902832	1.57999885082245	156.246505737305	1.57999885082245	3.74240803718567
1.58999884128571	87.1857376098633	1.58999884128571	98.9992065429688	1.58999884128571	108.399314880371	1.58999884128571	117.815628051758	1.58999884128571	127.799346923828	1.58999884128571	124.881774902344	1.58999884128571	141.740753173828	1.58999884128571	119.974311828613	1.58999884128571	158.702972412109	1.58999884128571	4.59982347488403
1.59999883174896	89.7328262329102	1.59999883174896	101.159164428711	1.59999883174896	110.610282897949	1.59999883174896	120.15754699707	1.59999883174896	130.862030029297	1.59999883174896	127.389297485352	1.59999883174896	144.185348510742	1.59999883174896	119.67546081543	1.59999883174896	161.125427246094	1.59999883174896	5.49137878417969
1.60999882221222	92.2753372192383	1.60999882221222	103.341232299805	1.60999882221222	112.837837219238	1.60999882221222	122.522369384766	1.60999882221222	133.932891845703	1.60999882221222	129.893447875977	1.60999882221222	146.630981445313	1.60999882221222	119.334083557129	1.60999882221222	163.514099121094	1.60999882221222	6.41713190078735
1.61999881267548	94.8095703125	1.61999881267548	105.546173095703	1.61999881267548	115.082733154297	1.61999881267548	124.91153717041	1.61999881267548	137.009735107422	1.61999881267548	132.394058227539	1.61999881267548	149.078216552734	1.61999881267548	118.964698791504	1.61999881267548	165.869338989258	1.61999881267548	7.37712001800537
1.62999880313873	97.3318405151367	1.62999880313873	107.774703979492	1.62999880313873	117.345664978027	1.62999880313873	127.326370239258	1.62999880313873	140.090423583984	1.62999880313873	134.891143798828	1.62999880313873	151.527709960938	1.62999880313873	118.582168579102	1.62999880313873	168.191513061523	1.62999880313873	8.37135791778564
1.63999879360199	99.8385162353516	1.63999879360199	110.027519226074	1.63999879360199	119.627365112305	1.63999879360199	129.768035888672	1.63999879360199	143.172897338867	1.63999879360199	137.384704589844	1.63999879360199	153.979995727539	1.63999879360199	118.201667785645	1.63999879360199	170.481109619141	1.63999879360199	9.39983940124512
1.64999878406525	102.326034545898	1.64999878406525	112.305274963379	1.64999878406525	121.928504943848	1.64999878406525	132.237609863281	1.64999878406525	146.255187988281	1.64999878406525	139.874801635742	1.64999878406525	156.435775756836	1.64999878406525	117.838478088379	1.64999878406525	172.738662719727	1.64999878406525	10.4625377655029
1.6599987745285	104.790977478027	1.6599987745285	114.608589172363	1.6599987745285	124.249801635742	1.6599987745285	134.736053466797	1.6599987745285	149.33544921875	1.6599987745285	142.361663818359	1.6599987745285	158.89567565918	1.6599987745285	117.507942199707	1.6599987745285	174.964813232422	1.6599987745285	11.5594043731689
1.66999876499176	107.230079650879	1.66999876499176	116.938079833984	1.66999876499176	126.591888427734	1.66999876499176	137.264144897461	1.66999876499176	152.411911010742	1.66999876499176	144.845504760742	1.66999876499176	161.360382080078	1.66999876499176	117.225303649902	1.66999876499176	177.160293579102	1.66999876499176	12.6903743743896
1.67999875545502	109.640266418457	1.67999875545502	119.294319152832	1.67999875545502	128.955474853516	1.67999875545502	139.822601318359	1.67999875545502	155.482955932617	1.67999875545502	147.32666015625	1.67999875545502	163.830551147461	1.67999875545502	117.005592346191	1.67999875545502	179.325881958008	1.67999875545502	13.8553638458252
1.68999874591827	112.018737792969	1.68999874591827	121.677879333496	1.68999874591827	131.341217041016	1.68999874591827	142.411972045898	1.68999874591827	158.547058105469	1.68999874591827	149.805541992187	1.68999874591827	166.306945800781	1.68999874591827	116.863441467285	1.68999874591827	181.462478637695	1.68999874591827	15.0542697906494
1.69999873638153	114.362922668457	1.69999873638153	124.089294433594	1.69999873638153	133.749786376953	1.69999873638153	145.032669067383	1.69999873638153	161.602844238281	1.69999873638153	152.282638549805	1.69999873638153	168.790252685547	1.69999873638153	116.813049316406	1.69999873638153	183.571014404297	1.69999873638153	16.286979675293
1.70999872684479	116.670585632324	1.70999872684479	126.529106140137	1.70999872684479	136.181838989258	1.70999872684479	147.685012817383	1.70999872684479	164.649047851562	1.70999872684479	154.758529663086	1.70999872684479	171.281204223633	1.70999872684479	116.867988586426	1.70999872684479	185.652481079102	1.70999872684479	17.5533561706543
1.71999871730804	118.939796447754	1.71999871730804	128.997817993164	1.71999871730804	138.638046264648	1.71999871730804	150.369155883789	1.71999871730804	167.684555053711	1.71999871730804	157.233871459961	1.71999871730804	173.780563354492	1.71999871730804	117.041168212891	1.71999871730804	187.707931518555	1.71999871730804	18.8532619476318
1.7299987077713	121.168975830078	1.7299987077713	131.495986938477	1.7299987077713	141.119064331055	1.7299987077713	153.08512878418	1.7299987077713	170.708343505859	1.7299987077713	159.709365844727	1.7299987077713	176.2890625	1.7299987077713	117.344673156738	1.7299987077713	189.738479614258	1.7299987077713	20.1865386962891
1.73999869823456	123.35693359375	1.73999869823456	134.024063110352	1.73999869823456	143.625564575195	1.73999869823456	155.832870483398	1.73999869823456	173.71955871582	1.73999869823456	162.185821533203	1.73999869823456	178.807434082031	1.73999869823456	117.789764404297	1.73999869823456	191.745223999023	1.73999869823456	21.5530185699463
1.74999868869782	125.502853393555	1.74999868869782	136.582595825195	1.74999868869782	146.158233642578	1.74999868869782	158.61213684082	1.74999868869782	176.717437744141	1.74999868869782	164.664108276367	1.74999868869782	181.336410522461	1.74999868869782	118.386764526367	1.74999868869782	193.729309082031	1.74999868869782	22.9525337219238
1.75999867916107	127.606323242187	1.75999867916107	139.17204284668	1.75999867916107	148.717697143555	1.75999867916107	161.422592163086	1.75999867916107	179.701370239258	1.75999867916107	167.145111083984	1.75999867916107	183.876708984375	1.75999867916107	119.144996643066	1.75999867916107	195.691909790039	1.75999867916107	24.3848972320557
1.76999866962433	129.66731262207	1.76999866962433	141.792861938477	1.76999866962433	151.304611206055	1.76999866962433	164.263763427734	1.76999866962433	182.670852661133	1.76999866962433	169.629821777344	1.76999866962433	186.42903137207	1.76999866962433	120.072799682617	1.76999866962433	197.634185791016	1.76999866962433	25.8499240875244
1.77999866008759	131.68620300293	1.77999866008759	144.445571899414	1.77999866008759	153.919647216797	1.77999866008759	167.135025024414	1.77999866008759	185.62548828125	1.77999866008759	172.119262695313	1.77999866008759	188.994064331055	1.77999866008759	121.177391052246	1.77999866008759	199.557266235352	1.77999866008759	27.3474235534668
1.78999865055084	133.663818359375	1.78999865055084	147.130630493164	1.78999865055084	156.563446044922	1.78999865055084	170.03564453125	1.78999865055084	188.565017700195	1.78999865055084	174.614471435547	1.78999865055084	191.572463989258	1.78999865055084	122.465003967285	1.78999865055084	201.462310791016	1.78999865055084	28.8771953582764
1.7999986410141	135.601364135742	1.7999986410141	149.848495483398	1.7999986410141	159.236618041992	1.7999986410141	172.964828491211	1.7999986410141	191.489242553711	1.7999986410141	177.11653137207	1.7999986410141	194.164840698242	1.7999986410141	123.940734863281	1.7999986410141	203.350463867187	1.7999986410141	30.4390449523926
1.80999863147736	137.500442504883	1.80999863147736	152.599624633789	1.80999863147736	161.939804077148	1.80999863147736	175.921600341797	1.80999863147736	194.39811706543	1.80999863147736	179.626571655273	1.80999863147736	196.771835327148	1.80999863147736	125.608642578125	1.80999863147736	205.222808837891	1.80999863147736	32.0327758789063
1.81999862194061	139.363098144531	1.81999862194061	155.38444519043	1.81999862194061	164.673614501953	1.81999862194061	178.904861450195	1.81999862194061	197.291687011719	1.81999862194061	182.145706176758	1.81999862194061	199.393951416016	1.81999862194061	127.471672058105	1.81999862194061	207.080459594727	1.81999862194061	33.6581764221191
1.82999861240387	141.191711425781	1.82999861240387	158.203430175781	1.82999861240387	167.438629150391	1.82999861240387	181.913452148438	1.82999861240387	200.170043945313	1.82999861240387	184.675094604492	1.82999861240387	202.031768798828	1.82999861240387	129.531753540039	1.82999861240387	208.924514770508	1.82999861240387	35.3150405883789
1.83999860286713	142.989105224609	1.83999860286713	161.057006835938	1.83999860286713	170.235488891602	1.83999860286713	184.946136474609	1.83999860286713	203.033432006836	1.83999860286713	187.215866088867	1.83999860286713	204.685745239258	1.83999860286713	131.789733886719	1.83999860286713	210.755966186523	1.83999860286713	37.0031661987305
1.84999859333038	144.758453369141	1.84999859333038	163.94563293457	1.84999859333038	173.064743041992	1.84999859333038	188.001525878906	1.84999859333038	205.882141113281	1.84999859333038	189.769226074219	1.84999859333038	207.356384277344	1.84999859333038	134.245452880859	1.84999859333038	212.575912475586	1.84999859333038	38.7223434448242
1.85999858379364	146.503326416016	1.85999858379364	166.869720458984	1.85999858379364	175.926971435547	1.85999858379364	191.078216552734	1.85999858379364	208.716567993164	1.85999858379364	192.336334228516	1.85999858379364	210.044052124023	1.85999858379364	136.897735595703	1.85999858379364	214.385391235352	1.85999858379364	40.4723587036133
1.8699985742569	148.227615356445	1.8699985742569	169.829711914062	1.8699985742569	178.82275390625	1.8699985742569	194.174697875977	1.8699985742569	211.537185668945	1.8699985742569	194.918380737305	1.8699985742569	212.749221801758	1.8699985742569	139.744430541992	1.8699985742569	216.185424804687	1.8699985742569	42.2529983520508
1.87999856472015	149.935592651367	1.87999856472015	172.826034545898	1.87999856472015	181.75260925293	1.87999856472015	197.289443969727	1.87999856472015	214.344573974609	1.87999856472015	197.516510009766	1.87999856472015	215.472229003906	1.87999856472015	142.782455444336	1.87999856472015	217.977096557617	1.87999856472015	44.0640411376953
1.88999855518341	151.6318359375	1.88999855518341	175.859161376953	1.88999855518341	184.71711730957	1.88999855518341	200.420852661133	1.88999855518341	217.139343261719	1.88999855518341	200.131927490234	1.88999855518341	218.213424682617	1.88999855518341	146.007797241211	1.88999855518341	219.761459350586	1.88999855518341	45.9052696228027
1.89999854564667	153.321258544922	1.89999854564667	178.929504394531	1.89999854564667	187.716827392578	1.89999854564667	203.567337036133	1.89999854564667	219.922225952148	1.89999854564667	202.765777587891	1.89999854564667	220.973114013672	1.89999854564667	149.415542602539	1.89999854564667	221.539642333984	1.89999854564667	47.7764549255371
1.90999853610992	155.009017944336	1.90999853610992	182.037567138672	1.90999853610992	190.752288818359	1.90999853610992	206.727264404297	1.90999853610992	222.69401550293	1.90999853610992	205.419235229492	1.90999853610992	223.751647949219	1.90999853610992	153	1.90999853610992	223.312805175781	1.90999853610992	49.677360534668
1.91999852657318	156.700622558594	1.91999852657318	185.183807373047	1.91999852657318	193.824081420898	1.91999852657318	209.899032592773	1.91999852657318	225.455551147461	1.91999852657318	208.093475341797	1.91999852657318	226.549301147461	1.91999852657318	156.754653930664	1.91999852657318	225.082183837891	1.91999852657318	51.607738494873
1.92999851703644	158.40168762207	1.92999851703644	188.368759155273	1.92999851703644	196.932739257813	1.92999851703644	213.080993652344	1.92999851703644	228.207778930664	1.92999851703644	210.789657592773	1.92999851703644	229.36637878418	1.92999851703644	160.672271728516	1.92999851703644	226.849105834961	1.92999851703644	53.5673370361328
1.93999850749969	160.1181640625	1.93999850749969	191.59294128418	1.93999850749969	200.078857421875	1.93999850749969	216.271636962891	1.93999850749969	230.951690673828	1.93999850749969	213.508911132813	1.93999850749969	232.203201293945	1.93999850749969	164.744964599609	1.93999850749969	228.614959716797	1.93999850749969	55.5559005737305
1.94999849796295	161.856079101562	1.94999849796295	194.856872558594	1.94999849796295	203.263031005859	1.94999849796295	219.469421386719	1.94999849796295	233.688415527344	1.94999849796295	216.252410888672	1.94999849796295	235.059997558594	1.94999849796295	168.964233398438	1.94999849796295	230.381271362305	1.94999849796295	57.5731468200684
1.95999848842621	163.621643066406	1.95999848842621	198.161163330078	1.95999848842621	206.485855102539	1.95999848842621	222.672882080078	1.95999848842621	236.419021606445	1.95999848842621	219.021301269531	1.95999848842621	237.937118530273	1.95999848842621	173.321075439453	1.95999848842621	232.149688720703	1.95999848842621	59.618782043457
1.96999847888947	165.421142578125	1.96999847888947	201.506423950195	1.96999847888947	209.747985839844	1.96999847888947	225.880645751953	1.96999847888947	239.144760131836	1.96999847888947	221.816741943359	1.96999847888947	240.834899902344	1.96999847888947	177.80598449707	1.96999847888947	233.921981811523	1.96999847888947	61.6925163269043
1.97999846935272	167.260940551758	1.97999846935272	204.893295288086	1.97999846935272	213.050048828125	1.97999846935272	229.091430664062	1.97999846935272	241.866912841797	1.97999846935272	224.639846801758	1.97999846935272	243.753662109375	1.97999846935272	182.409149169922	1.97999846935272	235.700103759766	1.97999846935272	63.794017791748
1.98999845981598	169.147369384766	1.98999845981598	208.322494506836	1.98999845981598	216.39274597168	1.98999845981598	232.304046630859	1.98999845981598	244.586776733398	1.98999845981598	227.491760253906	1.98999845981598	246.693756103516	1.98999845981598	187.120452880859	1.98999845981598	237.486114501953	1.98999845981598	65.922966003418
1.99999845027924	171.086761474609	1.99999845027924	211.794723510742	1.99999845027924	219.776763916016	1.99999845027924	235.51741027832	1.99999845027924	247.305801391602	1.99999845027924	230.373611450195	1.99999845027924	249.655609130859	1.99999845027924	191.929611206055	1.99999845027924	239.282318115234	1.99999845027924	68.0789947509766
2.00999855995178	173.085342407227	2.00999855995178	215.310760498047	2.00999855995178	223.202850341797	2.00999855995178	238.730575561523	2.00999855995178	250.025390625	2.00999855995178	233.286499023438	2.00999855995178	252.639572143555	2.00999855995178	196.826248168945	2.00999855995178	241.091171264648	2.00999855995178	70.2617568969727
2.01999855041504	175.149230957031	2.01999855041504	218.871429443359	2.01999855041504	226.671737670898	2.01999855041504	241.942733764648	2.01999855041504	252.747055053711	2.01999855041504	236.231567382813	2.01999855041504	255.646179199219	2.01999855041504	201.799957275391	2.01999855041504	242.915267944336	2.01999855041504	72.4708404541016
2.0299985408783	177.284393310547	2.0299985408783	222.477554321289	2.0299985408783	230.18424987793	2.0299985408783	245.153228759766	2.0299985408783	255.472412109375	2.0299985408783	239.209884643555	2.0299985408783	258.675842285156	2.0299985408783	206.840454101562	2.0299985408783	244.757461547852	2.0299985408783	74.7058563232422
2.03999853134155	179.496566772461	2.03999853134155	226.130081176758	2.03999853134155	233.741180419922	2.03999853134155	248.361526489258	2.03999853134155	258.203002929687	2.03999853134155	242.222549438477	2.03999853134155	261.729095458984	2.03999853134155	211.937591552734	2.03999853134155	246.620681762695	2.03999853134155	76.9663696289063
2.04999852180481	181.791290283203	2.04999852180481	229.82991027832	2.04999852180481	237.343368530273	2.04999852180481	251.567260742187	2.04999852180481	260.940551757813	2.04999852180481	245.270599365234	2.04999852180481	264.806518554687	2.04999852180481	217.081497192383	2.04999852180481	248.50813293457	2.04999852180481	79.2519454956055
2.05999851226807	184.173797607422	2.05999851226807	233.578048706055	2.05999851226807	240.991668701172	2.05999851226807	254.770248413086	2.05999851226807	263.686706542969	2.05999851226807	248.355087280273	2.05999851226807	267.908721923828	2.05999851226807	222.262634277344	2.05999851226807	250.423187255859	2.05999851226807	81.5621109008789
2.06999850273132	186.649063110352	2.06999850273132	237.375518798828	2.06999850273132	244.687026977539	2.06999850273132	257.970458984375	2.06999850273132	266.443206787109	2.06999850273132	251.476989746094	2.06999850273132	271.036285400391	2.06999850273132	227.471801757813	2.06999850273132	252.369262695313	2.06999850273132	83.8964004516602
2.07999849319458	189.221786499023	2.07999849319458	241.223327636719	2.07999849319458	248.430297851562	2.07999849319458	261.168090820313	2.07999849319458	269.211822509766	2.07999849319458	254.637329101562	2.07999849319458	274.189910888672	2.07999849319458	232.700302124023	2.07999849319458	254.35009765625	2.07999849319458	86.2543182373047
2.08999848365784	191.896270751953	2.08999848365784	245.122589111328	2.08999848365784	252.222442626953	2.08999848365784	264.363342285156	2.08999848365784	271.994354248047	2.08999848365784	257.837036132813	2.08999848365784	277.370300292969	2.08999848365784	237.939910888672	2.08999848365784	256.369445800781	2.08999848365784	88.6353302001953
2.09999847412109	194.676559448242	2.09999847412109	249.074493408203	2.09999847412109	256.064422607422	2.09999847412109	267.556854248047	2.09999847412109	274.792633056641	2.09999847412109	261.077026367187	2.09999847412109	280.578216552734	2.09999847412109	243.18293762207	2.09999847412109	258.43115234375	2.09999847412109	91.0389022827148
2.10999846458435	197.566375732422	2.10999846458435	253.080123901367	2.10999846458435	259.957183837891	2.10999846458435	270.749237060547	2.10999846458435	277.608459472656	2.10999846458435	264.358154296875	2.10999846458435	283.814453125	2.10999846458435	248.422241210938	2.10999846458435	260.539276123047	2.10999846458435	93.4645080566406
2.11999845504761	200.569061279297	2.11999845504761	257.140686035156	2.11999845504761	263.901733398438	2.11999845504761	273.941345214844	2.11999845504761	280.443695068359	2.11999845504761	267.681274414062	2.11999845504761	287.079742431641	2.11999845504761	253.651214599609	2.11999845504761	262.697875976562	2.11999845504761	95.9115447998047
2.12999844551086	203.687683105469	2.12999844551086	261.257415771484	2.12999844551086	267.899108886719	2.12999844551086	277.134216308594	2.12999844551086	283.30029296875	2.12999844551086	271.047149658203	2.12999844551086	290.374969482422	2.12999844551086	258.863922119141	2.12999844551086	264.911102294922	2.12999844551086	98.3794403076172
2.13999843597412	206.925018310547	2.13999843597412	265.431579589844	2.13999843597412	271.950225830078	2.13999843597412	280.3291015625	2.13999843597412	286.180023193359	2.13999843597412	274.456451416016	2.13999843597412	293.700988769531	2.13999843597412	264.054962158203	2.13999843597412	267.183166503906	2.13999843597412	100.867599487305
2.14999842643738	210.283493041992	2.14999842643738	269.664367675781	2.14999842643738	276.05615234375	2.14999842643738	283.527374267578	2.14999842643738	289.084838867188	2.14999842643738	277.909973144531	2.14999842643738	297.058685302734	2.14999842643738	269.219543457031	2.14999842643738	269.518218994141	2.14999842643738	103.375381469727
2.15999841690063	213.765319824219	2.15999841690063	273.957153320313	2.15999841690063	280.217895507813	2.15999841690063	286.730621337891	2.15999841690063	292.0166015625	2.15999841690063	281.408294677734	2.15999841690063	300.448974609375	2.15999841690063	274.353424072266	2.15999841690063	271.920532226562	2.15999841690063	105.902145385742
2.16999840736389	217.372436523438	2.16999840736389	278.311187744141	2.16999840736389	284.436462402344	2.16999840736389	289.940612792969	2.16999840736389	294.977172851562	2.16999840736389	284.952026367187	2.16999840736389	303.872802734375	2.16999840736389	279.453002929687	2.16999840736389	274.394317626953	2.16999840736389	108.447235107422
2.17999839782715	221.106552124023	2.17999839782715	282.727813720703	2.17999839782715	288.712921142578	2.17999839782715	293.159301757812	2.17999839782715	297.968475341797	2.17999839782715	288.541717529297	2.17999839782715	307.331115722656	2.17999839782715	284.515075683594	2.17999839782715	276.943786621094	2.17999839782715	111.009963989258
2.18999838829041	224.969161987305	2.18999838829041	287.208343505859	2.18999838829041	293.048278808594	2.18999838829041	296.388793945313	2.18999838829041	300.992370605469	2.18999838829041	292.177856445313	2.18999838829041	310.824890136719	2.18999838829041	289.537078857422	2.18999838829041	279.573059082031	2.18999838829041	113.589630126953
2.19999837875366	228.961578369141	2.19999837875366	291.754211425781	2.19999837875366	297.443572998047	2.19999837875366	299.631317138672	2.19999837875366	304.050750732422	2.19999837875366	295.860931396484	2.19999837875366	314.355133056641	2.19999837875366	294.516967773438	2.19999837875366	282.286254882813	2.19999837875366	116.185516357422
2.20999836921692	233.084991455078	2.20999836921692	296.366668701172	2.20999836921692	301.899810791016	2.20999836921692	302.889404296875	2.20999836921692	307.145477294922	2.20999836921692	299.59130859375	2.20999836921692	317.922912597656	2.20999836921692	299.453094482422	2.20999836921692	285.087371826172	2.20999836921692	118.796852111816
2.21999835968018	237.340408325195	2.21999835968018	301.047180175781	2.21999835968018	306.418060302734	2.21999835968018	306.165649414063	2.21999835968018	310.278503417969	2.21999835968018	303.369445800781	2.21999835968018	321.529174804687	2.21999835968018	304.344299316406	2.21999835968018	287.980407714844	2.21999835968018	121.422859191895
2.22999835014343	241.728729248047	2.22999835014343	305.797119140625	2.22999835014343	310.999328613281	2.22999835014343	309.462860107422	2.22999835014343	313.451599121094	2.22999835014343	307.195678710937	2.22999835014343	325.175048828125	2.22999835014343	309.189910888672	2.22999835014343	290.969207763672	2.22999835014343	124.06273651123
2.23999834060669	246.25080871582	2.23999834060669	310.617858886719	2.23999834060669	315.644653320313	2.23999834060669	312.783996582031	2.23999834060669	316.666656494141	2.23999834060669	311.070373535156	2.23999834060669	328.861633300781	2.23999834060669	313.989624023438	2.23999834060669	294.057556152344	2.23999834060669	126.71565246582
2.24999833106995	250.907363891602	2.24999833106995	315.510711669922	2.24999833106995	320.355010986328	2.24999833106995	316.132202148438	2.24999833106995	319.925598144531	2.24999833106995	314.993835449219	2.24999833106995	332.589904785156	2.24999833106995	318.743560791016	2.24999833106995	297.249084472656	2.24999833106995	129.380737304688
2.2599983215332	255.699096679687	2.2599983215332	320.477172851562	2.2599983215332	325.131439208984	2.2599983215332	319.5107421875	2.2599983215332	323.230255126953	2.2599983215332	318.966400146484	2.2599983215332	336.361145019531	2.2599983215332	323.452301025391	2.2599983215332	300.547393798828	2.2599983215332	132.057083129883
2.26999831199646	260.626708984375	2.26999831199646	325.518524169922	2.26999831199646	329.974914550781	2.26999831199646	322.923004150391	2.26999831199646	326.582550048828	2.26999831199646	322.988403320313	2.26999831199646	340.176422119141	2.26999831199646	328.116760253906	2.26999831199646	303.955902099609	2.26999831199646	134.743728637695
2.27999830245972	265.690826416016	2.27999830245972	330.636138916016	2.27999830245972	334.886474609375	2.27999830245972	326.372680664063	2.27999830245972	329.984405517578	2.27999830245972	327.060150146484	2.27999830245972	344.036926269531	2.27999830245972	332.738189697266	2.27999830245972	307.477905273438	2.27999830245972	137.439697265625
2.28999829292297	270.892059326172	2.28999829292297	335.831359863281	2.28999829292297	339.867065429687	2.28999829292297	329.863403320313	2.28999829292297	333.437652587891	2.28999829292297	331.181976318359	2.28999829292297	347.943878173828	2.28999829292297	337.318389892578	2.28999829292297	311.116668701172	2.28999829292297	140.143966674805
2.29999828338623	276.231109619141	2.29999828338623	341.105499267578	2.29999828338623	344.917633056641	2.29999828338623	333.399078369141	2.29999828338623	336.944305419922	2.29999828338623	335.354309082031	2.29999828338623	351.898529052734	2.29999828338623	341.859405517578	2.29999828338623	314.875183105469	2.29999828338623	142.85546875
2.30999827384949	281.708648681641	2.30999827384949	346.459838867188	2.30999827384949	350.039123535156	2.30999827384949	336.983734130859	2.30999827384949	340.506317138672	2.30999827384949	339.577575683594	2.30999827384949	355.902160644531	2.30999827384949	346.363800048828	2.30999827384949	318.756469726562	2.30999827384949	145.573043823242
2.31999826431274	287.325347900391	2.31999826431274	351.8955078125	2.31999826431274	355.232482910156	2.31999826431274	340.621459960937	2.31999826431274	344.125671386719	2.31999826431274	343.852142333984	2.31999826431274	359.9560546875	2.31999826431274	350.834442138672	2.31999826431274	322.763305664063	2.31999826431274	148.295547485352
2.329998254776	293.081939697266	2.329998254776	357.413757324219	2.329998254776	360.498504638672	2.329998254776	344.316497802734	2.329998254776	347.804412841797	2.329998254776	348.178558349609	2.329998254776	364.061614990234	2.329998254776	355.274719238281	2.329998254776	326.898345947266	2.329998254776	151.021743774414
2.33999824523926	298.979125976562	2.33999824523926	363.015686035156	2.33999824523926	365.838165283203	2.33999824523926	348.073211669922	2.33999824523926	351.544616699219	2.33999824523926	352.557434082031	2.33999824523926	368.22021484375	2.33999824523926	359.6884765625	2.33999824523926	331.164215087891	2.33999824523926	153.75032043457
2.34999823570251	305.017669677734	2.34999823570251	368.702301025391	2.34999823570251	371.252197265625	2.34999823570251	351.896057128906	2.34999823570251	355.348419189453	2.34999823570251	356.989410400391	2.34999823570251	372.433319091797	2.34999823570251	364.079986572266	2.34999823570251	335.563293457031	2.34999823570251	156.479934692383
2.35999822616577	311.198425292969	2.35999822616577	374.474456787109	2.35999822616577	376.741333007812	2.35999822616577	355.789520263672	2.35999822616577	359.217987060547	2.35999822616577	361.475219726562	2.35999822616577	376.702453613281	2.35999822616577	368.454040527344	2.35999822616577	340.097869873047	2.35999822616577	159.209167480469
2.36999821662903	317.522094726562	2.36999821662903	380.333038330078	2.36999821662903	382.306335449219	2.36999821662903	359.758178710937	2.36999821662903	363.155609130859	2.36999821662903	366.015655517578	2.36999821662903	381.029205322266	2.36999821662903	372.815979003906	2.36999821662903	344.770111083984	2.36999821662903	161.936553955078
2.37999820709229	323.989440917969	2.37999820709229	386.278686523438	2.37999820709229	387.947845458984	2.37999820709229	363.806701660156	2.37999820709229	367.163513183594	2.37999820709229	370.611694335937	2.37999820709229	385.415161132812	2.37999820709229	377.171691894531	2.37999820709229	349.58203125	2.37999820709229	164.660537719727
2.38999819755554	330.601257324219	2.38999819755554	392.311920166016	2.38999819755554	393.666381835937	2.38999819755554	367.939880371094	2.38999819755554	371.244110107422	2.38999819755554	375.264373779297	2.38999819755554	389.862060546875	2.38999819755554	381.527587890625	2.38999819755554	354.535552978516	2.38999819755554	167.379501342773
2.3999981880188	337.358245849609	2.3999981880188	398.433135986328	2.3999981880188	399.462463378906	2.3999981880188	372.162322998047	2.3999981880188	375.399841308594	2.3999981880188	379.974853515625	2.3999981880188	394.371643066406	2.3999981880188	385.890686035156	2.3999981880188	359.632354736328	2.3999981880188	170.091781616211
2.40999817848206	344.260986328125	2.40999817848206	404.642425537109	2.40999817848206	405.33642578125	2.40999817848206	376.478881835937	2.40999817848206	379.633209228516	2.40999817848206	384.744506835937	2.40999817848206	398.945770263672	2.40999817848206	390.268676757812	2.40999817848206	364.874053955078	2.40999817848206	172.795623779297
2.41999816894531	351.309997558594	2.41999816894531	410.939819335937	2.41999816894531	411.28857421875	2.41999816894531	380.894256591797	2.41999816894531	383.946899414063	2.41999816894531	389.574676513672	2.41999816894531	403.586364746094	2.41999816894531	394.669799804687	2.41999816894531	370.262115478516	2.41999816894531	175.489227294922
2.42999815940857	358.505615234375	2.42999815940857	417.324951171875	2.42999815940857	417.319030761719	2.42999815940857	385.413146972656	2.42999815940857	388.343505859375	2.42999815940857	394.466949462891	2.42999815940857	408.295440673828	2.42999815940857	399.102905273438	2.42999815940857	375.797912597656	2.42999815940857	178.170745849609
2.43999814987183	365.847991943359	2.43999814987183	423.797241210937	2.43999814987183	423.427734375	2.43999814987183	390.040313720703	2.43999814987183	392.825897216797	2.43999814987183	399.423065185547	2.43999814987183	413.075042724609	2.43999814987183	403.577545166016	2.43999814987183	381.482543945313	2.43999814987183	180.838272094727
2.44999814033508	373.337005615234	2.44999814033508	430.355834960937	2.44999814033508	429.614593505859	2.44999814033508	394.7802734375	2.44999814033508	397.396911621094	2.44999814033508	404.444915771484	2.44999814033508	417.927307128906	2.44999814033508	408.103790283203	2.44999814033508	387.317047119141	2.44999814033508	183.489807128906
2.45999813079834	380.972259521484	2.45999813079834	436.99951171875	2.45999813079834	435.879211425781	2.45999813079834	399.637603759766	2.45999813079834	402.059509277344	2.45999813079834	409.534484863281	2.45999813079834	422.854522705078	2.45999813079834	412.692260742188	2.45999813079834	393.302276611328	2.45999813079834	186.12336730957
2.4699981212616	388.752990722656	2.4699981212616	443.726684570313	2.4699981212616	442.221038818359	2.4699981212616	404.61669921875	2.4699981212616	406.816650390625	2.4699981212616	414.693969726562	2.4699981212616	427.859008789063	2.4699981212616	417.354248046875	2.4699981212616	399.438934326172	2.4699981212616	188.736923217773
2.47999811172485	396.677947998047	2.47999811172485	450.535400390625	2.47999811172485	448.639343261719	2.47999811172485	409.721832275391	2.47999811172485	411.671539306641	2.47999811172485	419.925689697266	2.47999811172485	432.943145751953	2.47999811172485	422.101409912109	2.47999811172485	405.7275390625	2.47999811172485	191.328414916992
2.48999810218811	404.745391845703	2.48999810218811	457.423309326172	2.48999810218811	455.133117675781	2.48999810218811	414.957153320313	2.48999810218811	416.627288818359	2.48999810218811	425.232055664063	2.48999810218811	438.109405517578	2.48999810218811	426.945831298828	2.48999810218811	412.168334960937	2.48999810218811	193.895812988281
2.49999809265137	412.952972412109	2.49999809265137	464.387512207031	2.49999809265137	461.701049804687	2.49999809265137	420.326507568359	2.49999809265137	421.687225341797	2.49999809265137	430.615753173828	2.49999809265137	443.360321044922	2.49999809265137	431.899963378906	2.49999809265137	418.761566162109	2.49999809265137	196.437072753906
2.50999808311462	421.297576904297	2.50999808311462	471.424835205078	2.50999808311462	468.341644287109	2.50999808311462	425.833648681641	2.50999808311462	426.854583740234	2.50999808311462	436.079406738281	2.50999808311462	448.698516845703	2.50999808311462	436.976440429687	2.50999808311462	425.506988525391	2.50999808311462	198.9501953125
2.51999807357788	429.775390625	2.51999807357788	478.531372070313	2.51999807357788	475.053039550781	2.51999807357788	431.481994628906	2.51999807357788	432.132781982422	2.51999807357788	441.625854492188	2.51999807357788	454.126525878906	2.51999807357788	442.188079833984	2.51999807357788	432.404357910156	2.51999807357788	201.433242797852
2.52999806404114	438.381622314453	2.52999806404114	485.702850341797	2.52999806404114	481.833068847656	2.52999806404114	437.274627685547	2.52999806404114	437.525085449219	2.52999806404114	447.258056640625	2.52999806404114	459.647094726562	2.52999806404114	447.547576904297	2.52999806404114	439.453063964844	2.52999806404114	203.884353637695
2.53999805450439	447.110626220703	2.53999805450439	492.934387207031	2.53999805450439	488.679290771484	2.53999805450439	443.21435546875	2.53999805450439	443.034942626953	2.53999805450439	452.978942871094	2.53999805450439	465.262878417969	2.53999805450439	453.067596435547	2.53999805450439	446.652221679687	2.53999805450439	206.301773071289
2.54999804496765	455.955535888672	2.54999804496765	500.220764160156	2.54999804496765	495.588745117188	2.54999804496765	449.303619384766	2.54999804496765	448.665710449219	2.54999804496765	458.79150390625	2.54999804496765	470.976501464844	2.54999804496765	458.760406494141	2.54999804496765	454.000671386719	2.54999804496765	208.683868408203
2.55999803543091	464.908416748047	2.55999803543091	507.555999755859	2.55999803543091	502.558288574219	2.55999803543091	455.544464111328	2.55999803543091	454.420715332031	2.55999803543091	464.698760986328	2.55999803543091	476.790740966797	2.55999803543091	464.637756347656	2.55999803543091	461.496856689453	2.55999803543091	211.029205322266
2.56999802589417	473.960113525391	2.56999802589417	514.933654785156	2.56999802589417	509.584350585937	2.56999802589417	461.938415527344	2.56999802589417	460.303283691406	2.56999802589417	470.703796386719	2.56999802589417	482.708099365234	2.56999802589417	470.710906982422	2.56999802589417	469.138977050781	2.56999802589417	213.336532592773
2.57999801635742	483.100219726562	2.57999801635742	522.346923828125	2.57999801635742	516.662963867188	2.57999801635742	468.486511230469	2.57999801635742	466.316528320313	2.57999801635742	476.809509277344	2.57999801635742	488.731079101562	2.57999801635742	476.990142822266	2.57999801635742	476.924621582031	2.57999801635742	215.604827880859
2.58999800682068	492.316925048828	2.58999800682068	529.788391113281	2.58999800682068	523.789855957031	2.58999800682068	475.189331054687	2.58999800682068	472.463470458984	2.58999800682068	483.018676757812	2.58999800682068	494.862121582031	2.58999800682068	483.484710693359	2.58999800682068	484.851257324219	2.58999800682068	217.833312988281
2.59999799728394	501.597137451172	2.59999799728394	537.250305175781	2.59999799728394	530.960266113281	2.59999799728394	482.046783447266	2.59999799728394	478.7470703125	2.59999799728394	489.334167480469	2.59999799728394	501.103454589844	2.59999799728394	490.202667236328	2.59999799728394	492.915679931641	2.59999799728394	220.021545410156
2.60999798774719	510.926635742188	2.60999798774719	544.724487304687	2.60999798774719	538.169311523438	2.60999798774719	489.058227539063	2.60999798774719	485.170135498047	2.60999798774719	495.758483886719	2.60999798774719	507.457275390625	2.60999798774719	497.150634765625	2.60999798774719	501.1142578125	2.60999798774719	222.169372558594
2.61999797821045	520.289855957031	2.61999797821045	552.202453613281	2.61999797821045	545.41162109375	2.61999797821045	496.222381591797	2.61999797821045	491.735046386719	2.61999797821045	502.293823242188	2.61999797821045	513.925476074219	2.61999797821045	504.333740234375	2.61999797821045	509.442962646484	2.61999797821045	224.276962280273
2.62999796867371	529.670166015625	2.62999796867371	559.675598144531	2.62999796867371	552.681640625	2.62999796867371	503.537139892578	2.62999796867371	498.444091796875	2.62999796867371	508.9423828125	2.62999796867371	520.509582519531	2.62999796867371	511.755157470703	2.62999796867371	517.897155761719	2.62999796867371	226.344879150391
2.63999795913696	539.050109863281	2.63999795913696	567.135131835937	2.63999795913696	559.973388671875	2.63999795913696	510.999908447266	2.63999795913696	505.299255371094	2.63999795913696	515.705871582031	2.63999795913696	527.211242675781	2.63999795913696	519.416259765625	2.63999795913696	526.4716796875	2.63999795913696	228.374069213867
2.64999794960022	548.411315917969	2.64999794960022	574.572021484375	2.64999794960022	567.281066894531	2.64999794960022	518.607238769531	2.64999794960022	512.302062988281	2.64999794960022	522.585632324219	2.64999794960022	534.031433105469	2.64999794960022	527.316162109375	2.64999794960022	535.161071777344	2.64999794960022	230.365829467773
2.65999794006348	557.735046386719	2.65999794006348	581.977600097656	2.65999794006348	574.598388671875	2.65999794006348	526.355041503906	2.65999794006348	519.453857421875	2.65999794006348	529.582702636719	2.65999794006348	540.971008300781	2.65999794006348	535.451965332031	2.65999794006348	543.959045410156	2.65999794006348	232.321868896484
2.66999793052673	567.002258300781	2.66999793052673	589.343200683594	2.66999793052673	581.919128417969	2.66999793052673	534.238464355469	2.66999793052673	526.755493164063	2.66999793052673	536.697814941406	2.66999793052673	548.030395507812	2.66999793052673	543.818420410156	2.66999793052673	552.859130859375	2.66999793052673	234.244293212891
2.67999792098999	576.19384765625	2.67999792098999	596.660278320312	2.67999792098999	589.237182617187	2.67999792098999	542.251831054687	2.67999792098999	534.207397460937	2.67999792098999	543.931030273438	2.67999792098999	555.209777832031	2.67999792098999	552.407836914063	2.67999792098999	561.854248046875	2.67999792098999	236.135513305664
2.68999791145325	585.291198730469	2.68999791145325	603.9208984375	2.68999791145325	596.54638671875	2.68999791145325	550.389099121094	2.68999791145325	541.809631347656	2.68999791145325	551.282104492188	2.68999791145325	562.508911132812	2.68999791145325	561.210266113281	2.68999791145325	570.93701171875	2.68999791145325	237.998382568359
2.6999979019165	594.276306152344	2.6999979019165	611.117492675781	2.6999979019165	603.840698242188	2.6999979019165	558.643310546875	2.6999979019165	549.561706542969	2.6999979019165	558.750305175781	2.6999979019165	569.927124023438	2.6999979019165	570.213439941406	2.6999979019165	580.099792480469	2.6999979019165	239.835998535156
2.70999789237976	603.131896972656	2.70999789237976	618.243225097656	2.70999789237976	611.114440917969	2.70999789237976	567.007080078125	2.70999789237976	557.462646484375	2.70999789237976	566.334411621094	2.70999789237976	577.463439941406	2.70999789237976	579.402954101562	2.70999789237976	589.334655761719	2.70999789237976	241.651733398438
2.71999788284302	611.842224121094	2.71999788284302	625.291625976563	2.71999788284302	618.362182617187	2.71999788284302	575.472534179687	2.71999788284302	565.510986328125	2.71999788284302	574.032653808594	2.71999788284302	585.116638183594	2.71999788284302	588.76220703125	2.71999788284302	598.633544921875	2.71999788284302	243.449310302734
2.72999787330627	620.392700195313	2.72999787330627	632.25732421875	2.72999787330627	625.579040527344	2.72999787330627	584.031311035156	2.72999787330627	573.704895019531	2.72999787330627	581.843017578125	2.72999787330627	592.884826660156	2.72999787330627	598.273071289063	2.72999787330627	607.988220214844	2.72999787330627	245.232513427734
2.73999786376953	628.770446777344	2.73999786376953	639.135559082031	2.73999786376953	632.760314941406	2.73999786376953	592.674865722656	2.73999786376953	582.0419921875	2.73999786376953	589.762939453125	2.73999786376953	600.766174316406	2.73999786376953	607.915710449219	2.73999786376953	617.390686035156	2.73999786376953	247.005325317383
2.74999785423279	636.964599609375	2.74999785423279	645.922607421875	2.74999785423279	639.902099609375	2.74999785423279	601.394348144531	2.74999785423279	590.519409179688	2.74999785423279	597.789428710937	2.74999785423279	608.758178710937	2.74999785423279	617.669128417969	2.74999785423279	626.832885742188	2.74999785423279	248.771865844727
2.75999784469604	644.966125488281	2.75999784469604	652.615600585938	2.75999784469604	647.0009765625	2.75999784469604	610.180969238281	2.75999784469604	599.133728027344	2.75999784469604	605.919372558594	2.75999784469604	616.858459472656	2.75999784469604	627.511413574219	2.75999784469604	636.307250976563	2.75999784469604	250.536209106445
2.7699978351593	652.76806640625	2.7699978351593	659.212768554687	2.7699978351593	654.054138183594	2.7699978351593	619.025695800781	2.7699978351593	607.881408691406	2.7699978351593	614.14892578125	2.7699978351593	625.064147949219	2.7699978351593	637.420593261719	2.7699978351593	645.806213378906	2.7699978351593	252.302490234375
2.77999782562256	660.36572265625	2.77999782562256	665.713195800781	2.77999782562256	661.0595703125	2.77999782562256	627.919982910156	2.77999782562256	616.758178710937	2.77999782562256	622.474304199219	2.77999782562256	633.372253417969	2.77999782562256	647.374267578125	2.77999782562256	655.322814941406	2.77999782562256	254.07470703125
2.78999781608582	667.756408691406	2.78999781608582	672.117065429688	2.78999781608582	668.015869140625	2.78999781608582	636.855346679688	2.78999781608582	625.759521484375	2.78999781608582	630.891540527344	2.78999781608582	641.779602050781	2.78999781608582	657.350524902344	2.78999781608582	664.850708007812	2.78999781608582	255.85676574707
2.79999780654907	674.939636230469	2.79999780654907	678.42578125	2.79999780654907	674.92236328125	2.79999780654907	645.823791503906	2.79999780654907	634.880798339844	2.79999780654907	639.396484375	2.79999780654907	650.282958984375	2.79999780654907	667.328369140625	2.79999780654907	674.383850097656	2.79999780654907	257.652374267578
2.80999779701233	681.916870117187	2.80999779701233	684.641479492188	2.80999779701233	681.779113769531	2.80999779701233	654.817749023437	2.80999779701233	644.116760253906	2.80999779701233	647.984680175781	2.80999779701233	658.879150390625	2.80999779701233	677.287719726563	2.80999779701233	683.916931152344	2.80999779701233	259.465057373047
2.81999778747559	688.691711425781	2.81999778747559	690.767456054687	2.81999778747559	688.587097167969	2.81999778747559	663.830261230469	2.81999778747559	653.462341308594	2.81999778747559	656.652038574219	2.81999778747559	667.564697265625	2.81999778747559	687.210021972656	2.81999778747559	693.4453125	2.81999778747559	261.298065185547
2.82999777793884	695.269592285156	2.82999777793884	696.807800292969	2.82999777793884	695.347900390625	2.82999777793884	672.85498046875	2.82999777793884	662.911987304687	2.82999777793884	665.394226074219	2.82999777793884	676.336547851562	2.82999777793884	697.078430175781	2.82999777793884	702.964965820312	2.82999777793884	263.154327392578
2.8399977684021	701.657653808594	2.8399977684021	702.767761230469	2.8399977684021	702.063781738281	2.8399977684021	681.886352539063	2.8399977684021	672.460144042969	2.8399977684021	674.207153320312	2.8399977684021	685.191345214844	2.8399977684021	706.877685546875	2.8399977684021	712.472534179688	2.8399977684021	265.036529541016
2.84999775886536	707.86474609375	2.84999775886536	708.6533203125	2.84999775886536	708.737731933594	2.84999775886536	690.919738769531	2.84999775886536	682.101257324219	2.84999775886536	683.086791992188	2.84999775886536	694.126220703125	2.84999775886536	716.594665527344	2.84999775886536	721.965515136719	2.84999775886536	266.946960449219
2.85999774932861	713.901245117187	2.85999774932861	714.471374511719	2.85999774932861	715.373474121094	2.85999774932861	699.951110839844	2.85999774932861	691.829650878906	2.85999774932861	692.029418945313	2.85999774932861	703.138122558594	2.85999774932861	726.218383789063	2.85999774932861	731.441833496094	2.85999774932861	268.887603759766
2.86999773979187	719.778747558594	2.86999773979187	720.229431152344	2.86999773979187	721.975402832031	2.86999773979187	708.977294921875	2.86999773979187	701.639831542969	2.86999773979187	701.031616210937	2.86999773979187	712.224365234375	2.86999773979187	735.739685058594	2.86999773979187	740.900268554687	2.86999773979187	270.859985351562
2.87999773025513	725.510314941406	2.87999773025513	725.935974121094	2.87999773025513	728.54833984375	2.87999773025513	717.996215820312	2.87999773025513	711.526306152344	2.87999773025513	710.090148925781	2.87999773025513	721.382507324219	2.87999773025513	745.151672363281	2.87999773025513	750.340209960937	2.87999773025513	272.865417480469
2.88999772071838	731.10986328125	2.88999772071838	731.599853515625	2.88999772071838	735.097900390625	2.88999772071838	727.006591796875	2.88999772071838	721.483703613281	2.88999772071838	719.2021484375	2.88999772071838	730.610229492188	2.88999772071838	754.449157714844	2.88999772071838	759.761535644531	2.88999772071838	274.904693603516
2.89999771118164	736.59228515625	2.89999771118164	737.230773925781	2.89999771118164	741.630065917969	2.89999771118164	736.007873535156	2.89999771118164	731.506774902344	2.89999771118164	728.365051269531	2.89999771118164	739.905578613281	2.89999771118164	763.629089355469	2.89999771118164	769.164794921875	2.89999771118164	276.978393554687
2.9099977016449	741.97314453125	2.9099977016449	742.838806152344	2.9099977016449	748.151428222656	2.9099977016449	745.000610351562	2.9099977016449	741.590759277344	2.9099977016449	737.576904296875	2.9099977016449	749.266845703125	2.9099977016449	772.690063476563	2.9099977016449	778.551086425781	2.9099977016449	279.086669921875
2.91999769210815	747.268859863281	2.91999769210815	748.434509277344	2.91999769210815	754.669006347656	2.91999769210815	753.985961914062	2.91999769210815	751.730834960937	2.91999769210815	746.836059570312	2.91999769210815	758.692565917969	2.91999769210815	781.632446289063	2.91999769210815	787.921752929688	2.91999769210815	281.229370117187
2.92999768257141	752.495910644531	2.92999768257141	754.028991699219	2.92999768257141	761.190307617187	2.92999768257141	762.966003417969	2.92999768257141	761.922485351562	2.92999768257141	756.14111328125	2.92999768257141	768.181579589844	2.92999768257141	790.457763671875	2.92999768257141	797.278747558594	2.92999768257141	283.405944824219
2.93999767303467	757.671569824219	2.93999767303467	759.633666992188	2.93999767303467	767.723083496094	2.93999767303467	771.943481445313	2.93999767303467	772.161560058594	2.93999767303467	765.491394042969	2.93999767303467	777.733032226563	2.93999767303467	799.169372558594	2.93999767303467	806.624389648438	2.93999767303467	285.615692138672
2.94999766349793	762.81298828125	2.94999766349793	765.260192871094	2.94999766349793	774.275573730469	2.94999766349793	780.921997070312	2.94999766349793	782.444152832031	2.94999766349793	774.886535644531	2.94999766349793	787.346252441406	2.94999766349793	807.771545410156	2.94999766349793	815.961303710937	2.94999766349793	287.857452392578
2.95999765396118	767.9375	2.95999765396118	770.92041015625	2.95999765396118	780.856262207031	2.95999765396118	789.905395507812	2.95999765396118	792.766662597656	2.95999765396118	784.326416015625	2.95999765396118	797.020812988281	2.95999765396118	816.269714355469	2.95999765396118	825.292236328125	2.95999765396118	290.1298828125
2.96999764442444	773.0625	2.96999764442444	776.626586914062	2.96999764442444	787.473999023437	2.96999764442444	798.898620605469	2.96999764442444	803.125732421875	2.96999764442444	793.811401367187	2.96999764442444	806.7568359375	2.96999764442444	824.670349121094	2.96999764442444	834.620361328125	2.96999764442444	292.431365966797
2.9799976348877	778.205017089844	2.9799976348877	782.390991210937	2.9799976348877	794.137817382813	2.9799976348877	807.906677246094	2.9799976348877	813.518188476563	2.9799976348877	803.342407226563	2.9799976348877	816.55419921875	2.9799976348877	832.980529785156	2.9799976348877	843.94873046875	2.9799976348877	294.760070800781
2.98999762535095	783.382080078125	2.98999762535095	788.225952148438	2.98999762535095	800.856872558594	2.98999762535095	816.935241699219	2.98999762535095	823.941345214844	2.98999762535095	812.92041015625	2.98999762535095	826.413146972656	2.98999762535095	841.208435058594	2.98999762535095	853.280700683594	2.98999762535095	297.113922119141
2.99999761581421	788.6103515625	2.99999761581421	794.144104003906	2.99999761581421	807.640869140625	2.99999761581421	825.990112304687	2.99999761581421	834.392578125	2.99999761581421	822.546813964844	2.99999761581421	836.334167480469	2.99999761581421	849.362426757812	2.99999761581421	862.619506835938	2.99999761581421	299.490661621094
3.00999760627747	793.906066894531	3.00999760627747	800.157775878906	3.00999760627747	814.499267578125	3.00999760627747	835.07763671875	3.00999760627747	844.869445800781	3.00999760627747	832.223022460937	3.00999760627747	846.317565917969	3.00999760627747	857.451599121094	3.00999760627747	871.968505859375	3.00999760627747	301.887786865234
3.01999759674072	799.28515625	3.01999759674072	806.279602050781	3.01999759674072	821.441833496094	3.01999759674072	844.2041015625	3.01999759674072	855.369812011719	3.01999759674072	841.951110839844	3.01999759674072	856.363708496094	3.01999759674072	865.485290527344	3.01999759674072	881.330810546875	3.01999759674072	304.302734375
3.02999758720398	804.763061523437	3.02999758720398	812.522155761719	3.02999758720398	828.478454589844	3.02999758720398	853.375854492188	3.02999758720398	865.8916015625	3.02999758720398	851.732727050781	3.02999758720398	866.473205566406	3.02999758720398	873.47314453125	3.02999758720398	890.709350585938	3.02999758720398	306.732757568359
3.03999757766724	810.354858398438	3.03999757766724	818.89794921875	3.03999757766724	835.619018554687	3.03999757766724	862.599365234375	3.03999757766724	876.432739257812	3.03999757766724	861.569763183594	3.03999757766724	876.646179199219	3.03999757766724	881.424987792969	3.03999757766724	900.106994628906	3.03999757766724	309.174926757812
3.04999756813049	816.075134277344	3.04999756813049	825.41943359375	3.04999756813049	842.873413085938	3.04999756813049	871.880859375	3.04999756813049	886.991333007812	3.04999756813049	871.464111328125	3.04999756813049	886.8828125	3.04999756813049	889.3505859375	3.04999756813049	909.526245117187	3.04999756813049	311.626373291016
3.05999755859375	821.938171386719	3.05999755859375	832.099060058594	3.05999755859375	850.25146484375	3.05999755859375	881.226440429688	3.05999755859375	897.5654296875	3.05999755859375	881.417663574219	3.05999755859375	897.183166503906	3.05999755859375	897.259948730469	3.05999755859375	918.96923828125	3.05999755859375	314.083923339844
3.06999754905701	827.957702636719	3.06999754905701	838.94921875	3.06999754905701	857.763122558594	3.06999754905701	890.641723632813	3.06999754905701	908.153137207031	3.06999754905701	891.431884765625	3.06999754905701	907.546691894531	3.06999754905701	905.162536621094	3.06999754905701	928.437744140625	3.06999754905701	316.544525146484
3.07999753952026	834.147216796875	3.07999753952026	845.982055664062	3.07999753952026	865.417907714844	3.07999753952026	900.132080078125	3.07999753952026	918.752319335938	3.07999753952026	901.507995605469	3.07999753952026	917.972595214844	3.07999753952026	913.067993164062	3.07999753952026	937.933166503906	3.07999753952026	319.004974365234
3.08999752998352	840.519836425781	3.08999752998352	853.209838867187	3.08999752998352	873.225341796875	3.08999752998352	909.7021484375	3.08999752998352	929.361083984375	3.08999752998352	911.647033691406	3.08999752998352	928.4599609375	3.08999752998352	920.985229492188	3.08999752998352	947.456420898438	3.08999752998352	321.462158203125
3.09999752044678	847.088500976563	3.09999752044678	860.64453125	3.09999752044678	881.194702148438	3.09999752044678	919.356140136719	3.09999752044678	939.976989746094	3.09999752044678	921.849548339844	3.09999752044678	939.0068359375	3.09999752044678	928.923095703125	3.09999752044678	957.007751464844	3.09999752044678	323.912811279297
3.10999751091003	853.865966796875	3.10999751091003	868.297973632813	3.10999751091003	889.334838867187	3.10999751091003	929.097290039063	3.10999751091003	950.59765625	3.10999751091003	932.115234375	3.10999751091003	949.611450195313	3.10999751091003	936.889587402344	3.10999751091003	966.587158203125	3.10999751091003	326.353912353516
3.11999750137329	860.86474609375	3.11999750137329	876.181762695313	3.11999750137329	897.654235839844	3.11999750137329	938.928405761719	3.11999750137329	961.220642089844	3.11999750137329	942.443786621094	3.11999750137329	960.270935058594	3.11999750137329	944.892395019531	3.11999750137329	976.194030761719	3.11999750137329	328.782287597656
3.12999749183655	868.097290039063	3.12999749183655	884.307250976563	3.12999749183655	906.160766601562	3.12999749183655	948.850769042969	3.12999749183655	971.843139648438	3.12999749183655	952.833923339844	3.12999749183655	970.982116699219	3.12999749183655	952.938171386719	3.12999749183655	985.826782226563	3.12999749183655	331.195007324219
3.1399974822998	875.575927734375	3.1399974822998	892.685241699219	3.1399974822998	914.86181640625	3.1399974822998	958.865356445313	3.1399974822998	982.46240234375	3.1399974822998	963.283569335938	3.1399974822998	981.741149902344	3.1399974822998	961.032958984375	3.1399974822998	995.48388671875	3.1399974822998	333.589141845703
3.14999747276306	883.312927246094	3.14999747276306	901.326232910156	3.14999747276306	923.763854980469	3.14999747276306	968.971496582031	3.14999747276306	993.075317382813	3.14999747276306	973.790344238281	3.14999747276306	992.543884277344	3.14999747276306	969.181884765625	3.14999747276306	1005.16302490234	3.14999747276306	335.962005615234
3.15999746322632	891.320373535156	3.15999746322632	910.239868164062	3.15999746322632	932.87255859375	3.15999746322632	979.168090820312	3.15999746322632	1003.6787109375	3.15999746322632	984.351013183594	3.15999746322632	1003.38549804688	3.15999746322632	977.388916015625	3.15999746322632	1014.86108398438	3.15999746322632	338.311004638672
3.16999745368958	899.610290527344	3.16999745368958	919.43505859375	3.16999745368958	942.192443847656	3.16999745368958	989.452453613281	3.16999745368958	1014.26934814453	3.16999745368958	994.961547851562	3.16999745368958	1014.26080322266	3.16999745368958	985.657409667969	3.16999745368958	1024.57482910156	3.16999745368958	340.6337890625
3.17999744415283	908.1943359375	3.17999744415283	928.919616699219	3.17999744415283	951.726867675781	3.17999744415283	999.820922851562	3.17999744415283	1024.84375	3.17999744415283	1005.61706542969	3.17999744415283	1025.16394042969	3.17999744415283	993.989379882813	3.17999744415283	1034.30041503906	3.17999744415283	342.928314208984
3.18999743461609	917.083923339844	3.18999743461609	938.700134277344	3.18999743461609	961.477966308594	3.18999743461609	1010.26892089844	3.18999743461609	1035.39892578125	3.18999743461609	1016.3125	3.18999743461609	1036.08874511719	3.18999743461609	1002.38555908203	3.18999743461609	1044.03369140625	3.18999743461609	345.192779541016
3.19999742507935	926.289672851562	3.19999742507935	948.781494140625	3.19999742507935	971.446228027344	3.19999742507935	1020.79089355469	3.19999742507935	1045.93103027344	3.19999742507935	1027.04187011719	3.19999742507935	1047.02941894531	3.19999742507935	1010.84619140625	3.19999742507935	1053.77014160156	3.19999742507935	347.425720214844
3.2099974155426	935.821716308594	3.2099974155426	959.167053222656	3.2099974155426	981.630615234375	3.2099974155426	1031.38024902344	3.2099974155426	1056.43713378906	3.2099974155426	1037.798828125	3.2099974155426	1057.97912597656	3.2099974155426	1019.36981201172	3.2099974155426	1063.5048828125	3.2099974155426	349.626129150391
3.21999740600586	945.688842773437	3.21999740600586	969.857666015625	3.21999740600586	992.028259277344	3.21999740600586	1042.02941894531	3.21999740600586	1066.91369628906	3.21999740600586	1048.57666015625	3.21999740600586	1068.93176269531	3.21999740600586	1027.95422363281	3.21999740600586	1073.23291015625	3.21999740600586	351.793334960937
3.22999739646912	955.898498535156	3.22999739646912	980.851989746094	3.22999739646912	1002.63464355469	3.22999739646912	1052.73059082031	3.22999739646912	1077.35803222656	3.22999739646912	1059.36853027344	3.22999739646912	1079.88073730469	3.22999739646912	1036.59631347656	3.22999739646912	1082.94946289062	3.22999739646912	353.92724609375
3.23999738693237	966.456359863281	3.23999738693237	992.14599609375	3.23999738693237	1013.44317626953	3.23999738693237	1063.47534179688	3.23999738693237	1087.76721191406	3.23999738693237	1070.1669921875	3.23999738693237	1090.81994628906	3.23999738693237	1045.29223632812	3.23999738693237	1092.64929199219	3.23999738693237	356.028228759766
3.24999737739563	977.365539550781	3.24999737739563	1003.73260498047	3.24999737739563	1024.44555664062	3.24999737739563	1074.25451660156	3.24999737739563	1098.13879394531	3.24999737739563	1080.96508789062	3.24999737739563	1101.74340820312	3.24999737739563	1054.03723144531	3.24999737739563	1102.32739257812	3.24999737739563	358.097229003906
3.25999736785889	988.626708984375	3.25999736785889	1015.60150146484	3.25999736785889	1035.63171386719	3.25999736785889	1085.05920410156	3.25999736785889	1108.47045898438	3.25999736785889	1091.75622558594	3.25999736785889	1112.64587402344	3.25999736785889	1062.82629394531	3.25999736785889	1111.97912597656	3.25999736785889	360.135955810547
3.26999735832214	1000.2373046875	3.26999735832214	1027.73962402344	3.26999735832214	1046.98974609375	3.26999735832214	1095.88049316406	3.26999735832214	1118.7607421875	3.26999735832214	1102.53344726562	3.26999735832214	1123.52221679688	3.26999735832214	1071.65441894531	3.26999735832214	1121.60021972656	3.26999735832214	362.146514892578
3.2799973487854	1012.19110107422	3.2799973487854	1040.13024902344	3.2799973487854	1058.50671386719	3.2799973487854	1106.70983886719	3.2799973487854	1129.00817871094	3.2799973487854	1113.29077148438	3.2799973487854	1134.36828613281	3.2799973487854	1080.51623535156	3.2799973487854	1131.18627929688	3.2799973487854	364.131866455078
3.28999733924866	1024.47802734375	3.28999733924866	1052.75476074219	3.28999733924866	1070.16833496094	3.28999733924866	1117.53894042969	3.28999733924866	1139.2119140625	3.28999733924866	1124.02270507812	3.28999733924866	1145.18017578125	3.28999733924866	1089.40686035156	3.28999733924866	1140.73400878906	3.28999733924866	366.095520019531
3.29999732971191	1037.08374023438	3.29999732971191	1065.59118652344	3.29999732971191	1081.95947265625	3.29999732971191	1128.36022949219	3.29999732971191	1149.37158203125	3.29999732971191	1134.72485351562	3.29999732971191	1155.95520019531	3.29999732971191	1098.322265625	3.29999732971191	1150.24035644531	3.29999732971191	368.041687011719
3.30999732017517	1049.98999023438	3.30999732017517	1078.61584472656	3.30999732017517	1093.86486816406	3.30999732017517	1139.16735839844	3.30999732017517	1159.48742675781	3.30999732017517	1145.39282226562	3.30999732017517	1166.69104003906	3.30999732017517	1107.25915527344	3.30999732017517	1159.70288085938	3.30999732017517	369.975128173828
3.31999731063843	1063.17419433594	3.31999731063843	1091.80407714844	3.31999731063843	1105.86926269531	3.31999731063843	1149.95434570312	3.31999731063843	1169.56005859375	3.31999731063843	1156.02404785156	3.31999731063843	1177.38647460938	3.31999731063843	1116.21569824219	3.31999731063843	1169.12023925781	3.31999731063843	371.900970458984
3.32999730110168	1076.61047363281	3.32999730110168	1105.13024902344	3.32999730110168	1117.9580078125	3.32999730110168	1160.71691894531	3.32999730110168	1179.5908203125	3.32999730110168	1166.61645507812	3.32999730110168	1188.041015625	3.32999730110168	1125.19152832031	3.32999730110168	1178.49169921875	3.32999730110168	373.824829101562
3.33999729156494	1090.26965332031	3.33999729156494	1118.56945800781	3.33999729156494	1130.11743164062	3.33999729156494	1171.45178222656	3.33999729156494	1189.58142089844	3.33999729156494	1177.16955566406	3.33999729156494	1198.65478515625	3.33999729156494	1134.18798828125	3.33999729156494	1187.8173828125	3.33999729156494	375.752410888672
3.3499972820282	1104.12072753906	3.3499972820282	1132.09790039062	3.3499972820282	1142.33532714844	3.3499972820282	1182.15686035156	3.3499972820282	1199.53442382812	3.3499972820282	1187.68322753906	3.3499972820282	1209.22875976562	3.3499972820282	1143.2080078125	3.3499972820282	1197.09838867188	3.3499972820282	377.689514160156
3.35999727249146	1118.13134765625	3.35999727249146	1145.69384765625	3.35999727249146	1154.60131835938	3.35999727249146	1192.83142089844	3.35999727249146	1209.45239257812	3.35999727249146	1198.15881347656	3.35999727249146	1219.76489257812	3.35999727249146	1152.25732421875	3.35999727249146	1206.3369140625	3.35999727249146	379.641662597656
3.36999726295471	1132.26928710938	3.36999726295471	1159.33837890625	3.36999726295471	1166.90734863281	3.36999726295471	1203.47619628906	3.36999726295471	1219.3388671875	3.36999726295471	1208.59912109375	3.36999726295471	1230.26538085938	3.36999726295471	1161.34301757812	3.36999726295471	1215.5361328125	3.36999726295471	381.614135742188
3.37999725341797	1146.50354003906	3.37999725341797	1173.01586914062	3.37999725341797	1179.24768066406	3.37999725341797	1214.09301757812	3.37999725341797	1229.19775390625	3.37999725341797	1219.00732421875	3.37999725341797	1240.73327636719	3.37999725341797	1170.47448730469	3.37999725341797	1224.69995117188	3.37999725341797	383.611480712891
3.38999724388123	1160.80529785156	3.38999724388123	1186.71447753906	3.38999724388123	1191.61877441406	3.38999724388123	1224.68469238281	3.38999724388123	1239.033203125	3.38999724388123	1229.3876953125	3.38999724388123	1251.17211914062	3.38999724388123	1179.66296386719	3.38999724388123	1233.83349609375	3.38999724388123	385.637573242188
3.39999723434448	1175.14904785156	3.39999723434448	1200.42651367188	3.39999723434448	1204.02014160156	3.39999723434448	1235.25549316406	3.39999723434448	1248.85009765625	3.39999723434448	1239.74536132812	3.39999723434448	1261.58557128906	3.39999723434448	1188.92150878906	3.39999723434448	1242.94311523438	3.39999723434448	387.695251464844
3.40999722480774	1189.51342773438	3.40999722480774	1214.14794921875	3.40999722480774	1216.45349121094	3.40999722480774	1245.81030273438	3.40999722480774	1258.6533203125	3.40999722480774	1250.08618164062	3.40999722480774	1271.97790527344	3.40999722480774	1198.26513671875	3.40999722480774	1252.03576660156	3.40999722480774	389.786407470703
3.419997215271	1203.88171386719	3.419997215271	1227.87902832031	3.419997215271	1228.92297363281	3.419997215271	1256.35498046875	3.419997215271	1268.44812011719	3.419997215271	1260.41674804688	3.419997215271	1282.35375976562	3.419997215271	1207.70971679688	3.419997215271	1261.11901855469	3.419997215271	391.911743164063
3.42999720573425	1218.24157714844	3.42999720573425	1241.62341308594	3.42999720573425	1241.43444824219	3.42999720573425	1266.89562988281	3.42999720573425	1278.24011230469	3.42999720573425	1270.74389648438	3.42999720573425	1292.71765136719	3.42999720573425	1217.27294921875	3.42999720573425	1270.20153808594	3.42999720573425	394.07080078125
3.43999719619751	1232.58618164062	3.43999719619751	1255.38745117188	3.43999719619751	1253.99633789062	3.43999719619751	1277.439453125	3.43999719619751	1288.03491210938	3.43999719619751	1281.07482910156	3.43999719619751	1303.07421875	3.43999719619751	1226.97338867188	3.43999719619751	1279.29272460938	3.43999719619751	396.261871337891
3.44999718666077	1246.91271972656	3.44999718666077	1269.18054199219	3.44999718666077	1266.61804199219	3.44999718666077	1287.99353027344	3.44999718666077	1297.83850097656	3.44999718666077	1291.41723632812	3.44999718666077	1313.42785644531	3.44999718666077	1236.83032226562	3.44999718666077	1288.40222167969	3.44999718666077	398.482238769531
3.45999717712402	1261.22265625	3.45999717712402	1283.01354980469	3.45999717712402	1279.31018066406	3.45999717712402	1298.56506347656	3.45999717712402	1307.65661621094	3.45999717712402	1301.77856445312	3.45999717712402	1323.78308105469	3.45999717712402	1246.86364746094	3.45999717712402	1297.54040527344	3.45999717712402	400.727966308594
3.46999716758728	1275.52075195312	3.46999716758728	1296.89855957031	3.46999716758728	1292.08410644531	3.46999716758728	1309.16174316406	3.46999716758728	1317.49548339844	3.46999716758728	1312.16638183594	3.46999716758728	1334.14428710938	3.46999716758728	1257.09411621094	3.46999716758728	1306.71789550781	3.46999716758728	402.994323730469
3.47999715805054	1289.81481933594	3.47999715805054	1310.84777832031	3.47999715805054	1304.951171875	3.47999715805054	1319.79052734375	3.47999715805054	1327.36059570312	3.47999715805054	1322.587890625	3.47999715805054	1344.51538085938	3.47999715805054	1267.54260253906	3.47999715805054	1315.94567871094	3.47999715805054	405.275726318359
3.48999714851379	1304.11376953125	3.48999714851379	1324.87329101562	3.48999714851379	1317.9228515625	3.48999714851379	1330.45861816406	3.48999714851379	1337.25830078125	3.48999714851379	1333.05041503906	3.48999714851379	1354.90002441406	3.48999714851379	1278.23010253906	3.48999714851379	1325.23498535156	3.48999714851379	407.565948486328
3.49999713897705	1318.427734375	3.49999713897705	1338.98583984375	3.49999713897705	1331.00964355469	3.49999713897705	1341.17236328125	3.49999713897705	1347.19396972656	3.49999713897705	1343.56066894531	3.49999713897705	1365.30212402344	3.49999713897705	1289.17785644531	3.49999713897705	1334.59692382812	3.49999713897705	409.858367919922
3.50999712944031	1332.76647949219	3.50999712944031	1353.19409179688	3.50999712944031	1344.22082519531	3.50999712944031	1351.93798828125	3.50999712944031	1357.17333984375	3.50999712944031	1354.125	3.50999712944031	1375.72412109375	3.50999712944031	1300.40686035156	3.50999712944031	1344.04272460938	3.50999712944031	412.146057128906
3.51999711990356	1347.13842773438	3.51999711990356	1367.50402832031	3.51999711990356	1357.56420898438	3.51999711990356	1362.76098632812	3.51999711990356	1367.20190429688	3.51999711990356	1364.74914550781	3.51999711990356	1386.16931152344	3.51999711990356	1311.93737792969	3.51999711990356	1353.58337402344	3.51999711990356	414.422058105469
3.52999711036682	1361.55065917969	3.52999711036682	1381.91857910156	3.52999711036682	1371.04528808594	3.52999711036682	1373.64599609375	3.52999711036682	1377.28491210938	3.52999711036682	1375.43823242188	3.52999711036682	1396.64001464844	3.52999711036682	1323.78930664062	3.52999711036682	1363.22973632812	3.52999711036682	416.6796875
3.53999710083008	1376.00671386719	3.53999710083008	1396.43664550781	3.53999710083008	1384.66735839844	3.53999710083008	1384.59692382812	3.53999710083008	1387.42749023438	3.53999710083008	1386.19689941406	3.53999710083008	1407.13818359375	3.53999710083008	1335.98083496094	3.53999710083008	1372.99230957031	3.53999710083008	418.912628173828
3.54999709129334	1390.50659179688	3.54999709129334	1411.05358886719	3.54999709129334	1398.43029785156	3.54999709129334	1395.61669921875	3.54999709129334	1397.63427734375	3.54999709129334	1397.02856445312	3.54999709129334	1417.66552734375	3.54999709129334	1348.52917480469	3.54999709129334	1382.880859375	3.54999709129334	421.115234375
3.55999708175659	1405.04638671875	3.55999708175659	1425.75964355469	3.55999708175659	1412.3310546875	3.55999708175659	1406.70788574219	3.55999708175659	1407.90991210938	3.55999708175659	1407.93627929688	3.55999708175659	1428.22375488281	3.55999708175659	1361.44860839844	3.55999708175659	1392.9052734375	3.55999708175659	423.282745361328
3.56999707221985	1419.61755371094	3.56999707221985	1440.54162597656	3.56999707221985	1426.36340332031	3.56999707221985	1417.87133789062	3.56999707221985	1418.25842285156	3.56999707221985	1418.92211914062	3.56999707221985	1438.81420898438	3.56999707221985	1374.75085449219	3.56999707221985	1403.07373046875	3.56999707221985	425.411560058594
3.57999706268311	1434.20678710938	3.57999706268311	1455.38195800781	3.57999706268311	1440.51782226562	3.57999706268311	1429.107421875	3.57999706268311	1428.68383789062	3.57999706268311	1429.9873046875	3.57999706268311	1449.43798828125	3.57999706268311	1388.44396972656	3.57999706268311	1413.39440917969	3.57999706268311	427.499267578125
3.58999705314636	1448.79638671875	3.58999705314636	1470.259765625	3.58999705314636	1454.78125	3.58999705314636	1440.41516113281	3.58999705314636	1439.18969726562	3.58999705314636	1441.13208007812	3.58999705314636	1460.09582519531	3.58999705314636	1402.53125	3.58999705314636	1423.87438964844	3.58999705314636	429.544830322266
3.59999704360962	1463.36486816406	3.59999704360962	1485.15185546875	3.59999704360962	1469.13818359375	3.59999704360962	1451.79309082031	3.59999704360962	1449.77905273438	3.59999704360962	1452.35583496094	3.59999704360962	1470.78881835938	3.59999704360962	1417.01147460938	3.59999704360962	1434.51940917969	3.59999704360962	431.548889160156
3.60999703407288	1477.88671875	3.60999703407288	1500.03283691406	3.60999703407288	1483.57055664062	3.60999703407288	1463.23864746094	3.60999703407288	1460.45483398438	3.60999703407288	1463.65771484375	3.60999703407288	1481.51818847656	3.60999703407288	1431.87622070312	3.60999703407288	1445.33447265625	3.60999703407288	433.513336181641
3.61999702453613	1492.33471679687	3.61999702453613	1514.87744140625	3.61999702453613	1498.05871582031	3.61999702453613	1474.74877929687	3.61999702453613	1471.21948242187	3.61999702453613	1475.03552246094	3.61999702453613	1492.28466796875	3.61999702453613	1447.11157226562	3.61999702453613	1456.32348632813	3.61999702453613	435.441711425781
3.62999701499939	1506.67993164062	3.62999701499939	1529.66052246094	3.62999701499939	1512.58166503906	3.62999701499939	1486.31945800781	3.62999701499939	1482.07495117187	3.62999701499939	1486.48669433594	3.62999701499939	1503.08959960938	3.62999701499939	1462.6962890625	3.62999701499939	1467.48876953125	3.62999701499939	437.338806152344
3.63999700546265	1520.89392089844	3.63999700546265	1544.35888671875	3.63999700546265	1527.11865234375	3.63999700546265	1497.94665527344	3.63999700546265	1493.02319335938	3.63999700546265	1498.00854492187	3.63999700546265	1513.9345703125	3.63999700546265	1478.60290527344	3.63999700546265	1478.83203125	3.63999700546265	439.210540771484
3.6499969959259	1534.94921875	3.6499969959259	1558.9521484375	3.6499969959259	1541.65002441406	3.6499969959259	1509.6259765625	3.6499969959259	1504.06579589844	3.6499969959259	1509.59765625	3.6499969959259	1524.82165527344	3.6499969959259	1494.79699707031	3.6499969959259	1490.35339355469	3.6499969959259	441.063781738281
3.65999698638916	1548.82116699219	3.65999698638916	1573.42407226562	3.65999698638916	1556.15747070313	3.65999698638916	1521.35327148438	3.65999698638916	1515.20385742187	3.65999698638916	1521.25085449219	3.65999698638916	1535.75329589844	3.65999698638916	1511.23950195313	3.65999698638916	1502.05236816406	3.65999698638916	442.905883789063
3.66999697685242	1562.48864746094	3.66999697685242	1587.76232910156	3.66999697685242	1570.62536621094	3.66999697685242	1533.12451171875	3.66999697685242	1526.43884277344	3.66999697685242	1532.96496582031	3.66999697685242	1546.73205566406	3.66999697685242	1527.88745117187	3.66999697685242	1513.92736816406	3.66999697685242	444.744506835937
3.67999696731567	1575.93518066406	3.67999696731567	1601.95971679687	3.67999696731567	1585.04113769531	3.67999696731567	1544.93615722656	3.67999696731567	1537.77160644531	3.67999696731567	1544.73706054687	3.67999696731567	1557.76184082031	3.67999696731567	1544.69543457031	3.67999696731567	1525.97631835938	3.67999696731567	446.587158203125
3.68999695777893	1589.14953613281	3.68999695777893	1616.01391601562	3.68999695777893	1599.39599609375	3.68999695777893	1556.78576660156	3.68999695777893	1549.20349121094	3.68999695777893	1556.56494140625	3.68999695777893	1568.84655761719	3.68999695777893	1561.61865234375	3.68999695777893	1538.19665527344	3.68999695777893	448.441009521484
3.69999694824219	1602.12548828125	3.69999694824219	1629.92736816406	3.69999694824219	1613.68493652344	3.69999694824219	1568.67138671875	3.69999694824219	1560.7353515625	3.69999694824219	1568.44653320313	3.69999694824219	1579.9912109375	3.69999694824219	1578.61413574219	3.69999694824219	1550.58520507813	3.69999694824219	450.312408447266
3.70999693870544	1614.86267089844	3.70999693870544	1643.70739746094	3.70999693870544	1627.90698242187	3.70999693870544	1580.59240722656	3.70999693870544	1572.36877441406	3.70999693870544	1580.38098144531	3.70999693870544	1591.20153808594	3.70999693870544	1595.642578125	3.70999693870544	1563.13903808594	3.70999693870544	452.206756591797
3.7199969291687	1627.36596679687	3.7199969291687	1657.36474609375	3.7199969291687	1642.06481933594	3.7199969291687	1592.54943847656	3.7199969291687	1584.10510253906	3.7199969291687	1592.36853027344	3.7199969291687	1602.48352050781	3.7199969291687	1612.6708984375	3.7199969291687	1575.85546875	3.7199969291687	454.128265380859
3.72999691963196	1639.64514160156	3.72999691963196	1670.9140625	3.72999691963196	1656.16467285156	3.72999691963196	1604.54443359375	3.72999691963196	1595.94616699219	3.72999691963196	1604.41003417969	3.72999691963196	1613.84448242187	3.72999691963196	1629.67199707031	3.72999691963196	1588.73181152344	3.72999691963196	456.079742431641
3.73999691009521	1651.71496582031	3.73999691009521	1684.37243652344	3.73999691009521	1670.2158203125	3.73999691009521	1616.58081054687	3.73999691009521	1607.89392089844	3.73999691009521	1616.5078125	3.73999691009521	1625.29187011719	3.73999691009521	1646.62646484375	3.73999691009521	1601.76635742187	3.73999691009521	458.062774658203
3.74999690055847	1663.59326171875	3.74999690055847	1697.75891113281	3.74999690055847	1684.23010253906	3.74999690055847	1628.66296386719	3.74999690055847	1619.95104980469	3.74999690055847	1628.66479492187	3.74999690055847	1636.833984375	3.74999690055847	1663.52185058594	3.74999690055847	1614.9580078125	3.74999690055847	460.077392578125
3.75999689102173	1675.30200195313	3.75999689102173	1711.09375	3.75999689102173	1698.22106933594	3.75999689102173	1640.79724121094	3.75999689102173	1632.1201171875	3.75999689102173	1640.88537597656	3.75999689102173	1648.47961425781	3.75999689102173	1680.35241699219	3.75999689102173	1628.30676269531	3.75999689102173	462.122283935547
3.76999688148499	1686.86547851562	3.76999688148499	1724.3974609375	3.76999688148499	1712.20336914062	3.76999688148499	1652.99060058594	3.76999688148499	1644.404296875	3.76999688148499	1653.17492675781	3.76999688148499	1660.23791503906	3.76999688148499	1697.11840820313	3.76999688148499	1641.81286621094	3.76999688148499	464.194885253906
3.77999687194824	1698.31005859375	3.77999687194824	1737.69030761719	3.77999687194824	1726.1923828125	3.77999687194824	1665.25170898438	3.77999687194824	1656.80725097656	3.77999687194824	1665.53967285156	3.77999687194824	1672.11877441406	3.77999687194824	1713.82446289062	3.77999687194824	1655.47863769531	3.77999687194824	466.291656494141
3.7899968624115	1709.6640625	3.7899968624115	1750.99157714844	3.7899968624115	1740.20324707031	3.7899968624115	1677.58984375	3.7899968624115	1669.33264160156	3.7899968624115	1677.98645019531	3.7899968624115	1684.1318359375	3.7899968624115	1730.47827148438	3.7899968624115	1669.30651855469	3.7899968624115	468.407806396484
3.79999685287476	1720.95617675781	3.79999685287476	1764.31872558594	3.79999685287476	1754.24987792969	3.79999685287476	1690.01513671875	3.79999685287476	1681.98486328125	3.79999685287476	1690.52331542969	3.79999685287476	1696.287109375	3.79999685287476	1747.08947753906	3.79999685287476	1683.30041503906	3.79999685287476	470.538024902344
3.80999684333801	1732.21606445313	3.80999684333801	1777.68701171875	3.80999684333801	1768.34521484375	3.80999684333801	1702.53857421875	3.80999684333801	1694.76782226562	3.80999684333801	1703.15832519531	3.80999684333801	1708.59460449219	3.80999684333801	1763.66735839844	3.80999684333801	1697.46423339844	3.80999684333801	472.676361083984
3.81999683380127	1743.47277832031	3.81999683380127	1791.10888671875	3.81999683380127	1782.49987792969	3.81999683380127	1715.17114257813	3.81999683380127	1707.68603515625	3.81999683380127	1715.90002441406	3.81999683380127	1721.06408691406	3.81999683380127	1780.22045898438	3.81999683380127	1711.80297851562	3.81999683380127	474.816436767578
3.82999682426453	1754.75549316406	3.82999682426453	1804.59387207031	3.82999682426453	1796.72180175781	3.82999682426453	1727.92419433594	3.82999682426453	1720.74389648438	3.82999682426453	1728.75732421875	3.82999682426453	1733.70483398438	3.82999682426453	1796.75439453125	3.82999682426453	1726.32177734375	3.82999682426453	476.951904296875
3.83999681472778	1766.091796875	3.83999681472778	1818.1474609375	3.83999681472778	1811.01599121094	3.83999681472778	1740.80895996094	3.83999681472778	1733.94580078125	3.83999681472778	1741.73840332031	3.83999681472778	1746.52563476562	3.83999681472778	1813.27172851562	3.83999681472778	1741.02551269531	3.83999681472778	479.076416015625
3.84999680519104	1777.50793457031	3.84999680519104	1831.77185058594	3.84999680519104	1825.38415527344	3.84999680519104	1753.83557128906	3.84999680519104	1747.29541015625	3.84999680519104	1754.85144042969	3.84999680519104	1759.53454589844	3.84999680519104	1829.76989746094	3.84999680519104	1755.91857910156	3.84999680519104	481.184051513672
3.8599967956543	1789.02807617187	3.8599967956543	1845.46484375	3.8599967956543	1839.82458496094	3.8599967956543	1767.01428222656	3.8599967956543	1760.79663085938	3.8599967956543	1768.10412597656	3.8599967956543	1772.73828125	3.8599967956543	1846.24230957031	3.8599967956543	1771.00415039062	3.8599967956543	483.269378662109
3.86999678611755	1800.673828125	3.86999678611755	1859.22058105469	3.86999678611755	1854.33190917969	3.86999678611755	1780.35339355469	3.86999678611755	1774.45227050781	3.86999678611755	1781.50268554687	3.86999678611755	1786.14270019531	3.86999678611755	1862.67687988281	3.86999678611755	1786.28491210938	3.86999678611755	485.327850341797
3.87999677658081	1812.46411132813	3.87999677658081	1873.02978515625	3.87999677658081	1868.89733886719	3.87999677658081	1793.86010742187	3.87999677658081	1788.26440429687	3.87999677658081	1795.05249023438	3.87999677658081	1799.75207519531	3.87999677658081	1879.05786132813	3.87999677658081	1801.76098632813	3.87999677658081	487.355682373047
3.88999676704407	1824.41394042969	3.88999676704407	1886.87915039062	3.88999676704407	1883.50891113281	3.88999676704407	1807.53979492187	3.88999676704407	1802.23474121094	3.88999676704407	1808.75732421875	3.88999676704407	1813.56884765625	3.88999676704407	1895.36437988281	3.88999676704407	1817.43127441406	3.88999676704407	489.350372314453
3.89999675750732	1836.53515625	3.89999675750732	1900.75354003906	3.89999675750732	1898.15246582031	3.89999675750732	1821.39575195313	3.89999675750732	1816.36340332031	3.89999675750732	1822.61962890625	3.89999675750732	1827.59362792969	3.89999675750732	1911.57348632813	3.89999675750732	1833.29162597656	3.89999675750732	491.310638427734
3.90999674797058	1848.83520507813	3.90999674797058	1914.63513183594	3.90999674797058	1912.81103515625	3.90999674797058	1835.42919921875	3.90999674797058	1830.64978027344	3.90999674797058	1836.64001464844	3.90999674797058	1841.82507324219	3.90999674797058	1927.65966796875	3.90999674797058	1849.33569335938	3.90999674797058	493.236328125
3.91999673843384	1861.31677246094	3.91999673843384	1928.5048828125	3.91999673843384	1927.46716308594	3.91999673843384	1849.63903808594	3.91999673843384	1845.091796875	3.91999673843384	1850.81689453125	3.91999673843384	1856.26000976562	3.91999673843384	1943.59753417969	3.91999673843384	1865.55456542969	3.91999673843384	495.128662109375
3.9299967288971	1873.97924804687	3.9299967288971	1942.34387207031	3.9299967288971	1942.1025390625	3.9299967288971	1864.02160644531	3.9299967288971	1859.68676757813	3.9299967288971	1865.14733886719	3.9299967288971	1870.89306640625	3.9299967288971	1959.36181640625	3.9299967288971	1881.93676757813	3.9299967288971	496.990264892578
3.93999671936035	1886.81689453125	3.93999671936035	1956.1328125	3.93999671936035	1956.69946289062	3.93999671936035	1878.57080078125	3.93999671936035	1874.43005371094	3.93999671936035	1879.62609863281	3.93999671936035	1885.71704101562	3.93999671936035	1974.9296875	3.93999671936035	1898.46887207031	3.93999671936035	498.824676513672
3.94999670982361	1899.82067871094	3.94999670982361	1969.85498046875	3.94999670982361	1971.24182128906	3.94999670982361	1893.27905273438	3.94999670982361	1889.31689453125	3.94999670982361	1894.24658203125	3.94999670982361	1900.72314453125	3.94999670982361	1990.28112792969	3.94999670982361	1915.13525390625	3.94999670982361	500.636810302734
3.95999670028687	1912.97778320313	3.95999670028687	1983.49523925781	3.95999670028687	1985.71520996094	3.95999670028687	1908.13647460938	3.95999670028687	1904.34130859375	3.95999670028687	1909.00134277344	3.95999670028687	1915.90124511719	3.95999670028687	2005.40087890625	3.95999670028687	1931.91931152344	3.95999670028687	502.432098388672
3.96999669075012	1926.2724609375	3.96999669075012	1997.04174804687	3.96999669075012	2000.10827636719	3.96999669075012	1923.1318359375	3.96999669075012	1919.49670410156	3.96999669075012	1923.88134765625	3.96999669075012	1931.240234375	3.96999669075012	2020.27770996094	3.96999669075012	1948.80444335938	3.96999669075012	504.216827392578
3.97999668121338	1939.68737792969	3.97999668121338	2010.48669433594	3.97999668121338	2014.41271972656	3.97999668121338	1938.25402832031	3.97999668121338	1934.77600097656	3.97999668121338	1938.87756347656	3.97999668121338	1946.72827148438	3.97999668121338	2034.90612792969	3.97999668121338	1965.77368164062	3.97999668121338	505.997467041016
3.98999667167664	1953.20397949219	3.98999667167664	2023.82531738281	3.98999667167664	2028.62463378906	3.98999667167664	1953.49047851562	3.98999667167664	1950.17248535156	3.98999667167664	1953.98120117187	3.98999667167664	1962.35424804687	3.98999667167664	2049.28442382813	3.98999667167664	1982.81115722656	3.98999667167664	507.78076171875
3.99999666213989	1966.80383300781	3.99999666213989	2037.05749511719	3.99999666213989	2042.74291992187	3.99999666213989	1968.830078125	3.99999666213989	1965.67932128906	3.99999666213989	1969.18310546875	3.99999666213989	1978.10693359375	3.99999666213989	2063.41625976562	3.99999666213989	1999.90344238281	3.99999666213989	509.573120117188
4.00999689102173	1980.47009277344	4.00999689102173	2050.1875	4.00999689102173	2056.77099609375	4.00999689102173	1984.2626953125	4.00999689102173	1981.29016113281	4.00999689102173	1984.47619628906	4.00999689102173	1993.97644042969	4.00999689102173	2077.3095703125	4.00999689102173	2017.03845214844	4.00999689102173	511.38037109375
4.01999711990356	1994.1875	4.01999711990356	2063.22290039062	4.01999711990356	2070.71459960938	4.01999711990356	1999.779296875	4.01999711990356	1997	4.01999711990356	1999.85412597656	4.01999711990356	2009.95446777344	4.01999711990356	2090.97583007813	4.01999711990356	2034.20739746094	4.01999711990356	513.207580566406
4.0299973487854	2007.9443359375	4.0299973487854	2076.17529296875	4.0299973487854	2084.58374023438	4.0299973487854	2015.37353515625	4.0299973487854	2012.80456542969	4.0299973487854	2015.31286621094	4.0299973487854	2026.0341796875	4.0299973487854	2104.42919921875	4.0299973487854	2051.404296875	4.0299973487854	515.058776855469
4.03999757766724	2021.73254394531	4.03999757766724	2089.0595703125	4.03999757766724	2098.39013671875	4.03999757766724	2031.04125976562	4.03999757766724	2028.70080566406	4.03999757766724	2030.84997558594	4.03999757766724	2042.21081542969	4.03999757766724	2117.6865234375	4.03999757766724	2068.6259765625	4.03999757766724	516.936767578125
4.04999780654907	2035.54895019531	4.04999780654907	2101.89282226562	4.04999780654907	2112.14819335938	4.04999780654907	2046.78088378906	4.04999780654907	2044.68676757813	4.04999780654907	2046.46569824219	4.04999780654907	2058.48168945313	4.04999780654907	2130.76586914062	4.04999780654907	2085.8720703125	4.04999780654907	518.842834472656
4.05999803543091	2049.39501953125	4.05999803543091	2114.6943359375	4.05999803543091	2125.87231445313	4.05999803543091	2062.59350585938	4.05999803543091	2060.76220703125	4.05999803543091	2062.162109375	4.05999803543091	2074.84619140625	4.05999803543091	2143.68627929687	4.05999803543091	2103.14428710938	4.05999803543091	520.77685546875
4.06999826431274	2063.27685546875	4.06999826431274	2127.48559570313	4.06999826431274	2139.5791015625	4.06999826431274	2078.48266601562	4.06999826431274	2076.92797851562	4.06999826431274	2077.94287109375	4.06999826431274	2091.30493164062	4.06999826431274	2156.46728515625	4.06999826431274	2120.4462890625	4.06999826431274	522.7373046875
4.07999849319458	2077.2060546875	4.07999849319458	2140.28784179687	4.07999849319458	2153.28393554687	4.07999849319458	2094.45385742187	4.07999849319458	2093.185546875	4.07999849319458	2093.81469726562	4.07999849319458	2107.86010742187	4.07999849319458	2169.12768554687	4.07999849319458	2137.78198242187	4.07999849319458	524.721008300781
4.08999872207642	2091.19799804687	4.08999872207642	2153.12377929687	4.08999872207642	2167.0029296875	4.08999872207642	2110.5146484375	4.08999872207642	2109.53784179687	4.08999872207642	2109.78442382813	4.08999872207642	2124.51489257813	4.08999872207642	2181.68627929687	4.08999872207642	2155.15649414062	4.08999872207642	526.723571777344
4.09999895095825	2105.27319335938	4.09999895095825	2166.0146484375	4.09999895095825	2180.75	4.09999895095825	2126.6728515625	4.09999895095825	2125.98754882813	4.09999895095825	2125.86010742187	4.09999895095825	2141.2724609375	4.09999895095825	2194.16015625	4.09999895095825	2172.57373046875	4.09999895095825	528.739318847656
4.10999917984009	2119.45385742187	4.10999917984009	2178.98095703125	4.10999917984009	2194.53759765625	4.10999917984009	2142.93798828125	4.10999917984009	2142.5380859375	4.10999917984009	2142.05004882813	4.10999917984009	2158.13647460938	4.10999917984009	2206.56567382813	4.10999917984009	2190.03686523438	4.10999917984009	530.761901855469
4.11999940872192	2133.7666015625	4.11999940872192	2192.04272460938	4.11999940872192	2208.37548828125	4.11999940872192	2159.31811523438	4.11999940872192	2159.1923828125	4.11999940872192	2158.36254882813	4.11999940872192	2175.10913085938	4.11999940872192	2218.91650390625	4.11999940872192	2207.546875	4.11999940872192	532.783996582031
4.12999963760376	2148.23876953125	4.12999963760376	2205.21606445313	4.12999963760376	2222.27221679687	4.12999963760376	2175.82104492187	4.12999963760376	2175.95288085938	4.12999963760376	2174.80493164062	4.12999963760376	2192.19140625	4.12999963760376	2231.22607421875	4.12999963760376	2225.10278320313	4.12999963760376	534.798217773438
4.1399998664856	2162.8984375	4.1399998664856	2218.51538085938	4.1399998664856	2236.23168945313	4.1399998664856	2192.4521484375	4.1399998664856	2192.82104492187	4.1399998664856	2191.38256835938	4.1399998664856	2209.3828125	4.1399998664856	2243.50390625	4.1399998664856	2242.70068359375	4.1399998664856	536.797058105469
4.15000009536743	2177.7734375	4.15000009536743	2231.95141601562	4.15000009536743	2250.255859375	4.15000009536743	2209.21533203125	4.15000009536743	2209.79711914062	4.15000009536743	2208.09912109375	4.15000009536743	2226.67993164062	4.15000009536743	2255.75952148438	4.15000009536743	2260.333984375	4.15000009536743	538.773376464844
4.16000032424927	2192.88916015625	4.16000032424927	2245.53149414062	4.16000032424927	2264.34301757813	4.16000032424927	2226.11083984375	4.16000032424927	2226.8798828125	4.16000032424927	2224.95581054687	4.16000032424927	2244.07763671875	4.16000032424927	2267.99951171875	4.16000032424927	2277.99365234375	4.16000032424927	540.721008300781
4.1700005531311	2208.26831054687	4.1700005531311	2259.25927734375	4.1700005531311	2278.48828125	4.1700005531311	2243.13598632813	4.1700005531311	2244.06616210938	4.1700005531311	2241.95043945313	4.1700005531311	2261.56787109375	4.1700005531311	2280.22900390625	4.1700005531311	2295.66821289062	4.1700005531311	542.634765625
4.18000078201294	2223.92797851562	4.18000078201294	2273.1337890625	4.18000078201294	2292.68408203125	4.18000078201294	2260.28466796875	4.18000078201294	2261.35131835938	4.18000078201294	2259.07836914062	4.18000078201294	2279.14038085938	4.18000078201294	2292.451171875	4.18000078201294	2313.34448242187	4.18000078201294	544.510925292969
4.19000101089478	2239.88110351562	4.19000101089478	2287.14990234375	4.19000101089478	2306.92016601562	4.19000101089478	2277.54663085938	4.19000101089478	2278.7294921875	4.19000101089478	2276.33154296875	4.19000101089478	2296.78198242187	4.19000101089478	2304.66845703125	4.19000101089478	2331.00805664062	4.19000101089478	546.347595214844
4.20000123977661	2256.13208007813	4.20000123977661	2301.298828125	4.20000123977661	2321.1845703125	4.20000123977661	2294.90942382813	4.20000123977661	2296.19262695313	4.20000123977661	2293.69873046875	4.20000123977661	2314.47924804687	4.20000123977661	2316.88208007813	4.20000123977661	2348.64404296875	4.20000123977661	548.144836425781
4.21000146865845	2272.67724609375	4.21000146865845	2315.568359375	4.21000146865845	2335.4638671875	4.21000146865845	2312.35693359375	4.21000146865845	2313.73168945313	4.21000146865845	2311.1669921875	4.21000146865845	2332.216796875	4.21000146865845	2329.09301757813	4.21000146865845	2366.23852539062	4.21000146865845	549.904602050781
4.22000169754028	2289.5048828125	4.22000169754028	2329.94311523438	4.22000169754028	2349.74438476562	4.22000169754028	2329.87158203125	4.22000169754028	2331.33715820313	4.22000169754028	2328.72119140625	4.22000169754028	2349.97900390625	4.22000169754028	2341.30249023438	4.22000169754028	2383.7783203125	4.22000169754028	551.631042480469
4.23000192642212	2306.59448242187	4.23000192642212	2344.40698242187	4.23000192642212	2364.01245117187	4.23000192642212	2347.43530273438	4.23000192642212	2348.9990234375	4.23000192642212	2346.34521484375	4.23000192642212	2367.75146484375	4.23000192642212	2353.51220703125	4.23000192642212	2401.25341796875	4.23000192642212	553.330078125
4.24000215530396	2323.91772460938	4.24000215530396	2358.94165039062	4.24000215530396	2378.2568359375	4.24000215530396	2365.02905273438	4.24000215530396	2366.70776367187	4.24000215530396	2364.02294921875	4.24000215530396	2385.52172851562	4.24000215530396	2365.724609375	4.24000215530396	2418.65625	4.24000215530396	555.00927734375
4.25000238418579	2341.43920898438	4.25000238418579	2373.52978515625	4.25000238418579	2392.46728515625	4.25000238418579	2382.63647460938	4.25000238418579	2384.4541015625	4.25000238418579	2381.7392578125	4.25000238418579	2403.27807617187	4.25000238418579	2377.9443359375	4.25000238418579	2435.98217773438	4.25000238418579	556.67724609375
4.26000261306763	2359.11987304687	4.26000261306763	2388.15551757813	4.26000261306763	2406.63671875	4.26000261306763	2400.24243164062	4.26000261306763	2402.23120117187	4.26000261306763	2399.48071289062	4.26000261306763	2421.0126953125	4.26000261306763	2390.17846679687	4.26000261306763	2453.23046875	4.26000261306763	558.343383789063
4.27000284194946	2376.91845703125	4.27000284194946	2402.8056640625	4.27000284194946	2420.76171875	4.27000284194946	2417.83544921875	4.27000284194946	2420.03247070313	4.27000284194946	2417.23706054687	4.27000284194946	2438.720703125	4.27000284194946	2402.43530273438	4.27000284194946	2470.40356445313	4.27000284194946	560.017028808594
4.2800030708313	2394.7939453125	4.2800030708313	2417.47045898438	4.2800030708313	2434.8427734375	4.2800030708313	2435.408203125	4.2800030708313	2437.85400390625	4.2800030708313	2435.00048828125	4.2800030708313	2456.40063476562	4.2800030708313	2414.72705078125	4.2800030708313	2487.50756835938	4.2800030708313	561.706848144531
4.29000329971313	2412.70947265625	4.29000329971313	2432.14453125	4.29000329971313	2448.88452148438	4.29000329971313	2452.95678710938	4.29000329971313	2455.69409179687	4.29000329971313	2452.76684570313	4.29000329971313	2474.05395507813	4.29000329971313	2427.06884765625	4.29000329971313	2504.55004882813	4.29000329971313	563.420471191406
4.30000352859497	2430.63403320313	4.30000352859497	2446.8271484375	4.30000352859497	2462.89575195313	4.30000352859497	2470.48120117187	4.30000352859497	2473.55249023438	4.30000352859497	2470.53540039062	4.30000352859497	2491.68579101562	4.30000352859497	2439.4775390625	4.30000352859497	2521.54223632813	4.30000352859497	565.163757324219
4.31000375747681	2448.54467773438	4.31000375747681	2461.52294921875	4.31000375747681	2476.88891601562	4.31000375747681	2487.98608398438	4.31000375747681	2491.4306640625	4.31000375747681	2488.30810546875	4.31000375747681	2509.30224609375	4.31000375747681	2451.97387695313	4.31000375747681	2538.49536132813	4.31000375747681	566.940551757812
4.32000398635864	2466.427734375	4.32000398635864	2476.24169921875	4.32000398635864	2490.87963867187	4.32000398635864	2505.47875976562	4.32000398635864	2509.33203125	4.32000398635864	2506.09057617187	4.32000398635864	2526.912109375	4.32000398635864	2464.58081054687	4.32000398635864	2555.42163085938	4.32000398635864	568.752258300781
4.33000421524048	2484.27880859375	4.33000421524048	2490.99731445313	4.33000421524048	2504.88793945313	4.33000421524048	2522.96948242187	4.33000421524048	2527.26025390625	4.33000421524048	2523.8896484375	4.33000421524048	2544.52465820313	4.33000421524048	2477.32348632813	4.33000421524048	2572.33251953125	4.33000421524048	570.597900390625
4.34000444412231	2502.10205078125	4.34000444412231	2505.80834960938	4.34000444412231	2518.9345703125	4.34000444412231	2540.46875	4.34000444412231	2545.22021484375	4.34000444412231	2541.71313476562	4.34000444412231	2562.14916992187	4.34000444412231	2490.22998046875	4.34000444412231	2589.2392578125	4.34000444412231	572.474426269531
4.35000467300415	2519.90966796875	4.35000467300415	2520.69677734375	4.35000467300415	2533.0439453125	4.35000467300415	2557.9892578125	4.35000467300415	2563.21655273438	4.35000467300415	2559.57006835938	4.35000467300415	2579.79467773438	4.35000467300415	2503.32934570313	4.35000467300415	2606.150390625	4.35000467300415	574.376403808594
4.36000490188599	2537.72045898438	4.36000490188599	2535.6865234375	4.36000490188599	2547.240234375	4.36000490188599	2575.5419921875	4.36000490188599	2581.25268554687	4.36000490188599	2577.4677734375	4.36000490188599	2597.46826171875	4.36000490188599	2516.65258789062	4.36000490188599	2623.0732421875	4.36000490188599	576.296813964844
4.37000513076782	2555.55639648438	4.37000513076782	2550.80346679687	4.37000513076782	2561.54858398438	4.37000513076782	2593.13671875	4.37000513076782	2599.33129882813	4.37000513076782	2595.4130859375	4.37000513076782	2615.17578125	4.37000513076782	2530.23217773438	4.37000513076782	2640.01171875	4.37000513076782	578.227233886719
4.38000535964966	2573.44213867187	4.38000535964966	2566.07421875	4.38000535964966	2575.99340820313	4.38000535964966	2610.78173828125	4.38000535964966	2617.4541015625	4.38000535964966	2613.41040039062	4.38000535964966	2632.92041015625	4.38000535964966	2544.1005859375	4.38000535964966	2656.9677734375	4.38000535964966	580.158569335938
4.39000558853149	2591.40112304687	4.39000558853149	2581.52465820313	4.39000558853149	2590.59814453125	4.39000558853149	2628.48193359375	4.39000558853149	2635.62109375	4.39000558853149	2631.46069335938	4.39000558853149	2650.70190429687	4.39000558853149	2558.291015625	4.39000558853149	2673.93994140625	4.39000558853149	582.081420898438
4.40000581741333	2609.45385742187	4.40000581741333	2597.17749023438	4.40000581741333	2605.3837890625	4.40000581741333	2646.23876953125	4.40000581741333	2653.82958984375	4.40000581741333	2649.56323242187	4.40000581741333	2668.5185546875	4.40000581741333	2572.8359375	4.40000581741333	2690.92431640625	4.40000581741333	583.986755371094
4.41000604629517	2627.61572265625	4.41000604629517	2613.05444335938	4.41000604629517	2620.369140625	4.41000604629517	2664.05004882813	4.41000604629517	2672.07592773438	4.41000604629517	2667.71313476562	4.41000604629517	2686.3662109375	4.41000604629517	2587.76635742187	4.41000604629517	2707.91455078125	4.41000604629517	585.866394042969
4.420006275177	2645.89526367187	4.420006275177	2629.1708984375	4.420006275177	2635.56860351562	4.420006275177	2681.91088867187	4.420006275177	2690.35424804687	4.420006275177	2685.9033203125	4.420006275177	2704.2373046875	4.420006275177	2603.111328125	4.420006275177	2724.9033203125	4.420006275177	587.713745117187
4.43000650405884	2664.29272460938	4.43000650405884	2645.53784179687	4.43000650405884	2650.99291992187	4.43000650405884	2699.81274414062	4.43000650405884	2708.658203125	4.43000650405884	2704.12329101562	4.43000650405884	2722.12426757813	4.43000650405884	2618.89697265625	4.43000650405884	2741.88110351562	4.43000650405884	589.524047851562
4.44000673294067	2682.79809570313	4.44000673294067	2662.15942382813	4.44000673294067	2666.64819335938	4.44000673294067	2717.744140625	4.44000673294067	2726.9794921875	4.44000673294067	2722.36108398438	4.44000673294067	2740.01733398438	4.44000673294067	2635.14379882813	4.44000673294067	2758.83837890625	4.44000673294067	591.294921875
4.45000696182251	2701.3935546875	4.45000696182251	2679.03393554687	4.45000696182251	2682.53515625	4.45000696182251	2735.69287109375	4.45000696182251	2745.30981445313	4.45000696182251	2740.603515625	4.45000696182251	2757.90771484375	4.45000696182251	2651.86743164062	4.45000696182251	2775.76611328125	4.45000696182251	593.026428222656
4.46000719070435	2720.052734375	4.46000719070435	2696.1513671875	4.46000719070435	2698.64965820313	4.46000719070435	2753.64526367187	4.46000719070435	2763.6416015625	4.46000719070435	2758.83715820313	4.46000719070435	2775.78588867187	4.46000719070435	2669.07592773438	4.46000719070435	2792.65600585938	4.46000719070435	594.721252441406
4.47000741958618	2738.74194335938	4.47000741958618	2713.49584960938	4.47000741958618	2714.98364257813	4.47000741958618	2771.58862304687	4.47000741958618	2781.96655273438	4.47000741958618	2777.04931640625	4.47000741958618	2793.64526367187	4.47000741958618	2686.76953125	4.47000741958618	2809.50146484375	4.47000741958618	596.384765625
4.48000764846802	2757.42529296875	4.48000764846802	2731.04541015625	4.48000764846802	2731.52392578125	4.48000764846802	2789.51147460938	4.48000764846802	2800.27905273438	4.48000764846802	2795.22924804687	4.48000764846802	2811.48022460938	4.48000764846802	2704.93969726562	4.48000764846802	2826.29833984375	4.48000764846802	598.024291992188
4.49000787734985	2776.064453125	4.49000787734985	2748.77416992187	4.49000787734985	2748.25537109375	4.49000787734985	2807.40502929687	4.49000787734985	2818.57446289062	4.49000787734985	2813.36889648438	4.49000787734985	2829.2880859375	4.49000787734985	2723.5693359375	4.49000787734985	2843.04443359375	4.49000787734985	599.648864746094
4.50000810623169	2794.62475585938	4.50000810623169	2766.65380859375	4.50000810623169	2765.16040039062	4.50000810623169	2825.263671875	4.50000810623169	2836.84985351562	4.50000810623169	2831.46264648438	4.50000810623169	2847.06884765625	4.50000810623169	2742.63354492187	4.50000810623169	2859.74096679687	4.50000810623169	601.268493652344
4.51000833511353	2813.07592773438	4.51000833511353	2784.65625	4.51000833511353	2782.22119140625	4.51000833511353	2843.08544921875	4.51000833511353	2855.10498046875	4.51000833511353	2849.5087890625	4.51000833511353	2864.82543945313	4.51000833511353	2762.10083007813	4.51000833511353	2876.39111328125	4.51000833511353	602.893371582031
4.52000856399536	2831.39575195313	4.52000856399536	2802.7548828125	4.52000856399536	2799.42211914062	4.52000856399536	2860.87231445313	4.52000856399536	2873.34106445313	4.52000856399536	2867.50903320313	4.52000856399536	2882.56323242188	4.52000856399536	2781.93530273438	4.52000856399536	2893.00073242188	4.52000856399536	604.533142089844
4.5300087928772	2849.57177734375	4.5300087928772	2820.92944335938	4.5300087928772	2816.74951171875	4.5300087928772	2878.63061523438	4.5300087928772	2891.56127929687	4.5300087928772	2885.46875	4.5300087928772	2900.2900390625	4.5300087928772	2802.10034179687	4.5300087928772	2909.57763671875	4.5300087928772	606.195861816406
4.54000902175903	2867.6025390625	4.54000902175903	2839.16430664062	4.54000902175903	2834.1943359375	4.54000902175903	2896.369140625	4.54000902175903	2909.76977539063	4.54000902175903	2903.39501953125	4.54000902175903	2918.01489257812	4.54000902175903	2822.56079101562	4.54000902175903	2926.13134765625	4.54000902175903	607.887573242188
4.55000925064087	2885.49536132812	4.55000925064087	2857.45239257813	4.55000925064087	2851.7529296875	4.55000925064087	2914.09912109375	4.55000925064087	2927.97192382812	4.55000925064087	2921.29736328125	4.55000925064087	2935.748046875	4.55000925064087	2843.28735351562	4.55000925064087	2942.671875	4.55000925064087	609.611755371094
4.56000947952271	2903.2685546875	4.56000947952271	2875.794921875	4.56000947952271	2869.4267578125	4.56000947952271	2931.83471679687	4.56000947952271	2946.17358398438	4.56000947952271	2939.18676757812	4.56000947952271	2953.49951171875	4.56000947952271	2864.25756835938	4.56000947952271	2959.208984375	4.56000947952271	611.368835449219
4.57000970840454	2920.947265625	4.57000970840454	2894.201171875	4.57000970840454	2887.2236328125	4.57000970840454	2949.58935546875	4.57000970840454	2964.37939453125	4.57000970840454	2957.07373046875	4.57000970840454	2971.27856445313	4.57000970840454	2885.45825195313	4.57000970840454	2975.75268554687	4.57000970840454	613.156372070312
4.58000993728638	2938.56323242188	4.58000993728638	2912.6865234375	4.58000993728638	2905.15600585937	4.58000993728638	2967.37719726562	4.58000993728638	2982.59399414063	4.58000993728638	2974.96826171875	4.58000993728638	2989.09350585937	4.58000993728638	2906.8857421875	4.58000993728638	2992.31176757812	4.58000993728638	614.968933105469
4.59001016616821	2956.15161132812	4.59001016616821	2931.27416992188	4.59001016616821	2923.2421875	4.59001016616821	2985.21044921875	4.59001016616821	3000.82055664063	4.59001016616821	2992.87915039063	4.59001016616821	3006.9501953125	4.59001016616821	2928.54565429687	4.59001016616821	3008.892578125	4.59001016616821	616.798828125
4.60001039505005	2973.74926757812	4.60001039505005	2949.98950195313	4.60001039505005	2941.5029296875	4.60001039505005	3003.09936523438	4.60001039505005	3019.06030273438	4.60001039505005	3010.81225585937	4.60001039505005	3024.8515625	4.60001039505005	2950.44897460937	4.60001039505005	3025.50073242188	4.60001039505005	618.636413574219
4.61001062393188	2991.39135742188	4.61001062393188	2968.8603515625	4.61001062393188	2959.96166992188	4.61001062393188	3021.05029296875	4.61001062393188	3037.31298828125	4.61001062393188	3028.771484375	4.61001062393188	3042.79907226562	4.61001062393188	2972.61108398438	4.61001062393188	3042.138671875	4.61001062393188	620.471008300781
4.62001085281372	3009.11059570313	4.62001085281372	2987.91381835937	4.62001085281372	2978.64111328125	4.62001085281372	3039.0673828125	4.62001085281372	3055.57641601562	4.62001085281372	3046.7568359375	4.62001085281372	3060.7890625	4.62001085281372	2995.04565429687	4.62001085281372	3058.806640625	4.62001085281372	622.291564941406
4.63001108169556	3026.93334960937	4.63001108169556	3007.1728515625	4.63001108169556	2997.56274414063	4.63001108169556	3057.14990234375	4.63001108169556	3073.84619140625	4.63001108169556	3064.76586914063	4.63001108169556	3078.8173828125	4.63001108169556	3017.76220703125	4.63001108169556	3075.50268554687	4.63001108169556	624.087829589844
4.64001131057739	3044.88037109375	4.64001131057739	3026.65600585937	4.64001131057739	3016.74462890625	4.64001131057739	3075.29321289063	4.64001131057739	3092.11694335937	4.64001131057739	3082.79296875	4.64001131057739	3096.8759765625	4.64001131057739	3040.76049804687	4.64001131057739	3092.22314453125	4.64001131057739	625.851013183594
4.65001153945923	3062.962890625	4.65001153945923	3046.37255859375	4.65001153945923	3036.19873046875	4.65001153945923	3093.490234375	4.65001153945923	3110.3818359375	4.65001153945923	3100.830078125	4.65001153945923	3114.955078125	4.65001153945923	3064.02807617188	4.65001153945923	3108.9619140625	4.65001153945923	627.574768066406
4.66001176834106	3081.1826171875	4.66001176834106	3066.3232421875	4.66001176834106	3055.9296875	4.66001176834106	3111.73022460937	4.66001176834106	3128.63305664063	4.66001176834106	3118.8671875	4.66001176834106	3133.04418945313	4.66001176834106	3087.537109375	4.66001176834106	3125.712890625	4.66001176834106	629.256042480469
4.6700119972229	3099.53369140625	4.6700119972229	3086.49853515625	4.6700119972229	3075.93505859375	4.6700119972229	3130	4.6700119972229	3146.86328125	4.6700119972229	3136.89379882812	4.6700119972229	3151.1328125	4.6700119972229	3111.24487304687	4.6700119972229	3142.46899414063	4.6700119972229	630.895202636719
4.68001222610474	3118.00024414063	4.68001222610474	3106.8779296875	4.68001222610474	3096.20263671875	4.68001222610474	3148.28735351562	4.68001222610474	3165.0654296875	4.68001222610474	3154.89916992188	4.68001222610474	3169.21020507812	4.68001222610474	3135.09594726562	4.68001222610474	3159.22412109375	4.68001222610474	632.496398925781
4.69001245498657	3136.56030273438	4.69001245498657	3127.43359375	4.69001245498657	3116.71313476562	4.69001245498657	3166.578125	4.69001245498657	3183.23364257812	4.69001245498657	3172.87329101562	4.69001245498657	3187.26806640625	4.69001245498657	3159.02514648438	4.69001245498657	3175.97338867188	4.69001245498657	634.067199707031
4.70001268386841	3155.18701171875	4.70001268386841	3148.130859375	4.70001268386841	3137.43994140625	4.70001268386841	3184.86181640625	4.70001268386841	3201.36352539063	4.70001268386841	3190.80908203125	4.70001268386841	3205.30004882812	4.70001268386841	3182.96484375	4.70001268386841	3192.71313476562	4.70001268386841	635.617980957031
4.71001291275024	3173.85131835937	4.71001291275024	3168.93139648438	4.71001291275024	3158.3525390625	4.71001291275024	3203.1298828125	4.71001291275024	3219.45263671875	4.71001291275024	3208.70166015625	4.71001291275024	3223.302734375	4.71001291275024	3206.8505859375	4.71001291275024	3209.44360351562	4.71001291275024	637.160888671875
4.72001314163208	3192.5263671875	4.72001314163208	3189.79858398438	4.72001314163208	3179.41796875	4.72001314163208	3221.37670898438	4.72001314163208	3237.50146484375	4.72001314163208	3226.54956054687	4.72001314163208	3241.27612304687	4.72001314163208	3230.62768554687	4.72001314163208	3226.16723632812	4.72001314163208	638.708557128906
4.73001337051392	3211.18896484375	4.73001337051392	3210.70043945313	4.73001337051392	3200.6064453125	4.73001337051392	3239.6015625	4.73001337051392	3255.51196289063	4.73001337051392	3244.35546875	4.73001337051392	3259.22338867188	4.73001337051392	3254.25610351562	4.73001337051392	3242.88940429687	4.73001337051392	640.272583007812
4.74001359939575	3229.82348632812	4.74001359939575	3231.61254882812	4.74001359939575	3221.89208984375	4.74001359939575	3257.80810546875	4.74001359939575	3273.48876953125	4.74001359939575	3262.12548828125	4.74001359939575	3277.15087890625	4.74001359939575	3277.712890625	4.74001359939575	3259.61962890625	4.74001359939575	641.862915039063
4.75001382827759	3248.42236328125	4.75001382827759	3252.52124023438	4.75001382827759	3243.25610351562	4.75001382827759	3276.00341796875	4.75001382827759	3291.4384765625	4.75001382827759	3279.869140625	4.75001382827759	3295.06762695313	4.75001382827759	3300.99169921875	4.75001382827759	3276.36938476562	4.75001382827759	643.486206054687
4.76001405715942	3266.98803710937	4.76001405715942	3273.423828125	4.76001405715942	3264.68872070313	4.76001405715942	3294.19873046875	4.76001405715942	3309.36865234375	4.76001405715942	3297.59887695313	4.76001405715942	3312.98461914063	4.76001405715942	3324.10131835937	4.76001405715942	3293.1533203125	4.76001405715942	645.1455078125
4.77001428604126	3285.53344726562	4.77001428604126	3294.32861328125	4.77001428604126	3286.18920898438	4.77001428604126	3312.40795898438	4.77001428604126	3327.28833007812	4.77001428604126	3315.32958984375	4.77001428604126	3330.91430664063	4.77001428604126	3347.060546875	4.77001428604126	3309.98828125	4.77001428604126	646.840026855469
4.7800145149231	3304.07958984375	4.7800145149231	3315.25341796875	4.7800145149231	3307.765625	4.7800145149231	3330.64672851562	4.7800145149231	3345.20629882812	4.7800145149231	3333.07690429687	4.7800145149231	3348.86962890625	4.7800145149231	3369.8935546875	4.7800145149231	3326.89208984375	4.7800145149231	648.565063476563
4.79001474380493	3322.65478515625	4.79001474380493	3336.22338867188	4.79001474380493	3329.43237304687	4.79001474380493	3348.93139648438	4.79001474380493	3363.13208007812	4.79001474380493	3350.857421875	4.79001474380493	3366.8623046875	4.79001474380493	3392.62573242188	4.79001474380493	3343.88330078125	4.79001474380493	650.31298828125
4.80001497268677	3341.29272460937	4.80001497268677	3357.26635742188	4.80001497268677	3351.2080078125	4.80001497268677	3367.27758789063	4.80001497268677	3381.0732421875	4.80001497268677	3368.68725585937	4.80001497268677	3384.904296875	4.80001497268677	3415.27709960937	4.80001497268677	3360.98120117188	4.80001497268677	652.073547363281
4.8100152015686	3360.02978515625	4.8100152015686	3378.41162109375	4.8100152015686	3373.11206054687	4.8100152015686	3385.69970703125	4.8100152015686	3399.03759765625	4.8100152015686	3386.58056640625	4.8100152015686	3403.00439453125	4.8100152015686	3437.8603515625	4.8100152015686	3378.20288085937	4.8100152015686	653.835083007812
4.82001543045044	3378.90209960937	4.82001543045044	3399.68334960937	4.82001543045044	3395.16186523438	4.82001543045044	3404.208984375	4.82001543045044	3417.03051757812	4.82001543045044	3404.55004882812	4.82001543045044	3421.16943359375	4.82001543045044	3460.37719726562	4.82001543045044	3395.56494140625	4.82001543045044	655.585754394531
4.83001565933228	3397.94213867188	4.83001565933228	3421.09985351562	4.83001565933228	3417.36938476562	4.83001565933228	3422.8134765625	4.83001565933228	3435.05590820313	4.83001565933228	3422.60595703125	4.83001565933228	3439.40380859375	4.83001565933228	3482.81811523438	4.83001565933228	3413.08056640625	4.83001565933228	657.314270019531
4.84001588821411	3417.1767578125	4.84001588821411	3442.66918945313	4.84001588821411	3439.73803710937	4.84001588821411	3441.51782226562	4.84001588821411	3453.1162109375	4.84001588821411	3440.75390625	4.84001588821411	3457.70825195313	4.84001588821411	3505.162109375	4.84001588821411	3430.76098632812	4.84001588821411	659.011291503906
4.85001611709595	3436.62426757812	4.85001611709595	3464.38818359375	4.85001611709595	3462.26220703125	4.85001611709595	3460.32104492188	4.85001611709595	3471.21215820313	4.85001611709595	3458.99731445313	4.85001611709595	3476.08129882812	4.85001611709595	3527.38061523438	4.85001611709595	3448.61401367188	4.85001611709595	660.67041015625
4.86001634597778	3456.29223632812	4.86001634597778	3486.24169921875	4.86001634597778	3484.92504882812	4.86001634597778	3479.21899414063	4.86001634597778	3489.34301757812	4.86001634597778	3477.33642578125	4.86001634597778	3494.51928710937	4.86001634597778	3549.43969726562	4.86001634597778	3466.64306640625	4.86001634597778	662.288513183594
4.87001657485962	3476.17700195313	4.87001657485962	3508.20385742188	4.87001657485962	3507.70092773438	4.87001657485962	3498.203125	4.87001657485962	3507.5068359375	4.87001657485962	3495.76708984375	4.87001657485962	3513.015625	4.87001657485962	3571.30444335937	4.87001657485962	3484.84838867188	4.87001657485962	663.866455078125
4.88001680374146	3496.26220703125	4.88001680374146	3530.240234375	4.88001680374146	3530.55639648438	4.88001680374146	3517.26220703125	4.88001680374146	3525.70068359375	4.88001680374146	3514.28466796875	4.88001680374146	3531.5634765625	4.88001680374146	3592.9443359375	4.88001680374146	3503.22680664063	4.88001680374146	665.408996582031
4.89001703262329	3516.521484375	4.89001703262329	3552.31176757812	4.89001703262329	3553.45434570313	4.89001703262329	3536.3837890625	4.89001703262329	3543.9228515625	4.89001703262329	3532.8818359375	4.89001703262329	3550.15576171875	4.89001703262329	3614.33544921875	4.89001703262329	3521.77270507812	4.89001703262329	666.924133300781
4.90001726150513	3536.92041015625	4.90001726150513	3574.37963867188	4.90001726150513	3576.35766601562	4.90001726150513	3555.5537109375	4.90001726150513	3562.17016601562	4.90001726150513	3551.55053710937	4.90001726150513	3568.78588867188	4.90001726150513	3635.46435546875	4.90001726150513	3540.47827148438	4.90001726150513	668.422302246094
4.91001749038696	3557.41870117188	4.91001749038696	3596.40869140625	4.91001749038696	3599.23413085937	4.91001749038696	3574.76000976562	4.91001749038696	3580.44262695313	4.91001749038696	3570.28344726562	4.91001749038696	3587.44897460937	4.91001749038696	3656.3291015625	4.91001749038696	3559.33422851562	4.91001749038696	669.915588378906
4.9200177192688	3577.9765625	4.9200177192688	3618.37329101562	4.9200177192688	3622.05883789063	4.9200177192688	3593.99243164063	4.9200177192688	3598.73999023438	4.9200177192688	3589.0751953125	4.9200177192688	3606.142578125	4.9200177192688	3676.93920898438	4.9200177192688	3578.33178710937	4.9200177192688	671.415771484375
4.93001794815063	3598.55712890625	4.93001794815063	3640.259765625	4.93001794815063	3644.818359375	4.93001794815063	3613.24438476562	4.93001794815063	3617.06494140625	4.93001794815063	3607.92260742188	4.93001794815063	3624.86791992188	4.93001794815063	3697.314453125	4.93001794815063	3597.46435546875	4.93001794815063	672.933532714844
4.94001817703247	3619.13208007812	4.94001817703247	3662.06591796875	4.94001817703247	3667.51025390625	4.94001817703247	3632.51342773438	4.94001817703247	3635.42163085937	4.94001817703247	3626.82568359375	4.94001817703247	3643.62817382812	4.94001817703247	3717.4814453125	4.94001817703247	3616.72631835937	4.94001817703247	674.476867675781
4.95001840591431	3639.68334960937	4.95001840591431	3683.80395507812	4.95001840591431	3690.14379882812	4.95001840591431	3651.80200195313	4.95001840591431	3653.81665039063	4.95001840591431	3645.78784179687	4.95001840591431	3662.43139648438	4.95001840591431	3737.47290039063	4.95001840591431	3636.11596679687	4.95001840591431	676.050659179688
4.96001863479614	3660.2060546875	4.96001863479614	3705.49487304687	4.96001863479614	3712.73681640625	4.96001863479614	3671.1171875	4.96001863479614	3672.25903320313	4.96001863479614	3664.81665039063	4.96001863479614	3681.287109375	4.96001863479614	3757.322265625	4.96001863479614	3655.634765625	4.96001863479614	677.655944824219
4.97001886367798	3680.70776367188	4.97001886367798	3727.16967773438	4.97001886367798	3735.31298828125	4.97001886367798	3690.46997070313	4.97001886367798	3690.7578125	4.97001886367798	3683.92236328125	4.97001886367798	3700.20874023438	4.97001886367798	3777.060546875	4.97001886367798	3675.28857421875	4.97001886367798	679.289855957031
4.98001909255981	3701.2080078125	4.98001909255981	3748.86108398438	4.98001909255981	3757.8984375	4.98001909255981	3709.87426757812	4.98001909255981	3709.3251953125	4.98001909255981	3703.1181640625	4.98001909255981	3719.2099609375	4.98001909255981	3796.71484375	4.98001909255981	3695.08544921875	4.98001909255981	680.9462890625
4.99001932144165	3721.73583984375	4.99001932144165	3770.60278320313	4.99001932144165	3780.51635742188	4.99001932144165	3729.34619140625	4.99001932144165	3727.97265625	4.99001932144165	3722.4189453125	4.99001932144165	3738.30688476562	4.99001932144165	3816.30541992188	4.99001932144165	3715.03759765625	4.99001932144165	682.616088867187
5.00001955032349	3742.32641601562	5.00001955032349	3792.42260742188	5.00001955032349	3803.1865234375	5.00001955032349	3748.90209960937	5.00001955032349	3746.71313476562	5.00001955032349	3741.84033203125	5.00001955032349	3757.513671875	5.00001955032349	3835.84204101562	5.00001955032349	3735.15698242188	5.00001955032349	684.288818359375

