X	1 - ANGL    30[GEN 10      11.000]1 : NE	X	2 - ANGL    31[GEN 2       11.000]1 : NE	X	3 - ANGL    32[GEN 3       11.000]1 : NE	X	4 - ANGL    33[GEN 4       11.000]1 : NE	X	5 - ANGL    34[GEN 5       11.000]1 : NE	X	6 - ANGL    35[GEN 6       11.000]1 : NE	X	7 - ANGL    36[GEN7        11.000]1 : NE	X	8 - ANGL    37[GEN 8       11.000]1 : NE	X	9 - ANGL    38[GEN 9       11.000]1 : NE	X	10 - ANGL    39[GEN 1       230.00]1 : NE	X	11 - POWR    30[GEN 10      11.000]1 : NE	X	12 - POWR    31[GEN 2       11.000]1 : NE	X	13 - POWR    32[GEN 3       11.000]1 : NE	X	14 - POWR    33[GEN 4       11.000]1 : NE	X	15 - POWR    34[GEN 5       11.000]1 : NE	X	16 - POWR    35[GEN 6       11.000]1 : NE	X	17 - POWR    36[GEN7        11.000]1 : NE	X	18 - POWR    37[GEN 8       11.000]1 : NE	X	19 - POWR    38[GEN 9       11.000]1 : NE	X	20 - POWR    39[GEN 1       230.00]1 : NE	X	21 - VARS    30[GEN 10      11.000]1 : NE	X	22 - VARS    31[GEN 2       11.000]1 : NE	X	23 - VARS    32[GEN 3       11.000]1 : NE	X	24 - VARS    33[GEN 4       11.000]1 : NE	X	25 - VARS    34[GEN 5       11.000]1 : NE	X	26 - VARS    35[GEN 6       11.000]1 : NE	X	27 - VARS    36[GEN7        11.000]1 : NE	X	28 - VARS    37[GEN 8       11.000]1 : NE	X	29 - VARS    38[GEN 9       11.000]1 : NE	X	30 - VARS    39[GEN 1       230.00]1 : NE	X	31 - SPD     30[GEN 10      11.000]1 : NE	X	32 - SPD     31[GEN 2       11.000]1 : NE	X	33 - SPD     32[GEN 3       11.000]1 : NE	X	34 - SPD     33[GEN 4       11.000]1 : NE	X	35 - SPD     34[GEN 5       11.000]1 : NE	X	36 - SPD     35[GEN 6       11.000]1 : NE	X	37 - SPD     36[GEN7        11.000]1 : NE	X	38 - SPD     37[GEN 8       11.000]1 : NE	X	39 - SPD     38[GEN 9       11.000]1 : NE	X	40 - SPD     39[GEN 1       230.00]1 : NE
0	-0.212290778756142	0	13.7226285934448	0	17.9392242431641	0	16.2558345794678	0	24.1559600830078	0	17.4812278747559	0	31.6701602935791	0	15.3107643127441	0	27.0892105102539	0	-7.95103597640991	0	2.50000929832458	0	5.21640777587891	0	6.49999952316284	0	6.32000541687012	0	5.07999801635742	0	6.50001430511475	0	7.61974906921387	0	5.40000009536743	0	8.2999963760376	0	10.0000162124634	0	1.57511532306671	0	2.07543063163757	0	2.17586064338684	0	1.34684717655182	0	1.77237010002136	0	3.34161400794983	0	0.0103113651275635	0	0.0841574221849442	0	0.313920140266418	0	0.955466866493225	0	-2.8383162486989E-10	0	-1.96714991518299E-10	0	1.66493430153736E-10	0	0	0	0	0	0	0	2.25775176332377E-10	0	0	0	-6.9106831368515E-10	0	0
0.00999999977648258	-0.212290853261948	0.00999999977648258	13.7226285934448	0.00999999977648258	17.9392242431641	0.00999999977648258	16.2558345794678	0.00999999977648258	24.1559600830078	0.00999999977648258	17.4812278747559	0.00999999977648258	31.6701602935791	0.00999999977648258	15.3107643127441	0.00999999977648258	27.0892105102539	0.00999999977648258	-7.95103597640991	0.00999999977648258	2.50000929832458	0.00999999977648258	5.21640777587891	0.00999999977648258	6.49999952316284	0.00999999977648258	6.32000541687012	0.00999999977648258	5.07999801635742	0.00999999977648258	6.50001430511475	0.00999999977648258	7.61974906921387	0.00999999977648258	5.40000009536743	0.00999999977648258	8.2999963760376	0.00999999977648258	10.0000162124634	0.00999999977648258	1.57511532306671	0.00999999977648258	2.07543063163757	0.00999999977648258	2.17586064338684	0.00999999977648258	1.34684717655182	0.00999999977648258	1.77237010002136	0.00999999977648258	3.34161400794983	0.00999999977648258	0.0103113651275635	0.00999999977648258	0.0841574221849442	0.00999999977648258	0.313920140266418	0.00999999977648258	0.955466866493225	0.00999999977648258	-3.97364308124537E-10	0.00999999977648258	-2.75400979798945E-10	0.00999999977648258	2.33090824419691E-10	0.00999999977648258	0	0.00999999977648258	0	0.00999999977648258	0	0.00999999977648258	3.16085269069788E-10	0.00999999977648258	0	0.00999999977648258	-9.6749563915921E-10	0.00999999977648258	0
0.0199999995529652	-0.212290927767754	0.0199999995529652	13.7226285934448	0.0199999995529652	17.9392242431641	0.0199999995529652	16.2558345794678	0.0199999995529652	24.1559600830078	0.0199999995529652	17.4812278747559	0.0199999995529652	31.6701602935791	0.0199999995529652	15.3107643127441	0.0199999995529652	27.0892105102539	0.0199999995529652	-7.95103597640991	0.0199999995529652	2.50000905990601	0.0199999995529652	5.21640777587891	0.0199999995529652	6.49999952316284	0.0199999995529652	6.32000541687012	0.0199999995529652	5.07999801635742	0.0199999995529652	6.50001430511475	0.0199999995529652	7.61974906921387	0.0199999995529652	5.40000009536743	0.0199999995529652	8.2999963760376	0.0199999995529652	10.0000162124634	0.0199999995529652	1.57511532306671	0.0199999995529652	2.07543063163757	0.0199999995529652	2.17586064338684	0.0199999995529652	1.34684705734253	0.0199999995529652	1.77237010002136	0.0199999995529652	3.34161400794983	0.0199999995529652	0.0103113651275635	0.0199999995529652	0.0841574221849442	0.0199999995529652	0.313920140266418	0.0199999995529652	0.955466866493225	0.0199999995529652	-5.10896935868033E-10	0.0199999995529652	-3.5408698195738E-10	0.0199999995529652	2.9968819093007E-10	0.0199999995529652	0	0.0199999995529652	0	0.0199999995529652	0	0.0199999995529652	4.06395334051624E-10	0.0199999995529652	0	0.0199999995529652	-1.24392296463327E-9	0.0199999995529652	0
0.0299999993294477	-0.212291017174721	0.0299999993294477	13.7226285934448	0.0299999993294477	17.9392242431641	0.0299999993294477	16.2558345794678	0.0299999993294477	24.1559600830078	0.0299999993294477	17.4812278747559	0.0299999993294477	31.6701602935791	0.0299999993294477	15.3107643127441	0.0299999993294477	27.0892105102539	0.0299999993294477	-7.95103597640991	0.0299999993294477	2.50000905990601	0.0299999993294477	5.21640777587891	0.0299999993294477	6.49999952316284	0.0299999993294477	6.32000541687012	0.0299999993294477	5.07999801635742	0.0299999993294477	6.50001430511475	0.0299999993294477	7.61974906921387	0.0299999993294477	5.40000009536743	0.0299999993294477	8.2999963760376	0.0299999993294477	10.0000162124634	0.0299999993294477	1.57511532306671	0.0299999993294477	2.07543063163757	0.0299999993294477	2.17586064338684	0.0299999993294477	1.34684705734253	0.0299999993294477	1.77237010002136	0.0299999993294477	3.34161400794983	0.0299999993294477	0.0103113651275635	0.0299999993294477	0.0841574221849442	0.0299999993294477	0.313920140266418	0.0299999993294477	0.955466866493225	0.0299999993294477	-5.81854842085505E-10	0.0299999993294477	-4.32772984115815E-10	0.0299999993294477	3.66285557440449E-10	0.0299999993294477	0	0.0299999993294477	0	0.0299999993294477	0	0.0299999993294477	4.96705399033459E-10	0.0299999993294477	0	0.0299999993294477	-1.52035029010733E-9	0.0299999993294477	0
0.0399999991059303	-0.21229113638401	0.0399999991059303	13.7226285934448	0.0399999991059303	17.9392242431641	0.0399999991059303	16.2558345794678	0.0399999991059303	24.1559600830078	0.0399999991059303	17.4812278747559	0.0399999991059303	31.6701602935791	0.0399999991059303	15.3107643127441	0.0399999991059303	27.0892105102539	0.0399999991059303	-7.95103597640991	0.0399999991059303	2.50000905990601	0.0399999991059303	5.21640777587891	0.0399999991059303	6.49999952316284	0.0399999991059303	6.32000541687012	0.0399999991059303	5.07999801635742	0.0399999991059303	6.50001430511475	0.0399999991059303	7.61974906921387	0.0399999991059303	5.40000009536743	0.0399999991059303	8.2999963760376	0.0399999991059303	10.0000162124634	0.0399999991059303	1.57511532306671	0.0399999991059303	2.07543063163757	0.0399999991059303	2.17586064338684	0.0399999991059303	1.34684705734253	0.0399999991059303	1.77237010002136	0.0399999991059303	3.34161400794983	0.0399999991059303	0.0103113651275635	0.0399999991059303	0.0841574221849442	0.0399999991059303	0.313920140266418	0.0399999991059303	0.955466866493225	0.0399999991059303	-6.67004340648702E-10	0.0399999991059303	-5.11458930763098E-10	0.0399999991059303	4.32882923950828E-10	0.0399999991059303	0	0.0399999991059303	0	0.0399999991059303	0	0.0399999991059303	5.8701549177087E-10	0.0399999991059303	0	0.0399999991059303	-1.79677761558139E-9	0.0399999991059303	0
0.0499999970197678	-0.212291270494461	0.0499999970197678	13.7226285934448	0.0499999970197678	17.9392242431641	0.0499999970197678	16.2558345794678	0.0499999970197678	24.1559600830078	0.0499999970197678	17.4812278747559	0.0499999970197678	31.6701602935791	0.0499999970197678	15.3107643127441	0.0499999970197678	27.0892105102539	0.0499999970197678	-7.95103597640991	0.0499999970197678	2.50000858306885	0.0499999970197678	5.21640777587891	0.0499999970197678	6.49999952316284	0.0499999970197678	6.32000541687012	0.0499999970197678	5.07999801635742	0.0499999970197678	6.50001430511475	0.0499999970197678	7.61974906921387	0.0499999970197678	5.40000009536743	0.0499999970197678	8.2999963760376	0.0499999970197678	10.0000162124634	0.0499999970197678	1.57511532306671	0.0499999970197678	2.07543063163757	0.0499999970197678	2.17586064338684	0.0499999970197678	1.34684705734253	0.0499999970197678	1.77237010002136	0.0499999970197678	3.34161400794983	0.0499999970197678	0.0103113651275635	0.0499999970197678	0.084157407283783	0.0499999970197678	0.313920140266418	0.0499999970197678	0.955466866493225	0.0499999970197678	-7.521538392119E-10	0.0499999970197678	-5.90144932921532E-10	0.0499999970197678	4.99480290461207E-10	0.0499999970197678	0	0.0499999970197678	0	0.0499999970197678	0	0.0499999970197678	6.77325584508281E-10	0.0499999970197678	0	0.0499999970197678	-2.07320494105545E-9	0.0499999970197678	0
0.0599999949336052	-0.212291404604912	0.0599999949336052	13.7226285934448	0.0599999949336052	17.9392242431641	0.0599999949336052	16.2558345794678	0.0599999949336052	24.1559600830078	0.0599999949336052	17.4812278747559	0.0599999949336052	31.6701602935791	0.0599999949336052	15.3107643127441	0.0599999949336052	27.0892105102539	0.0599999949336052	-7.95103597640991	0.0599999949336052	2.50000905990601	0.0599999949336052	5.21640777587891	0.0599999949336052	6.49999952316284	0.0599999949336052	6.32000541687012	0.0599999949336052	5.07999801635742	0.0599999949336052	6.50001430511475	0.0599999949336052	7.61974906921387	0.0599999949336052	5.40000009536743	0.0599999949336052	8.2999963760376	0.0599999949336052	10.0000162124634	0.0599999949336052	1.57511532306671	0.0599999949336052	2.07543063163757	0.0599999949336052	2.17586064338684	0.0599999949336052	1.34684705734253	0.0599999949336052	1.77237010002136	0.0599999949336052	3.34161400794983	0.0599999949336052	0.0103113651275635	0.0599999949336052	0.084157407283783	0.0599999949336052	0.313920140266418	0.0599999949336052	0.955466866493225	0.0599999949336052	-7.52153894723051E-10	0.0599999949336052	-6.68830935079967E-10	0.0599999949336052	5.66077684727162E-10	0.0599999949336052	0	0.0599999949336052	0	0.0599999949336052	0	0.0599999949336052	7.67635677245693E-10	0.0599999949336052	0	0.0599999949336052	-2.34963226652951E-9	0.0599999949336052	0
0.0699999928474426	-0.212291538715363	0.0699999928474426	13.7226285934448	0.0699999928474426	17.9392242431641	0.0699999928474426	16.2558345794678	0.0699999928474426	24.1559600830078	0.0699999928474426	17.4812278747559	0.0699999928474426	31.6701602935791	0.0699999928474426	15.3107643127441	0.0699999928474426	27.0892105102539	0.0699999928474426	-7.95103597640991	0.0699999928474426	2.50000858306885	0.0699999928474426	5.21640777587891	0.0699999928474426	6.49999952316284	0.0699999928474426	6.32000541687012	0.0699999928474426	5.07999801635742	0.0699999928474426	6.50001430511475	0.0699999928474426	7.61974906921387	0.0699999928474426	5.40000009536743	0.0699999928474426	8.2999963760376	0.0699999928474426	10.0000162124634	0.0699999928474426	1.57511532306671	0.0699999928474426	2.07543063163757	0.0699999928474426	2.17586064338684	0.0699999928474426	1.34684705734253	0.0699999928474426	1.77237010002136	0.0699999928474426	3.34161400794983	0.0699999928474426	0.0103113651275635	0.0699999928474426	0.084157407283783	0.0699999928474426	0.313920140266418	0.0699999928474426	0.955466866493225	0.0699999928474426	-8.65686522466547E-10	0.0699999928474426	-7.47516937238402E-10	0.0699999928474426	6.32675078993117E-10	0.0699999928474426	0	0.0699999928474426	0	0.0699999928474426	0	0.0699999928474426	8.57945769983104E-10	0.0699999928474426	0	0.0699999928474426	-2.62605959200357E-9	0.0699999928474426	0
0.0799999907612801	-0.212291717529297	0.0799999907612801	13.7226285934448	0.0799999907612801	17.9392242431641	0.0799999907612801	16.2558345794678	0.0799999907612801	24.1559600830078	0.0799999907612801	17.4812278747559	0.0799999907612801	31.6701602935791	0.0799999907612801	15.3107643127441	0.0799999907612801	27.0892105102539	0.0799999907612801	-7.95103597640991	0.0799999907612801	2.50000858306885	0.0799999907612801	5.21640777587891	0.0799999907612801	6.49999952316284	0.0799999907612801	6.32000541687012	0.0799999907612801	5.07999801635742	0.0799999907612801	6.50001430511475	0.0799999907612801	7.61974906921387	0.0799999907612801	5.40000009536743	0.0799999907612801	8.2999963760376	0.0799999907612801	10.0000162124634	0.0799999907612801	1.57511532306671	0.0799999907612801	2.07543063163757	0.0799999907612801	2.17586064338684	0.0799999907612801	1.34684705734253	0.0799999907612801	1.77237010002136	0.0799999907612801	3.34161400794983	0.0799999907612801	0.0103113651275635	0.0799999907612801	0.084157407283783	0.0799999907612801	0.313920140266418	0.0799999907612801	0.955466866493225	0.0799999907612801	-8.65686577977698E-10	0.0799999907612801	-8.26202939396836E-10	0.0799999907612801	6.99272473259072E-10	0.0799999907612801	0	0.0799999907612801	0	0.0799999907612801	0	0.0799999907612801	9.48255807209364E-10	0.0799999907612801	0	0.0799999907612801	-2.90248691747763E-9	0.0799999907612801	0
0.0899999886751175	-0.21229188144207	0.0899999886751175	13.7226285934448	0.0899999886751175	17.9392242431641	0.0899999886751175	16.2558345794678	0.0899999886751175	24.1559600830078	0.0899999886751175	17.4812278747559	0.0899999886751175	31.6701602935791	0.0899999886751175	15.3107643127441	0.0899999886751175	27.0892105102539	0.0899999886751175	-7.95103597640991	0.0899999886751175	2.50000834465027	0.0899999886751175	5.21640777587891	0.0899999886751175	6.49999952316284	0.0899999886751175	6.32000541687012	0.0899999886751175	5.07999801635742	0.0899999886751175	6.50001430511475	0.0899999886751175	7.61974906921387	0.0899999886751175	5.40000009536743	0.0899999886751175	8.2999963760376	0.0899999886751175	10.0000162124634	0.0899999886751175	1.57511532306671	0.0899999886751175	2.07543063163757	0.0899999886751175	2.17586064338684	0.0899999886751175	1.34684705734253	0.0899999886751175	1.77237010002136	0.0899999886751175	3.34161400794983	0.0899999886751175	0.0103113651275635	0.0899999886751175	0.084157407283783	0.0899999886751175	0.313920140266418	0.0899999886751175	0.955466866493225	0.0899999886751175	-8.94069762669147E-10	0.0899999886751175	-9.04888941555271E-10	0.0899999886751175	7.65869867525026E-10	0.0899999886751175	0	0.0899999886751175	0	0.0899999886751175	0	0.0899999886751175	1.03856589994678E-9	0.0899999886751175	0	0.0899999886751175	-3.17891424295169E-9	0.0899999886751175	0
0.0999999865889549	-0.212292030453682	0.0999999865889549	13.7226285934448	0.0999999865889549	17.9392242431641	0.0999999865889549	16.2558345794678	0.0999999865889549	24.1559600830078	0.0999999865889549	17.4812278747559	0.0999999865889549	31.6701602935791	0.0999999865889549	15.3107643127441	0.0999999865889549	27.0892105102539	0.0999999865889549	-7.95103597640991	0.0999999865889549	2.50000858306885	0.0999999865889549	5.21640777587891	0.0999999865889549	6.49999952316284	0.0999999865889549	6.32000541687012	0.0999999865889549	5.07999801635742	0.0999999865889549	6.50001430511475	0.0999999865889549	7.61974906921387	0.0999999865889549	5.40000009536743	0.0999999865889549	8.2999963760376	0.0999999865889549	10.0000162124634	0.0999999865889549	1.57511532306671	0.0999999865889549	2.07543063163757	0.0999999865889549	2.17586064338684	0.0999999865889549	1.34684705734253	0.0999999865889549	1.77237010002136	0.0999999865889549	3.34161400794983	0.0999999865889549	0.0103113651275635	0.0999999865889549	0.084157407283783	0.0999999865889549	0.313920140266418	0.0999999865889549	0.955466866493225	0.0999999865889549	-8.79878170323423E-10	0.0999999865889549	-9.83574888202554E-10	0.0999999865889549	8.32467261790981E-10	0.0999999865889549	0	0.0999999865889549	0	0.0999999865889549	0	0.0999999865889549	1.12887599268419E-9	0.0999999865889549	0	0.0999999865889549	-3.45534156842575E-9	0.0999999865889549	0
0.109999984502792	-0.212292194366455	0.109999984502792	13.7226285934448	0.109999984502792	17.9392242431641	0.109999984502792	16.2558345794678	0.109999984502792	24.1559600830078	0.109999984502792	17.4812278747559	0.109999984502792	31.6701602935791	0.109999984502792	15.3107643127441	0.109999984502792	27.0892105102539	0.109999984502792	-7.95103597640991	0.109999984502792	2.50000834465027	0.109999984502792	5.21640777587891	0.109999984502792	6.49999952316284	0.109999984502792	6.32000541687012	0.109999984502792	5.07999801635742	0.109999984502792	6.50001430511475	0.109999984502792	7.61974906921387	0.109999984502792	5.40000009536743	0.109999984502792	8.2999963760376	0.109999984502792	10.0000162124634	0.109999984502792	1.57511532306671	0.109999984502792	2.07543063163757	0.109999984502792	2.17586064338684	0.109999984502792	1.34684705734253	0.109999984502792	1.77237010002136	0.109999984502792	3.34161400794983	0.109999984502792	0.0103113651275635	0.109999984502792	0.084157407283783	0.109999984502792	0.313920140266418	0.109999984502792	0.955466866493225	0.109999984502792	-9.22452947360597E-10	0.109999984502792	-1.06226083484984E-9	0.109999984502792	8.99064656056936E-10	0.109999984502792	0	0.109999984502792	0	0.109999984502792	0	0.109999984502792	1.2191860854216E-9	0.109999984502792	0	0.109999984502792	-3.73176867185521E-9	0.109999984502792	0
0.11999998241663	-0.212292358279228	0.11999998241663	13.7226285934448	0.11999998241663	17.9392242431641	0.11999998241663	16.2558345794678	0.11999998241663	24.1559600830078	0.11999998241663	17.4812278747559	0.11999998241663	31.6701602935791	0.11999998241663	15.3107643127441	0.11999998241663	27.0892105102539	0.11999998241663	-7.95103597640991	0.11999998241663	2.50000858306885	0.11999998241663	5.21640777587891	0.11999998241663	6.49999952316284	0.11999998241663	6.32000541687012	0.11999998241663	5.07999801635742	0.11999998241663	6.50001430511475	0.11999998241663	7.61974906921387	0.11999998241663	5.40000009536743	0.11999998241663	8.2999963760376	0.11999998241663	10.0000162124634	0.11999998241663	1.57511532306671	0.11999998241663	2.07543063163757	0.11999998241663	2.17586064338684	0.11999998241663	1.34684705734253	0.11999998241663	1.77237010002136	0.11999998241663	3.34161400794983	0.11999998241663	0.0103113651275635	0.11999998241663	0.084157407283783	0.11999998241663	0.313920140266418	0.11999998241663	0.955466866493225	0.11999998241663	-9.08261355014872E-10	0.11999998241663	-1.14094678149712E-9	0.11999998241663	9.6566199481174E-10	0.11999998241663	0	0.11999998241663	0	0.11999998241663	0	0.11999998241663	1.30949617815901E-9	0.11999998241663	0	0.11999998241663	-4.00819644141848E-9	0.11999998241663	0
0.129999980330467	-0.212292522192001	0.129999980330467	13.7226285934448	0.129999980330467	17.9392242431641	0.129999980330467	16.2558345794678	0.129999980330467	24.1559600830078	0.129999980330467	17.4812278747559	0.129999980330467	31.6701602935791	0.129999980330467	15.3107643127441	0.129999980330467	27.0892105102539	0.129999980330467	-7.95103597640991	0.129999980330467	2.50000834465027	0.129999980330467	5.21640777587891	0.129999980330467	6.49999952316284	0.129999980330467	6.32000541687012	0.129999980330467	5.07999801635742	0.129999980330467	6.50001430511475	0.129999980330467	7.61974906921387	0.129999980330467	5.40000009536743	0.129999980330467	8.2999963760376	0.129999980330467	10.0000162124634	0.129999980330467	1.57511532306671	0.129999980330467	2.07543063163757	0.129999980330467	2.17586064338684	0.129999980330467	1.34684705734253	0.129999980330467	1.77237010002136	0.129999980330467	3.34161400794983	0.129999980330467	0.0103113651275635	0.129999980330467	0.084157407283783	0.129999980330467	0.313920140266418	0.129999980330467	0.955466866493225	0.129999980330467	-9.50836076540895E-10	0.129999980330467	-1.2196327281444E-9	0.129999980330467	1.03225938907769E-9	0.129999980330467	0	0.129999980330467	0	0.129999980330467	0	0.129999980330467	1.39980627089642E-9	0.129999980330467	0	0.129999980330467	-4.28462332280333E-9	0.129999980330467	0
0.139999985694885	-0.212292686104774	0.139999985694885	13.7226285934448	0.139999985694885	17.9392242431641	0.139999985694885	16.2558345794678	0.139999985694885	24.1559600830078	0.139999985694885	17.4812278747559	0.139999985694885	31.6701602935791	0.139999985694885	15.3107643127441	0.139999985694885	27.0892105102539	0.139999985694885	-7.95103597640991	0.139999985694885	2.50000834465027	0.139999985694885	5.21640777587891	0.139999985694885	6.49999952316284	0.139999985694885	6.32000541687012	0.139999985694885	5.07999801635742	0.139999985694885	6.50001430511475	0.139999985694885	7.61974906921387	0.139999985694885	5.40000009536743	0.139999985694885	8.2999963760376	0.139999985694885	10.0000162124634	0.139999985694885	1.57511532306671	0.139999985694885	2.07543063163757	0.139999985694885	2.17586064338684	0.139999985694885	1.34684705734253	0.139999985694885	1.77237010002136	0.139999985694885	3.34161400794983	0.139999985694885	0.0103113651275635	0.139999985694885	0.0841573774814606	0.139999985694885	0.313920140266418	0.139999985694885	0.955466866493225	0.139999985694885	-9.36644539706322E-10	0.139999985694885	-1.29831867479169E-9	0.139999985694885	1.09885678334365E-9	0.139999985694885	0	0.139999985694885	0	0.139999985694885	0	0.139999985694885	1.49011636363383E-9	0.139999985694885	0	0.139999985694885	-4.5610510923666E-9	0.139999985694885	0
0.149999991059303	-0.212292864918709	0.149999991059303	13.7226285934448	0.149999991059303	17.9392242431641	0.149999991059303	16.2558345794678	0.149999991059303	24.1559600830078	0.149999991059303	17.4812278747559	0.149999991059303	31.6701602935791	0.149999991059303	15.3107643127441	0.149999991059303	27.0892105102539	0.149999991059303	-7.95103597640991	0.149999991059303	2.50000810623169	0.149999991059303	5.21640777587891	0.149999991059303	6.49999952316284	0.149999991059303	6.32000541687012	0.149999991059303	5.07999801635742	0.149999991059303	6.50001430511475	0.149999991059303	7.61974906921387	0.149999991059303	5.40000009536743	0.149999991059303	8.2999963760376	0.149999991059303	10.0000162124634	0.149999991059303	1.57511532306671	0.149999991059303	2.07543063163757	0.149999991059303	2.17586064338684	0.149999991059303	1.34684705734253	0.149999991059303	1.77237010002136	0.149999991059303	3.34161400794983	0.149999991059303	0.0103113651275635	0.149999991059303	0.0841573774814606	0.149999991059303	0.313920140266418	0.149999991059303	0.955466866493225	0.149999991059303	-9.36644539706322E-10	0.149999991059303	-1.37700462143897E-9	0.149999991059303	1.1654541776096E-9	0.149999991059303	0	0.149999991059303	0	0.149999991059303	0	0.149999991059303	1.58042645637124E-9	0.149999991059303	0	0.149999991059303	-4.83747797375145E-9	0.149999991059303	0
0.159999996423721	-0.212293043732643	0.159999996423721	13.7226285934448	0.159999996423721	17.9392242431641	0.159999996423721	16.2558345794678	0.159999996423721	24.1559600830078	0.159999996423721	17.4812278747559	0.159999996423721	31.6701602935791	0.159999996423721	15.3107643127441	0.159999996423721	27.0892086029053	0.159999996423721	-7.95103597640991	0.159999996423721	2.50000834465027	0.159999996423721	5.21640777587891	0.159999996423721	6.49999952316284	0.159999996423721	6.32000541687012	0.159999996423721	5.07999801635742	0.159999996423721	6.50001430511475	0.159999996423721	7.61974906921387	0.159999996423721	5.40000009536743	0.159999996423721	8.2999963760376	0.159999996423721	10.0000162124634	0.159999996423721	1.57511532306671	0.159999996423721	2.07543063163757	0.159999996423721	2.17586064338684	0.159999996423721	1.34684705734253	0.159999996423721	1.77237010002136	0.159999996423721	3.34161376953125	0.159999996423721	0.0103113651275635	0.159999996423721	0.0841573625802994	0.159999996423721	0.313919901847839	0.159999996423721	0.955466866493225	0.159999996423721	-8.94069762669147E-10	0.159999996423721	-1.45569056808625E-9	0.159999996423721	1.23205157187556E-9	0.159999996423721	0	0.159999996423721	0	0.159999996423721	0	0.159999996423721	1.67073654910865E-9	0.159999996423721	0	0.159999996423721	-5.11390574331472E-9	0.159999996423721	0
0.170000001788139	-0.212293192744255	0.170000001788139	13.7226285934448	0.170000001788139	17.9392242431641	0.170000001788139	16.2558345794678	0.170000001788139	24.1559600830078	0.170000001788139	17.4812278747559	0.170000001788139	31.6701602935791	0.170000001788139	15.3107643127441	0.170000001788139	27.0892066955566	0.170000001788139	-7.95103597640991	0.170000001788139	2.50000810623169	0.170000001788139	5.21640777587891	0.170000001788139	6.49999952316284	0.170000001788139	6.32000541687012	0.170000001788139	5.07999801635742	0.170000001788139	6.50001430511475	0.170000001788139	7.61974906921387	0.170000001788139	5.40000009536743	0.170000001788139	8.2999963760376	0.170000001788139	10.0000162124634	0.170000001788139	1.57511532306671	0.170000001788139	2.07543063163757	0.170000001788139	2.17586064338684	0.170000001788139	1.34684705734253	0.170000001788139	1.77237010002136	0.170000001788139	3.34161376953125	0.170000001788139	0.0103113651275635	0.170000001788139	0.0841573625802994	0.170000001788139	0.313919901847839	0.170000001788139	0.955466866493225	0.170000001788139	-9.08261355014872E-10	0.170000001788139	-1.53437651473354E-9	0.170000001788139	1.29864896614151E-9	0.170000001788139	0	0.170000001788139	0	0.170000001788139	0	0.170000001788139	1.76104664184606E-9	0.170000001788139	0	0.170000001788139	-5.39033262469957E-9	0.170000001788139	0
0.180000007152557	-0.212293356657028	0.180000007152557	13.7226285934448	0.180000007152557	17.9392242431641	0.180000007152557	16.2558345794678	0.180000007152557	24.1559600830078	0.180000007152557	17.4812278747559	0.180000007152557	31.6701602935791	0.180000007152557	15.3107643127441	0.180000007152557	27.089204788208	0.180000007152557	-7.95103597640991	0.180000007152557	2.50000834465027	0.180000007152557	5.21640777587891	0.180000007152557	6.49999952316284	0.180000007152557	6.32000541687012	0.180000007152557	5.07999801635742	0.180000007152557	6.50001430511475	0.180000007152557	7.61974906921387	0.180000007152557	5.40000009536743	0.180000007152557	8.29999351501465	0.180000007152557	10.0000162124634	0.180000007152557	1.57511532306671	0.180000007152557	2.07543063163757	0.180000007152557	2.17586064338684	0.180000007152557	1.34684705734253	0.180000007152557	1.77237010002136	0.180000007152557	3.34161376953125	0.180000007152557	0.0103113651275635	0.180000007152557	0.0841573476791382	0.180000007152557	0.313921332359314	0.180000007152557	0.955466866493225	0.180000007152557	-8.65686577977698E-10	0.180000007152557	-1.61306246138082E-9	0.180000007152557	1.36524636040747E-9	0.180000007152557	0	0.180000007152557	0	0.180000007152557	0	0.180000007152557	1.85135673458348E-9	0.180000007152557	0	0.180000007152557	-5.66676039426284E-9	0.180000007152557	0
0.190000012516975	-0.212293520569801	0.190000012516975	13.7226285934448	0.190000012516975	17.9392242431641	0.190000012516975	16.2558345794678	0.190000012516975	24.1559600830078	0.190000012516975	17.4812278747559	0.190000012516975	31.6701602935791	0.190000012516975	15.3107643127441	0.190000012516975	27.0892028808594	0.190000012516975	-7.95103597640991	0.190000012516975	2.50000810623169	0.190000012516975	5.21640777587891	0.190000012516975	6.49999952316284	0.190000012516975	6.32000541687012	0.190000012516975	5.07999801635742	0.190000012516975	6.50001430511475	0.190000012516975	7.61974906921387	0.190000012516975	5.40000009536743	0.190000012516975	8.29999351501465	0.190000012516975	10.0000162124634	0.190000012516975	1.57511532306671	0.190000012516975	2.07543063163757	0.190000012516975	2.17586064338684	0.190000012516975	1.34684705734253	0.190000012516975	1.77237010002136	0.190000012516975	3.34161376953125	0.190000012516975	0.0103113651275635	0.190000012516975	0.0841573476791382	0.190000012516975	0.313921332359314	0.190000012516975	0.955466866493225	0.190000012516975	-8.79878170323423E-10	0.190000012516975	-1.6917484080281E-9	0.190000012516975	1.43184375467342E-9	0.190000012516975	0	0.190000012516975	0	0.190000012516975	0	0.190000012516975	1.94166682732089E-9	0.190000012516975	0	0.190000012516975	-5.32122568230875E-9	0.190000012516975	0
0.200000017881393	-0.212293684482574	0.200000017881393	13.7226285934448	0.200000017881393	17.9392242431641	0.200000017881393	16.2558345794678	0.200000017881393	24.1559600830078	0.200000017881393	17.4812278747559	0.200000017881393	31.6701602935791	0.200000017881393	15.3107643127441	0.200000017881393	27.0892028808594	0.200000017881393	-7.95103597640991	0.200000017881393	2.50000834465027	0.200000017881393	5.21640777587891	0.200000017881393	6.49999952316284	0.200000017881393	6.32000541687012	0.200000017881393	5.07999801635742	0.200000017881393	6.50001430511475	0.200000017881393	7.61974906921387	0.200000017881393	5.40000057220459	0.200000017881393	8.29999351501465	0.200000017881393	10.0000162124634	0.200000017881393	1.57511532306671	0.200000017881393	2.07543063163757	0.200000017881393	2.17586064338684	0.200000017881393	1.34684705734253	0.200000017881393	1.77237010002136	0.200000017881393	3.34161376953125	0.200000017881393	0.0103113651275635	0.200000017881393	0.0841573476791382	0.200000017881393	0.313921093940735	0.200000017881393	0.955466866493225	0.200000017881393	-8.37303393286248E-10	0.200000017881393	-1.77043435467539E-9	0.200000017881393	1.49844114893938E-9	0.200000017881393	0	0.200000017881393	0	0.200000017881393	0	0.200000017881393	2.031976809036E-9	0.200000017881393	0	0.200000017881393	-5.18301179752711E-9	0.200000017881393	0
0.210000023245811	-0.212293818593025	0.210000023245811	13.7226285934448	0.210000023245811	17.9392242431641	0.210000023245811	16.2558345794678	0.210000023245811	24.1559600830078	0.210000023245811	17.4812278747559	0.210000023245811	31.6701602935791	0.210000023245811	15.3107643127441	0.210000023245811	27.0892009735107	0.210000023245811	-7.95103597640991	0.210000023245811	2.50000810623169	0.210000023245811	5.21640777587891	0.210000023245811	6.49999952316284	0.210000023245811	6.32000541687012	0.210000023245811	5.07999801635742	0.210000023245811	6.50001430511475	0.210000023245811	7.61974906921387	0.210000023245811	5.40000057220459	0.210000023245811	8.29999351501465	0.210000023245811	10.0000162124634	0.210000023245811	1.57511532306671	0.210000023245811	2.07543063163757	0.210000023245811	2.17586064338684	0.210000023245811	1.34684705734253	0.210000023245811	1.77237010002136	0.210000023245811	3.34161376953125	0.210000023245811	0.0103113651275635	0.210000023245811	0.0841573476791382	0.210000023245811	0.313921093940735	0.210000023245811	0.955466866493225	0.210000023245811	-8.51494985631973E-10	0.210000023245811	-1.84912030132267E-9	0.210000023245811	1.56503854320533E-9	0.210000023245811	0	0.210000023245811	0	0.210000023245811	0	0.210000023245811	2.1222867907511E-9	0.210000023245811	-1.47171969056004E-10	0.210000023245811	-5.04479791274548E-9	0.210000023245811	0
0.22000002861023	-0.212293967604637	0.22000002861023	13.7226285934448	0.22000002861023	17.9392242431641	0.22000002861023	16.2558345794678	0.22000002861023	24.1559600830078	0.22000002861023	17.4812278747559	0.22000002861023	31.6701602935791	0.22000002861023	15.3107643127441	0.22000002861023	27.0891990661621	0.22000002861023	-7.95103597640991	0.22000002861023	2.50000834465027	0.22000002861023	5.21640777587891	0.22000002861023	6.49999952316284	0.22000002861023	6.32000541687012	0.22000002861023	5.07999801635742	0.22000002861023	6.50001430511475	0.22000002861023	7.61974906921387	0.22000002861023	5.40000057220459	0.22000002861023	8.29999351501465	0.22000002861023	10.0000162124634	0.22000002861023	1.57511532306671	0.22000002861023	2.07543063163757	0.22000002861023	2.17586064338684	0.22000002861023	1.34684705734253	0.22000002861023	1.77237010002136	0.22000002861023	3.34161376953125	0.22000002861023	0.0103113651275635	0.22000002861023	0.084157332777977	0.22000002861023	0.313920736312866	0.22000002861023	0.955466866493225	0.22000002861023	-8.08920208594799E-10	0.22000002861023	-1.92780635899226E-9	0.22000002861023	1.63163593747129E-9	0.22000002861023	0	0.22000002861023	0	0.22000002861023	0	0.22000002861023	2.21259677246621E-9	0.22000002861023	-2.45286596589622E-10	0.22000002861023	-4.90658402796385E-9	0.22000002861023	0
0.230000033974648	-0.212294101715088	0.230000033974648	13.7226285934448	0.230000033974648	17.9392242431641	0.230000033974648	16.2558345794678	0.230000033974648	24.1559600830078	0.230000033974648	17.4812278747559	0.230000033974648	31.6701602935791	0.230000033974648	15.3107643127441	0.230000033974648	27.0891971588135	0.230000033974648	-7.95103597640991	0.230000033974648	2.50000834465027	0.230000033974648	5.21640777587891	0.230000033974648	6.49999952316284	0.230000033974648	6.32000541687012	0.230000033974648	5.07999801635742	0.230000033974648	6.5000147819519	0.230000033974648	7.61974906921387	0.230000033974648	5.40000057220459	0.230000033974648	8.29999351501465	0.230000033974648	10.0000162124634	0.230000033974648	1.57511520385742	0.230000033974648	2.07543063163757	0.230000033974648	2.17586064338684	0.230000033974648	1.34684705734253	0.230000033974648	1.77237010002136	0.230000033974648	3.34161376953125	0.230000033974648	0.0103113651275635	0.230000033974648	0.0841572880744934	0.230000033974648	0.313920080661774	0.230000033974648	0.955466866493225	0.230000033974648	-8.23111800940524E-10	0.230000033974648	-2.00649230563954E-9	0.230000033974648	1.69823333173724E-9	0.230000033974648	0	0.230000033974648	0	0.230000033974648	0	0.230000033974648	2.30290675418132E-9	0.230000033974648	-3.43401251878817E-10	0.230000033974648	-4.76837014318221E-9	0.230000033974648	0
0.240000039339066	-0.212294265627861	0.240000039339066	13.7226285934448	0.240000039339066	17.9392242431641	0.240000039339066	16.2558345794678	0.240000039339066	24.1559600830078	0.240000039339066	17.4812278747559	0.240000039339066	31.6701602935791	0.240000039339066	15.3107643127441	0.240000039339066	27.0891952514648	0.240000039339066	-7.95103597640991	0.240000039339066	2.50000834465027	0.240000039339066	5.21640777587891	0.240000039339066	6.49999952316284	0.240000039339066	6.32000541687012	0.240000039339066	5.07999801635742	0.240000039339066	6.5000147819519	0.240000039339066	7.61974906921387	0.240000039339066	5.40000057220459	0.240000039339066	8.29999351501465	0.240000039339066	10.0000162124634	0.240000039339066	1.57511520385742	0.240000039339066	2.07543063163757	0.240000039339066	2.17586064338684	0.240000039339066	1.34684705734253	0.240000039339066	1.77237010002136	0.240000039339066	3.34161376953125	0.240000039339066	0.0103113651275635	0.240000039339066	0.0841572880744934	0.240000039339066	0.313920080661774	0.240000039339066	0.955466866493225	0.240000039339066	-8.23111800940524E-10	0.240000039339066	-2.08517825228682E-9	0.240000039339066	1.7648307260032E-9	0.240000039339066	0	0.240000039339066	0	0.240000039339066	-1.02766628540252E-10	0.240000039339066	2.39321673589643E-9	0.240000039339066	-4.41515879412435E-10	0.240000039339066	-4.63015625840058E-9	0.240000039339066	0
0.250000029802322	-0.212294414639473	0.250000029802322	13.7226285934448	0.250000029802322	17.9392242431641	0.250000029802322	16.2558345794678	0.250000029802322	24.1559600830078	0.250000029802322	17.4812278747559	0.250000029802322	31.6701602935791	0.250000029802322	15.3107643127441	0.250000029802322	27.0891952514648	0.250000029802322	-7.95103597640991	0.250000029802322	2.50000810623169	0.250000029802322	5.21640777587891	0.250000029802322	6.49999952316284	0.250000029802322	6.32000541687012	0.250000029802322	5.07999801635742	0.250000029802322	6.5000147819519	0.250000029802322	7.61974906921387	0.250000029802322	5.40000057220459	0.250000029802322	8.29999351501465	0.250000029802322	10.0000162124634	0.250000029802322	1.57511532306671	0.250000029802322	2.07543063163757	0.250000029802322	2.17586064338684	0.250000029802322	1.34684705734253	0.250000029802322	1.77237010002136	0.250000029802322	3.34161376953125	0.250000029802322	0.0103113651275635	0.250000029802322	0.0841572880744934	0.250000029802322	0.313920080661774	0.250000029802322	0.955466866493225	0.250000029802322	-8.23111800940524E-10	0.250000029802322	-2.16386419893411E-9	0.250000029802322	1.83142812026915E-9	0.250000029802322	0	0.250000029802322	0	0.250000029802322	-1.71277714233753E-10	0.250000029802322	2.48352671761154E-9	0.250000029802322	-5.39630506946054E-10	0.250000029802322	-4.49194237361894E-9	0.250000029802322	0
0.260000020265579	-0.212294563651085	0.260000020265579	13.7226285934448	0.260000020265579	17.9392242431641	0.260000020265579	16.2558345794678	0.260000020265579	24.1559600830078	0.260000020265579	17.4812278747559	0.260000020265579	31.6701602935791	0.260000020265579	15.3107643127441	0.260000020265579	27.0891952514648	0.260000020265579	-7.95103597640991	0.260000020265579	2.50000834465027	0.260000020265579	5.21640777587891	0.260000020265579	6.49999952316284	0.260000020265579	6.32000541687012	0.260000020265579	5.07999801635742	0.260000020265579	6.5000147819519	0.260000020265579	7.61974906921387	0.260000020265579	5.40000057220459	0.260000020265579	8.29999351501465	0.260000020265579	10.0000162124634	0.260000020265579	1.57511520385742	0.260000020265579	2.07543063163757	0.260000020265579	2.17586064338684	0.260000020265579	1.34684705734253	0.260000020265579	1.77237010002136	0.260000020265579	3.34161376953125	0.260000020265579	0.0103113651275635	0.260000020265579	0.0841572880744934	0.260000020265579	0.313920080661774	0.260000020265579	0.955466866493225	0.260000020265579	-7.80537023903349E-10	0.260000020265579	-2.24255014558139E-9	0.260000020265579	1.89802551453511E-9	0.260000020265579	0	0.260000020265579	0	0.260000020265579	-2.39788799927254E-10	0.260000020265579	2.57383669932665E-9	0.260000020265579	-6.37745134479673E-10	0.260000020265579	-4.3537284888373E-9	0.260000020265579	0
0.270000010728836	-0.212294697761536	0.270000010728836	13.7226285934448	0.270000010728836	17.9392242431641	0.270000010728836	16.2558345794678	0.270000010728836	24.1559600830078	0.270000010728836	17.4812278747559	0.270000010728836	31.6701602935791	0.270000010728836	15.3107643127441	0.270000010728836	27.0891952514648	0.270000010728836	-7.95103597640991	0.270000010728836	2.50000810623169	0.270000010728836	5.21640777587891	0.270000010728836	6.49999952316284	0.270000010728836	6.32000541687012	0.270000010728836	5.07999801635742	0.270000010728836	6.5000147819519	0.270000010728836	7.61974906921387	0.270000010728836	5.40000057220459	0.270000010728836	8.29999351501465	0.270000010728836	10.0000162124634	0.270000010728836	1.57511520385742	0.270000010728836	2.07543063163757	0.270000010728836	2.17586064338684	0.270000010728836	1.34684705734253	0.270000010728836	1.77237010002136	0.270000010728836	3.34161376953125	0.270000010728836	0.0103113651275635	0.270000010728836	0.0841572731733322	0.270000010728836	0.313920080661774	0.270000010728836	0.955466866493225	0.270000010728836	-7.94728616249074E-10	0.270000010728836	-2.32123609222867E-9	0.270000010728836	1.96462290880106E-9	0.270000010728836	0	0.270000010728836	0	0.270000010728836	-3.08299885620755E-10	0.270000010728836	2.66414668104176E-9	0.270000010728836	-7.35859762013291E-10	0.270000010728836	-4.21551460405567E-9	0.270000010728836	0
0.280000001192093	-0.212294831871986	0.280000001192093	13.7226285934448	0.280000001192093	17.9392242431641	0.280000001192093	16.2558345794678	0.280000001192093	24.1559600830078	0.280000001192093	17.4812278747559	0.280000001192093	31.6701602935791	0.280000001192093	15.3107643127441	0.280000001192093	27.0891952514648	0.280000001192093	-7.95103597640991	0.280000001192093	2.50000810623169	0.280000001192093	5.21640777587891	0.280000001192093	6.49999952316284	0.280000001192093	6.32000541687012	0.280000001192093	5.07999801635742	0.280000001192093	6.5000147819519	0.280000001192093	7.61974906921387	0.280000001192093	5.40000057220459	0.280000001192093	8.29999351501465	0.280000001192093	10.0000162124634	0.280000001192093	1.57511520385742	0.280000001192093	2.07543063163757	0.280000001192093	2.17586064338684	0.280000001192093	1.34684705734253	0.280000001192093	1.77237010002136	0.280000001192093	3.34161376953125	0.280000001192093	0.0103113651275635	0.280000001192093	0.0841572731733322	0.280000001192093	0.313920080661774	0.280000001192093	0.955466866493225	0.280000001192093	-7.521538392119E-10	0.280000001192093	-2.39992203887596E-9	0.280000001192093	2.03122030306702E-9	0.280000001192093	0	0.280000001192093	0	0.280000001192093	-3.76810971314256E-10	0.280000001192093	2.75445666275687E-9	0.280000001192093	-8.3397438954691E-10	0.280000001192093	-4.07730071927404E-9	0.280000001192093	0
0.28999999165535	-0.212294965982437	0.28999999165535	13.7226276397705	0.28999999165535	17.9392242431641	0.28999999165535	16.2558345794678	0.28999999165535	24.1559600830078	0.28999999165535	17.4812278747559	0.28999999165535	31.6701602935791	0.28999999165535	15.3107643127441	0.28999999165535	27.0891952514648	0.28999999165535	-7.95103597640991	0.28999999165535	2.50000810623169	0.28999999165535	5.21640777587891	0.28999999165535	6.49999952316284	0.28999999165535	6.32000541687012	0.28999999165535	5.07999801635742	0.28999999165535	6.5000147819519	0.28999999165535	7.61974906921387	0.28999999165535	5.40000057220459	0.28999999165535	8.29999351501465	0.28999999165535	10.0000162124634	0.28999999165535	1.57511520385742	0.28999999165535	2.07543063163757	0.28999999165535	2.17586040496826	0.28999999165535	1.34684705734253	0.28999999165535	1.77237010002136	0.28999999165535	3.34161376953125	0.28999999165535	0.0103112459182739	0.28999999165535	0.0841572731733322	0.28999999165535	0.313920080661774	0.28999999165535	0.955466866493225	0.28999999165535	-7.2377065452045E-10	0.28999999165535	-2.47860798552324E-9	0.28999999165535	2.09781769733297E-9	0.28999999165535	0	0.28999999165535	0	0.28999999165535	-4.45322057007758E-10	0.28999999165535	2.84476664447197E-9	0.28999999165535	-9.3208907259168E-10	0.28999999165535	-3.9390868344924E-9	0.28999999165535	0
0.299999982118607	-0.212295100092888	0.299999982118607	13.7226266860962	0.299999982118607	17.9392242431641	0.299999982118607	16.2558345794678	0.299999982118607	24.1559600830078	0.299999982118607	17.4812278747559	0.299999982118607	31.6701602935791	0.299999982118607	15.3107643127441	0.299999982118607	27.0891952514648	0.299999982118607	-7.95103597640991	0.299999982118607	2.50000810623169	0.299999982118607	5.21640729904175	0.299999982118607	6.49999952316284	0.299999982118607	6.32000541687012	0.299999982118607	5.07999801635742	0.299999982118607	6.5000147819519	0.299999982118607	7.61974906921387	0.299999982118607	5.40000057220459	0.299999982118607	8.29999351501465	0.299999982118607	10.0000162124634	0.299999982118607	1.57511520385742	0.299999982118607	2.07543039321899	0.299999982118607	2.17586040496826	0.299999982118607	1.34684705734253	0.299999982118607	1.77237010002136	0.299999982118607	3.34161376953125	0.299999982118607	0.0103112459182739	0.299999982118607	0.0841572731733322	0.299999982118607	0.313920080661774	0.299999982118607	0.955466866493225	0.299999982118607	-6.95387469829001E-10	0.299999982118607	-2.55729393217052E-9	0.299999982118607	2.16441509159893E-9	0.299999982118607	0	0.299999982118607	0	0.299999982118607	-5.13833142701259E-10	0.299999982118607	2.93507662618708E-9	0.299999982118607	-1.0302037001253E-9	0.299999982118607	-3.80087294971077E-9	0.299999982118607	0
0.309999972581863	-0.212295219302177	0.309999972581863	13.7226257324219	0.309999972581863	17.9392242431641	0.309999972581863	16.2558345794678	0.309999972581863	24.1559600830078	0.309999972581863	17.4812278747559	0.309999972581863	31.6701602935791	0.309999972581863	15.3107643127441	0.309999972581863	27.0891952514648	0.309999972581863	-7.95103597640991	0.309999972581863	2.50000810623169	0.309999972581863	5.21640729904175	0.309999972581863	6.49999952316284	0.309999972581863	6.32000541687012	0.309999972581863	5.07999801635742	0.309999972581863	6.5000147819519	0.309999972581863	7.61974906921387	0.309999972581863	5.40000057220459	0.309999972581863	8.29999351501465	0.309999972581863	10.0000162124634	0.309999972581863	1.57511520385742	0.309999972581863	2.07543039321899	0.309999972581863	2.17586040496826	0.309999972581863	1.34684705734253	0.309999972581863	1.77237010002136	0.309999972581863	3.34161376953125	0.309999972581863	0.0103112459182739	0.309999972581863	0.0841572731733322	0.309999972581863	0.313920080661774	0.309999972581863	0.955466866493225	0.309999972581863	-6.67004285137551E-10	0.309999972581863	-2.51795095884688E-9	0.309999972581863	2.23101248586488E-9	0.309999972581863	0	0.309999972581863	0	0.309999972581863	-5.8234422839476E-10	0.309999972581863	3.02538660790219E-9	0.309999972581863	-1.12831832765892E-9	0.309999972581863	-3.66265906492913E-9	0.309999972581863	0
0.31999996304512	-0.212295338511467	0.31999996304512	13.7226247787476	0.31999996304512	17.9392242431641	0.31999996304512	16.2558345794678	0.31999996304512	24.1559600830078	0.31999996304512	17.4812278747559	0.31999996304512	31.6701602935791	0.31999996304512	15.3107643127441	0.31999996304512	27.0891952514648	0.31999996304512	-7.95103597640991	0.31999996304512	2.50000786781311	0.31999996304512	5.21640682220459	0.31999996304512	6.5	0.31999996304512	6.32000541687012	0.31999996304512	5.07999801635742	0.31999996304512	6.5000147819519	0.31999996304512	7.61974906921387	0.31999996304512	5.40000057220459	0.31999996304512	8.29999351501465	0.31999996304512	10.0000162124634	0.31999996304512	1.57511520385742	0.31999996304512	2.07543039321899	0.31999996304512	2.17586040496826	0.31999996304512	1.34684705734253	0.31999996304512	1.77237010002136	0.31999996304512	3.34161376953125	0.31999996304512	0.0103112459182739	0.31999996304512	0.0841572433710098	0.31999996304512	0.313920080661774	0.31999996304512	0.955466866493225	0.31999996304512	-6.38621100446102E-10	0.31999996304512	-2.51795095884688E-9	0.31999996304512	2.29760988013084E-9	0.31999996304512	0	0.31999996304512	0	0.31999996304512	-6.50855314088261E-10	0.31999996304512	3.1156965896173E-9	0.31999996304512	-1.22643295519254E-9	0.31999996304512	-3.52444562423671E-9	0.31999996304512	0
0.329999953508377	-0.212295457720757	0.329999953508377	13.7226238250732	0.329999953508377	17.9392242431641	0.329999953508377	16.2558345794678	0.329999953508377	24.1559600830078	0.329999953508377	17.4812278747559	0.329999953508377	31.6701602935791	0.329999953508377	15.3107643127441	0.329999953508377	27.0891952514648	0.329999953508377	-7.95103597640991	0.329999953508377	2.50000810623169	0.329999953508377	5.21640682220459	0.329999953508377	6.5	0.329999953508377	6.32000541687012	0.329999953508377	5.07999801635742	0.329999953508377	6.5000147819519	0.329999953508377	7.61974906921387	0.329999953508377	5.40000057220459	0.329999953508377	8.29999351501465	0.329999953508377	10.0000162124634	0.329999953508377	1.57511520385742	0.329999953508377	2.07543039321899	0.329999953508377	2.17586040496826	0.329999953508377	1.34684705734253	0.329999953508377	1.77237010002136	0.329999953508377	3.34161376953125	0.329999953508377	0.0103112459182739	0.329999953508377	0.0841572433710098	0.329999953508377	0.313920080661774	0.329999953508377	0.955466866493225	0.329999953508377	-5.67663194228629E-10	0.329999953508377	-2.39992203887596E-9	0.329999953508377	2.26431118299786E-9	0.329999953508377	0	0.329999953508377	0	0.329999953508377	-7.19366399781762E-10	0.329999953508377	3.20600657133241E-9	0.329999953508377	-1.32454758272615E-9	0.329999953508377	-3.38623173945507E-9	0.329999953508377	0
0.339999943971634	-0.212295562028885	0.339999943971634	13.7226228713989	0.339999943971634	17.9392242431641	0.339999943971634	16.2558345794678	0.339999943971634	24.1559600830078	0.339999943971634	17.4812278747559	0.339999943971634	31.6701602935791	0.339999943971634	15.3107643127441	0.339999943971634	27.0891952514648	0.339999943971634	-7.95103597640991	0.339999943971634	2.50000810623169	0.339999943971634	5.21640634536743	0.339999943971634	6.5	0.339999943971634	6.32000541687012	0.339999943971634	5.07999801635742	0.339999943971634	6.5000147819519	0.339999943971634	7.61974906921387	0.339999943971634	5.40000057220459	0.339999943971634	8.29999351501465	0.339999943971634	10.0000162124634	0.339999943971634	1.57511520385742	0.339999943971634	2.07543039321899	0.339999943971634	2.17586040496826	0.339999943971634	1.34684705734253	0.339999943971634	1.77237010002136	0.339999943971634	3.34161376953125	0.339999943971634	0.0103112459182739	0.339999943971634	0.0841572433710098	0.339999943971634	0.313920080661774	0.339999943971634	0.955466866493225	0.339999943971634	-5.53471601882904E-10	0.339999943971634	-2.32123609222867E-9	0.339999943971634	2.26431118299786E-9	0.339999943971634	0	0.339999943971634	0	0.339999943971634	-7.87877485475263E-10	0.339999943971634	3.29631655304752E-9	0.339999943971634	-1.42266221025977E-9	0.339999943971634	-3.24801829876265E-9	0.339999943971634	0
0.349999934434891	-0.212295651435852	0.349999934434891	13.7226228713989	0.349999934434891	17.9392242431641	0.349999934434891	16.2558345794678	0.349999934434891	24.1559600830078	0.349999934434891	17.4812278747559	0.349999934434891	31.6701602935791	0.349999934434891	15.3107643127441	0.349999934434891	27.0891952514648	0.349999934434891	-7.95103597640991	0.349999934434891	2.50000786781311	0.349999934434891	5.21640634536743	0.349999934434891	6.5	0.349999934434891	6.32000541687012	0.349999934434891	5.07999801635742	0.349999934434891	6.5000147819519	0.349999934434891	7.61974906921387	0.349999934434891	5.40000057220459	0.349999934434891	8.29999351501465	0.349999934434891	10.0000162124634	0.349999934434891	1.57511520385742	0.349999934434891	2.07543039321899	0.349999934434891	2.17586040496826	0.349999934434891	1.34684705734253	0.349999934434891	1.77237010002136	0.349999934434891	3.34161376953125	0.349999934434891	0.0103112459182739	0.349999934434891	0.0841572433710098	0.349999934434891	0.313920080661774	0.349999934434891	0.955466866493225	0.349999934434891	-5.25088417191455E-10	0.349999934434891	-2.12452122561046E-9	0.349999934434891	2.26431118299786E-9	0.349999934434891	0	0.349999934434891	0	0.349999934434891	-8.56388571168765E-10	0.349999934434891	3.38662653476263E-9	0.349999934434891	-1.52077683779339E-9	0.349999934434891	-3.10980441398101E-9	0.349999934434891	0
0.359999924898148	-0.212295740842819	0.359999924898148	13.7226228713989	0.359999924898148	17.9392242431641	0.359999924898148	16.2558345794678	0.359999924898148	24.1559600830078	0.359999924898148	17.4812278747559	0.359999924898148	31.6701602935791	0.359999924898148	15.3107643127441	0.359999924898148	27.0891952514648	0.359999924898148	-7.95103597640991	0.359999924898148	2.50000786781311	0.359999924898148	5.21640634536743	0.359999924898148	6.5	0.359999924898148	6.32000589370728	0.359999924898148	5.07999801635742	0.359999924898148	6.5000147819519	0.359999924898148	7.61974906921387	0.359999924898148	5.40000057220459	0.359999924898148	8.29999351501465	0.359999924898148	10.0000162124634	0.359999924898148	1.57511520385742	0.359999924898148	2.07543039321899	0.359999924898148	2.17586040496826	0.359999924898148	1.34684705734253	0.359999924898148	1.77237010002136	0.359999924898148	3.34161376953125	0.359999924898148	0.0103112459182739	0.359999924898148	0.0841572433710098	0.359999924898148	0.313920080661774	0.359999924898148	0.955466866493225	0.359999924898148	-4.54130538729558E-10	0.359999924898148	-1.9671493323159E-9	0.359999924898148	2.26431118299786E-9	0.359999924898148	0	0.359999924898148	0	0.359999924898148	-9.24899656862266E-10	0.359999924898148	3.47693651647774E-9	0.359999924898148	-1.61889146532701E-9	0.359999924898148	-2.97159097328858E-9	0.359999924898148	0
0.369999915361404	-0.212295815348625	0.369999915361404	13.7226228713989	0.369999915361404	17.9392242431641	0.369999915361404	16.2558345794678	0.369999915361404	24.1559600830078	0.369999915361404	17.4812278747559	0.369999915361404	31.6701602935791	0.369999915361404	15.3107643127441	0.369999915361404	27.0891952514648	0.369999915361404	-7.95103597640991	0.369999915361404	2.50000786781311	0.369999915361404	5.21640634536743	0.369999915361404	6.5	0.369999915361404	6.32000589370728	0.369999915361404	5.07999801635742	0.369999915361404	6.5000147819519	0.369999915361404	7.61974906921387	0.369999915361404	5.40000057220459	0.369999915361404	8.29999351501465	0.369999915361404	10.0000162124634	0.369999915361404	1.57511520385742	0.369999915361404	2.07543039321899	0.369999915361404	2.17586040496826	0.369999915361404	1.34684705734253	0.369999915361404	1.77237010002136	0.369999915361404	3.34161376953125	0.369999915361404	0.0103112459182739	0.369999915361404	0.0841572433710098	0.369999915361404	0.313920080661774	0.369999915361404	0.955466866493225	0.369999915361404	-3.9736422485781E-10	0.369999915361404	-1.80977743902133E-9	0.369999915361404	2.26431118299786E-9	0.369999915361404	-1.25044696819288E-10	0.369999915361404	0	0.369999915361404	-9.93410687044616E-10	0.369999915361404	3.56724649819284E-9	0.369999915361404	-1.71700609286063E-9	0.369999915361404	-2.83337708850695E-9	0.369999915361404	0
0.379999905824661	-0.21229587495327	0.379999905824661	13.7226228713989	0.379999905824661	17.9392242431641	0.379999905824661	16.2558345794678	0.379999905824661	24.1559600830078	0.379999905824661	17.4812278747559	0.379999905824661	31.6701602935791	0.379999905824661	15.3107643127441	0.379999905824661	27.0891952514648	0.379999905824661	-7.95103597640991	0.379999905824661	2.50000786781311	0.379999905824661	5.21640634536743	0.379999905824661	6.5	0.379999905824661	6.32000589370728	0.379999905824661	5.07999801635742	0.379999905824661	6.5000147819519	0.379999905824661	7.61974906921387	0.379999905824661	5.40000057220459	0.379999905824661	8.29999351501465	0.379999905824661	10.0000162124634	0.379999905824661	1.57511520385742	0.379999905824661	2.07543039321899	0.379999905824661	2.17586040496826	0.379999905824661	1.34684705734253	0.379999905824661	1.77237010002136	0.379999905824661	3.34161376953125	0.379999905824661	0.0103112459182739	0.379999905824661	0.0841572433710098	0.379999905824661	0.313920080661774	0.379999905824661	0.955466866493225	0.379999905824661	-3.40597910986062E-10	0.379999905824661	-1.65240543470446E-9	0.379999905824661	2.26431118299786E-9	0.379999905824661	-2.08407846535863E-10	0.379999905824661	0	0.379999905824661	-1.06192188376042E-9	0.379999905824661	3.65755647990795E-9	0.379999905824661	-1.81512072039425E-9	0.379999905824661	-2.69516364781452E-9	0.379999905824661	0
0.389999896287918	-0.212295934557915	0.389999896287918	13.7226228713989	0.389999896287918	17.9392242431641	0.389999896287918	16.2558345794678	0.389999896287918	24.1559600830078	0.389999896287918	17.4812278747559	0.389999896287918	31.6701602935791	0.389999896287918	15.3107643127441	0.389999896287918	27.0891952514648	0.389999896287918	-7.95103597640991	0.389999896287918	2.50000762939453	0.389999896287918	5.21640634536743	0.389999896287918	6.5	0.389999896287918	6.32000589370728	0.389999896287918	5.07999801635742	0.389999896287918	6.5000147819519	0.389999896287918	7.61974906921387	0.389999896287918	5.40000057220459	0.389999896287918	8.29999351501465	0.389999896287918	10.0000162124634	0.389999896287918	1.57511520385742	0.389999896287918	2.07543039321899	0.389999896287918	2.17586040496826	0.389999896287918	1.34684705734253	0.389999896287918	1.77237010002136	0.389999896287918	3.34161376953125	0.389999896287918	0.0103112459182739	0.389999896287918	0.0841572433710098	0.389999896287918	0.313920080661774	0.389999896287918	0.955466866493225	0.389999896287918	-2.83831597114315E-10	0.389999896287918	-1.49503343038759E-9	0.389999896287918	2.26431118299786E-9	0.389999896287918	-2.91770968496863E-10	0.389999896287918	0	0.389999896287918	-1.13043285843162E-9	0.389999896287918	3.74786646162306E-9	0.389999896287918	-1.91323556997247E-9	0.389999896287918	-2.55694976303289E-9	0.389999896287918	0
0.399999886751175	-0.212295979261398	0.399999886751175	13.7226228713989	0.399999886751175	17.9392242431641	0.399999886751175	16.2558345794678	0.399999886751175	24.1559600830078	0.399999886751175	17.4812278747559	0.399999886751175	31.6701602935791	0.399999886751175	15.3107643127441	0.399999886751175	27.0891952514648	0.399999886751175	-7.95103597640991	0.399999886751175	2.50000786781311	0.399999886751175	5.21640634536743	0.399999886751175	6.5	0.399999886751175	6.32000589370728	0.399999886751175	5.07999801635742	0.399999886751175	6.5000147819519	0.399999886751175	7.61974906921387	0.399999886751175	5.40000057220459	0.399999886751175	8.29999351501465	0.399999886751175	10.0000162124634	0.399999886751175	1.57511520385742	0.399999886751175	2.07543039321899	0.399999886751175	2.17586040496826	0.399999886751175	1.34684705734253	0.399999886751175	1.77237010002136	0.399999886751175	3.34161376953125	0.399999886751175	0.0103112459182739	0.399999886751175	0.0841572433710098	0.399999886751175	0.313920080661774	0.399999886751175	0.955466866493225	0.399999886751175	-1.84490506205393E-10	0.399999886751175	-1.33766142607072E-9	0.399999886751175	2.26431118299786E-9	0.399999886751175	-3.75134118213438E-10	0.399999886751175	0	0.399999886751175	-1.19894405514742E-9	0.399999886751175	3.83817644333817E-9	0.399999886751175	-2.01135019750609E-9	0.399999886751175	-2.41873632234046E-9	0.399999886751175	0
0.409999877214432	-0.21229599416256	0.409999877214432	13.7226228713989	0.409999877214432	17.9392242431641	0.409999877214432	16.2558345794678	0.409999877214432	24.1559600830078	0.409999877214432	17.4812278747559	0.409999877214432	31.6701602935791	0.409999877214432	15.3107643127441	0.409999877214432	27.0891952514648	0.409999877214432	-7.95103597640991	0.409999877214432	2.50000786781311	0.409999877214432	5.21640634536743	0.409999877214432	6.5	0.409999877214432	6.32000589370728	0.409999877214432	5.07999801635742	0.409999877214432	6.5000147819519	0.409999877214432	7.61974906921387	0.409999877214432	5.40000057220459	0.409999877214432	8.29999351501465	0.409999877214432	10.0000162124634	0.409999877214432	1.57511520385742	0.409999877214432	2.07543039321899	0.409999877214432	2.17586040496826	0.409999877214432	1.34684705734253	0.409999877214432	1.77237010002136	0.409999877214432	3.34161376953125	0.409999877214432	0.0103112459182739	0.409999877214432	0.0841572433710098	0.409999877214432	0.313920080661774	0.409999877214432	0.955466866493225	0.409999877214432	-1.41915756923794E-10	0.409999877214432	-1.18028942175386E-9	0.409999877214432	2.26431118299786E-9	0.409999877214432	-4.58497267930014E-10	0.409999877214432	0	0.409999877214432	-1.26745502981862E-9	0.409999877214432	3.92848642505328E-9	0.409999877214432	-2.10946482503971E-9	0.409999877214432	-2.28052243755883E-9	0.409999877214432	0
0.419999867677689	-0.212296023964882	0.419999867677689	13.7226228713989	0.419999867677689	17.9392242431641	0.419999867677689	16.2558345794678	0.419999867677689	24.1559600830078	0.419999867677689	17.4812278747559	0.419999867677689	31.6701602935791	0.419999867677689	15.3107643127441	0.419999867677689	27.0891952514648	0.419999867677689	-7.95103597640991	0.419999867677689	2.50000786781311	0.419999867677689	5.21640634536743	0.419999867677689	6.5	0.419999867677689	6.32000589370728	0.419999867677689	5.07999801635742	0.419999867677689	6.5000147819519	0.419999867677689	7.61974906921387	0.419999867677689	5.40000057220459	0.419999867677689	8.29999351501465	0.419999867677689	10.0000162124634	0.419999867677689	1.57511520385742	0.419999867677689	2.07543039321899	0.419999867677689	2.17586040496826	0.419999867677689	1.34684705734253	0.419999867677689	1.77237010002136	0.419999867677689	3.34161376953125	0.419999867677689	0.0103112459182739	0.419999867677689	0.0841572433710098	0.419999867677689	0.313920080661774	0.419999867677689	0.955466866493225	0.419999867677689	-8.51494361131522E-11	0.419999867677689	-1.02291741743699E-9	0.419999867677689	2.26431118299786E-9	0.419999867677689	-5.41860389891014E-10	0.419999867677689	0	0.419999867677689	-1.33596622653442E-9	0.419999867677689	4.01879640676839E-9	0.419999867677689	-2.20757945257333E-9	0.419999867677689	-2.1423089968664E-9	0.419999867677689	0
0.429999858140945	-0.212296038866043	0.429999858140945	13.7226228713989	0.429999858140945	17.9392242431641	0.429999858140945	16.2558345794678	0.429999858140945	24.1559600830078	0.429999858140945	17.4812278747559	0.429999858140945	31.6701602935791	0.429999858140945	15.3107643127441	0.429999858140945	27.0891952514648	0.429999858140945	-7.95103597640991	0.429999858140945	2.50000786781311	0.429999858140945	5.21640634536743	0.429999858140945	6.5	0.429999858140945	6.32000589370728	0.429999858140945	5.07999801635742	0.429999858140945	6.5000147819519	0.429999858140945	7.61974906921387	0.429999858140945	5.40000057220459	0.429999858140945	8.29999351501465	0.429999858140945	10.0000162124634	0.429999858140945	1.57511520385742	0.429999858140945	2.07543039321899	0.429999858140945	2.17586040496826	0.429999858140945	1.34684705734253	0.429999858140945	1.77237010002136	0.429999858140945	3.34161376953125	0.429999858140945	0.0103112459182739	0.429999858140945	0.0841572433710098	0.429999858140945	0.313920080661774	0.429999858140945	0.955466866493225	0.429999858140945	-2.83831083636166E-11	0.429999858140945	-8.65545357608966E-10	0.429999858140945	2.26431118299786E-9	0.429999858140945	-6.25223539607589E-10	0.429999858140945	0	0.429999858140945	-1.40447720120562E-9	0.429999858140945	4.1091063884835E-9	0.429999858140945	-2.30569408010695E-9	0.429999858140945	-2.00409511208477E-9	0.429999858140945	0
0.439999848604202	-0.212296023964882	0.439999848604202	13.7226228713989	0.439999848604202	17.9392242431641	0.439999848604202	16.2558345794678	0.439999848604202	24.1559600830078	0.439999848604202	17.4812278747559	0.439999848604202	31.6701602935791	0.439999848604202	15.3107643127441	0.439999848604202	27.0891952514648	0.439999848604202	-7.95103597640991	0.439999848604202	2.50000786781311	0.439999848604202	5.21640634536743	0.439999848604202	6.5	0.439999848604202	6.32000589370728	0.439999848604202	5.07999801635742	0.439999848604202	6.5000147819519	0.439999848604202	7.61974906921387	0.439999848604202	5.40000057220459	0.439999848604202	8.29999351501465	0.439999848604202	10.0000162124634	0.439999848604202	1.57511520385742	0.439999848604202	2.07543039321899	0.439999848604202	2.17586040496826	0.439999848604202	1.34684705734253	0.439999848604202	1.77237010002136	0.439999848604202	3.34161376953125	0.439999848604202	0.0103112459182739	0.439999848604202	0.0841572433710098	0.439999848604202	0.313920080661774	0.439999848604202	0.955466866493225	0.439999848604202	2.8383219385919E-11	0.439999848604202	-7.08173353292096E-10	0.439999848604202	2.26431118299786E-9	0.439999848604202	-7.08586689324164E-10	0.439999848604202	0	0.439999848604202	-1.47298839792143E-9	0.439999848604202	4.19941637019861E-9	0.439999848604202	-2.40380870764056E-9	0.439999848604202	-1.86588167139234E-9	0.439999848604202	0
0.449999839067459	-0.212296023964882	0.449999839067459	13.7226228713989	0.449999839067459	17.9392242431641	0.449999839067459	16.2558345794678	0.449999839067459	24.1559600830078	0.449999839067459	17.4812278747559	0.449999839067459	31.6701602935791	0.449999839067459	15.3107643127441	0.449999839067459	27.0891952514648	0.449999839067459	-7.95103597640991	0.449999839067459	2.50000786781311	0.449999839067459	5.21640634536743	0.449999839067459	6.5	0.449999839067459	6.32000589370728	0.449999839067459	5.07999801635742	0.449999839067459	6.5000147819519	0.449999839067459	7.61974906921387	0.449999839067459	5.40000057220459	0.449999839067459	8.29999351501465	0.449999839067459	10.0000162124634	0.449999839067459	1.57511520385742	0.449999839067459	2.07543039321899	0.449999839067459	2.17586040496826	0.449999839067459	1.34684705734253	0.449999839067459	1.77237010002136	0.449999839067459	3.34161376953125	0.449999839067459	0.0103112459182739	0.449999839067459	0.0841572433710098	0.449999839067459	0.313920080661774	0.449999839067459	0.955466866493225	0.449999839067459	8.51495471354546E-11	0.449999839067459	-5.50801348975227E-10	0.449999839067459	2.26431118299786E-9	0.449999839067459	-7.9194983904074E-10	0.449999839067459	0	0.449999839067459	-1.54149937259263E-9	0.449999839067459	4.28972635191371E-9	0.449999839067459	-2.50192333517418E-9	0.449999839067459	-1.72766789763301E-9	0.449999839067459	0
0.459999829530716	-0.21229599416256	0.459999829530716	13.7226228713989	0.459999829530716	17.9392242431641	0.459999829530716	16.2558345794678	0.459999829530716	24.1559600830078	0.459999829530716	17.4812278747559	0.459999829530716	31.6701602935791	0.459999829530716	15.3107643127441	0.459999829530716	27.0891952514648	0.459999829530716	-7.95103597640991	0.459999829530716	2.50000786781311	0.459999829530716	5.21640634536743	0.459999829530716	6.5	0.459999829530716	6.32000589370728	0.459999829530716	5.07999801635742	0.459999829530716	6.5000147819519	0.459999829530716	7.61974906921387	0.459999829530716	5.40000057220459	0.459999829530716	8.29999351501465	0.459999829530716	10.0000162124634	0.459999829530716	1.57511520385742	0.459999829530716	2.07543039321899	0.459999829530716	2.17586040496826	0.459999829530716	1.34684705734253	0.459999829530716	1.77237010002136	0.459999829530716	3.34161376953125	0.459999829530716	0.0103112459182739	0.459999829530716	0.0841572433710098	0.459999829530716	0.313920080661774	0.459999829530716	0.955466866493225	0.459999829530716	1.41915867946096E-10	0.459999829530716	-3.93429344658358E-10	0.459999829530716	2.26431118299786E-9	0.459999829530716	-8.75312988757315E-10	0.459999829530716	0	0.459999829530716	-1.61001056930843E-9	0.459999829530716	4.38003633362882E-9	0.459999829530716	-2.6000379627078E-9	0.459999829530716	-1.58945423489598E-9	0.459999829530716	0
0.469999819993973	-0.212295979261398	0.469999819993973	13.7226228713989	0.469999819993973	17.9392242431641	0.469999819993973	16.2558345794678	0.469999819993973	24.1559600830078	0.469999819993973	17.4812278747559	0.469999819993973	31.6701602935791	0.469999819993973	15.3107643127441	0.469999819993973	27.0891952514648	0.469999819993973	-7.95103597640991	0.469999819993973	2.50000762939453	0.469999819993973	5.21640634536743	0.469999819993973	6.5	0.469999819993973	6.32000589370728	0.469999819993973	5.07999801635742	0.469999819993973	6.5000147819519	0.469999819993973	7.61974906921387	0.469999819993973	5.40000057220459	0.469999819993973	8.29999351501465	0.469999819993973	10.0000162124634	0.469999819993973	1.57511520385742	0.469999819993973	2.07543039321899	0.469999819993973	2.17586040496826	0.469999819993973	1.34684705734253	0.469999819993973	1.77237010002136	0.469999819993973	3.34161376953125	0.469999819993973	0.0103112459182739	0.469999819993973	0.0841572433710098	0.469999819993973	0.313920080661774	0.469999819993973	0.955466866493225	0.469999819993973	1.9868220957342E-10	0.469999819993973	-2.36057340341489E-10	0.469999819993973	2.26431118299786E-9	0.469999819993973	-9.58676138473891E-10	0.469999819993973	0	0.469999819993973	-1.67852154397963E-9	0.469999819993973	4.47034631534393E-9	0.469999819993973	-2.69815259024142E-9	0.469999819993973	-1.45124057215895E-9	0.469999819993973	0
0.47999981045723	-0.212295934557915	0.47999981045723	13.7226228713989	0.47999981045723	17.9392242431641	0.47999981045723	16.2558345794678	0.47999981045723	24.1559600830078	0.47999981045723	17.4812278747559	0.47999981045723	31.6701602935791	0.47999981045723	15.3107643127441	0.47999981045723	27.0891952514648	0.47999981045723	-7.95103597640991	0.47999981045723	2.50000762939453	0.47999981045723	5.21640634536743	0.47999981045723	6.5	0.47999981045723	6.32000589370728	0.47999981045723	5.07999801635742	0.47999981045723	6.5000147819519	0.47999981045723	7.61974906921387	0.47999981045723	5.40000057220459	0.47999981045723	8.29999351501465	0.47999981045723	10.0000162124634	0.47999981045723	1.57511520385742	0.47999981045723	2.07543039321899	0.47999981045723	2.17586040496826	0.47999981045723	1.34684705734253	0.47999981045723	1.77237010002136	0.47999981045723	3.34161376953125	0.47999981045723	0.0103112459182739	0.47999981045723	0.0841572433710098	0.47999981045723	0.313920080661774	0.47999981045723	0.955466866493225	0.47999981045723	2.98023272726766E-10	0.47999981045723	-7.86853568413015E-11	0.47999981045723	2.26431118299786E-9	0.47999981045723	-1.04203923267931E-9	0.47999981045723	0	0.47999981045723	-1.74703274069543E-9	0.47999981045723	4.56065629705904E-9	0.47999981045723	-2.79626721777504E-9	0.47999981045723	-1.31302690942192E-9	0.47999981045723	0
0.489999800920486	-0.212295860052109	0.489999800920486	13.7226228713989	0.489999800920486	17.9392242431641	0.489999800920486	16.2558345794678	0.489999800920486	24.1559600830078	0.489999800920486	17.4812278747559	0.489999800920486	31.6701602935791	0.489999800920486	15.3107643127441	0.489999800920486	27.0891952514648	0.489999800920486	-7.95103597640991	0.489999800920486	2.50000786781311	0.489999800920486	5.21640634536743	0.489999800920486	6.5	0.489999800920486	6.32000589370728	0.489999800920486	5.07999801635742	0.489999800920486	6.5000147819519	0.489999800920486	7.61974906921387	0.489999800920486	5.40000057220459	0.489999800920486	8.29999351501465	0.489999800920486	10.0000162124634	0.489999800920486	1.57511520385742	0.489999800920486	2.07543039321899	0.489999800920486	2.17586040496826	0.489999800920486	1.34684705734253	0.489999800920486	1.77237010002136	0.489999800920486	3.34161376953125	0.489999800920486	0.0103112459182739	0.489999800920486	0.0841572433710098	0.489999800920486	0.313920080661774	0.489999800920486	0.955466866493225	0.489999800920486	3.83172771289964E-10	0.489999800920486	7.86866335977798E-11	0.489999800920486	2.26431118299786E-9	0.489999800920486	-1.12540232688474E-9	0.489999800920486	0	0.489999800920486	-1.81554371536663E-9	0.489999800920486	4.65096627877415E-9	0.489999800920486	-2.89438184530866E-9	0.489999800920486	-1.17481324668489E-9	0.489999800920486	0
0.499999791383743	-0.212295785546303	0.499999791383743	13.7226228713989	0.499999791383743	17.9392242431641	0.499999791383743	16.2558345794678	0.499999791383743	24.1559600830078	0.499999791383743	17.4812278747559	0.499999791383743	31.6701602935791	0.499999791383743	15.3107643127441	0.499999791383743	27.0891952514648	0.499999791383743	-7.95103597640991	0.499999791383743	2.50000786781311	0.499999791383743	5.21640634536743	0.499999791383743	6.5	0.499999791383743	6.32000589370728	0.499999791383743	5.07999801635742	0.499999791383743	6.5000147819519	0.499999791383743	7.61974906921387	0.499999791383743	5.40000057220459	0.499999791383743	8.29999351501465	0.499999791383743	10.0000162124634	0.499999791383743	1.57511520385742	0.499999791383743	2.07543039321899	0.499999791383743	2.17586040496826	0.499999791383743	1.34684705734253	0.499999791383743	1.77237010002136	0.499999791383743	3.34161376953125	0.499999791383743	0.0103112459182739	0.499999791383743	0.0841572433710098	0.499999791383743	0.313920080661774	0.499999791383743	0.955466866493225	0.499999791383743	4.25747520571562E-10	0.499999791383743	2.36058617097967E-10	0.499999791383743	2.26431118299786E-9	0.499999791383743	-1.20876542109016E-9	0.499999791383743	0	0.499999791383743	-1.88405491208243E-9	0.499999791383743	4.74127626048926E-9	0.499999791383743	-2.99249647284228E-9	0.499999791383743	-1.03659958394786E-9	0.499999791383743	0
0.509999811649322	-0.212295711040497	0.509999811649322	13.7226228713989	0.509999811649322	17.9392242431641	0.509999811649322	16.2558345794678	0.509999811649322	24.1559600830078	0.509999811649322	17.4812278747559	0.509999811649322	31.6701602935791	0.509999811649322	15.3107643127441	0.509999811649322	27.0891952514648	0.509999811649322	-7.95103597640991	0.509999811649322	2.50000786781311	0.509999811649322	5.21640634536743	0.509999811649322	6.5	0.509999811649322	6.32000589370728	0.509999811649322	5.07999801635742	0.509999811649322	6.5000147819519	0.509999811649322	7.61974906921387	0.509999811649322	5.40000057220459	0.509999811649322	8.29999351501465	0.509999811649322	10.0000162124634	0.509999811649322	1.57511520385742	0.509999811649322	2.07543039321899	0.509999811649322	2.17586040496826	0.509999811649322	1.34684705734253	0.509999811649322	1.77237010002136	0.509999811649322	3.34161376953125	0.509999811649322	0.0103112459182739	0.509999811649322	0.0841572433710098	0.509999811649322	0.313920080661774	0.509999811649322	0.955466866493225	0.509999811649322	4.82513862198886E-10	0.509999811649322	3.93430621414836E-10	0.509999811649322	2.26431118299786E-9	0.509999811649322	-1.29212851529559E-9	0.509999811649322	0	0.509999811649322	-1.95256588675363E-9	0.509999811649322	4.83158624220437E-9	0.509999811649322	-3.0906111003759E-9	0.509999811649322	-8.98385921210831E-10	0.509999811649322	0
0.519999802112579	-0.212295606732368	0.519999802112579	13.7226228713989	0.519999802112579	17.9392242431641	0.519999802112579	16.2558345794678	0.519999802112579	24.1559600830078	0.519999802112579	17.4812278747559	0.519999802112579	31.6701602935791	0.519999802112579	15.3107643127441	0.519999802112579	27.0891952514648	0.519999802112579	-7.95103597640991	0.519999802112579	2.50000786781311	0.519999802112579	5.21640634536743	0.519999802112579	6.5	0.519999802112579	6.32000541687012	0.519999802112579	5.07999801635742	0.519999802112579	6.5000147819519	0.519999802112579	7.61974906921387	0.519999802112579	5.40000057220459	0.519999802112579	8.29999351501465	0.519999802112579	10.0000162124634	0.519999802112579	1.57511520385742	0.519999802112579	2.07543039321899	0.519999802112579	2.17586040496826	0.519999802112579	1.34684705734253	0.519999802112579	1.77237010002136	0.519999802112579	3.34161376953125	0.519999802112579	0.0103112459182739	0.519999802112579	0.0841572433710098	0.519999802112579	0.313920080661774	0.519999802112579	0.955466866493225	0.519999802112579	5.39280176070633E-10	0.519999802112579	5.50802625731706E-10	0.519999802112579	2.26431118299786E-9	0.519999802112579	-1.37549160950101E-9	0.519999802112579	0	0.519999802112579	-2.02107686142483E-9	0.519999802112579	4.92189622391948E-9	0.519999802112579	-3.18872572790951E-9	0.519999802112579	-7.60172258473801E-10	0.519999802112579	0
0.529999792575836	-0.21229550242424	0.529999792575836	13.7226228713989	0.529999792575836	17.9392242431641	0.529999792575836	16.2558345794678	0.529999792575836	24.1559600830078	0.529999792575836	17.4812278747559	0.529999792575836	31.6701602935791	0.529999792575836	15.3107643127441	0.529999792575836	27.0891952514648	0.529999792575836	-7.95103597640991	0.529999792575836	2.50000810623169	0.529999792575836	5.21640634536743	0.529999792575836	6.5	0.529999792575836	6.32000541687012	0.529999792575836	5.07999801635742	0.529999792575836	6.5000147819519	0.529999792575836	7.61974906921387	0.529999792575836	5.40000057220459	0.529999792575836	8.29999351501465	0.529999792575836	10.0000162124634	0.529999792575836	1.57511520385742	0.529999792575836	2.07543039321899	0.529999792575836	2.17586040496826	0.529999792575836	1.34684705734253	0.529999792575836	1.77237010002136	0.529999792575836	3.34161376953125	0.529999792575836	0.0103112459182739	0.529999792575836	0.0841572433710098	0.529999792575836	0.313920080661774	0.529999792575836	0.955466866493225	0.529999792575836	5.96046489942381E-10	0.529999792575836	7.08174630048575E-10	0.529999792575836	2.26431118299786E-9	0.529999792575836	-1.3338100623983E-9	0.529999792575836	0	0.529999792575836	-2.08958783609603E-9	0.529999792575836	5.01220620563458E-9	0.529999792575836	-3.28684035544313E-9	0.529999792575836	-6.21958595736771E-10	0.529999792575836	0
0.539999783039093	-0.212295398116112	0.539999783039093	13.7226228713989	0.539999783039093	17.9392242431641	0.539999783039093	16.2558345794678	0.539999783039093	24.1559600830078	0.539999783039093	17.4812278747559	0.539999783039093	31.6701602935791	0.539999783039093	15.3107643127441	0.539999783039093	27.0891952514648	0.539999783039093	-7.95103597640991	0.539999783039093	2.50000810623169	0.539999783039093	5.21640634536743	0.539999783039093	6.5	0.539999783039093	6.32000541687012	0.539999783039093	5.07999801635742	0.539999783039093	6.5000147819519	0.539999783039093	7.61974906921387	0.539999783039093	5.40000057220459	0.539999783039093	8.29999351501465	0.539999783039093	10.0000162124634	0.539999783039093	1.57511520385742	0.539999783039093	2.07543039321899	0.539999783039093	2.17586040496826	0.539999783039093	1.34684705734253	0.539999783039093	1.77237010002136	0.539999783039093	3.34161376953125	0.539999783039093	0.0103112459182739	0.539999783039093	0.0841572433710098	0.539999783039093	0.313920080661774	0.539999783039093	0.955466866493225	0.539999783039093	6.10238082288106E-10	0.539999783039093	8.65546634365444E-10	0.539999783039093	2.26431118299786E-9	0.539999783039093	-1.3338100623983E-9	0.539999783039093	0	0.539999783039093	-2.15809881076723E-9	0.539999783039093	5.10251618734969E-9	0.539999783039093	-3.38495498297675E-9	0.539999783039093	-4.83744932999741E-10	0.539999783039093	0
0.54999977350235	-0.212295293807983	0.54999977350235	13.7226228713989	0.54999977350235	17.9392242431641	0.54999977350235	16.2558345794678	0.54999977350235	24.1559600830078	0.54999977350235	17.4812278747559	0.54999977350235	31.6701602935791	0.54999977350235	15.3107643127441	0.54999977350235	27.0891952514648	0.54999977350235	-7.95103597640991	0.54999977350235	2.50000786781311	0.54999977350235	5.21640634536743	0.54999977350235	6.5	0.54999977350235	6.32000541687012	0.54999977350235	5.07999801635742	0.54999977350235	6.5000147819519	0.54999977350235	7.61974906921387	0.54999977350235	5.40000057220459	0.54999977350235	8.29999351501465	0.54999977350235	10.0000162124634	0.54999977350235	1.57511520385742	0.54999977350235	2.07543039321899	0.54999977350235	2.17586040496826	0.54999977350235	1.34684705734253	0.54999977350235	1.77237010002136	0.54999977350235	3.34161376953125	0.54999977350235	0.0103112459182739	0.54999977350235	0.0841572433710098	0.54999977350235	0.313920080661774	0.54999977350235	0.955466866493225	0.54999977350235	6.38621266979555E-10	0.54999977350235	1.02291852766001E-9	0.54999977350235	2.26431118299786E-9	0.54999977350235	-1.3338100623983E-9	0.54999977350235	0	0.54999977350235	-2.22660978543843E-9	0.54999977350235	5.1928261690648E-9	0.54999977350235	-3.48306961051037E-9	0.54999977350235	-3.45531270262711E-10	0.54999977350235	0
0.559999763965607	-0.212295174598694	0.559999763965607	13.7226228713989	0.559999763965607	17.9392242431641	0.559999763965607	16.2558345794678	0.559999763965607	24.1559600830078	0.559999763965607	17.4812278747559	0.559999763965607	31.6701602935791	0.559999763965607	15.3107643127441	0.559999763965607	27.0891952514648	0.559999763965607	-7.95103597640991	0.559999763965607	2.50000810623169	0.559999763965607	5.21640634536743	0.559999763965607	6.5	0.559999763965607	6.32000541687012	0.559999763965607	5.07999801635742	0.559999763965607	6.5000147819519	0.559999763965607	7.61974906921387	0.559999763965607	5.40000057220459	0.559999763965607	8.29999351501465	0.559999763965607	10.0000162124634	0.559999763965607	1.57511520385742	0.559999763965607	2.07543039321899	0.559999763965607	2.17586040496826	0.559999763965607	1.34684705734253	0.559999763965607	1.77237010002136	0.559999763965607	3.34161376953125	0.559999763965607	0.0103112459182739	0.559999763965607	0.0841572433710098	0.559999763965607	0.313920080661774	0.559999763965607	0.955466866493225	0.559999763965607	7.09579173197028E-10	0.559999763965607	1.18029053197688E-9	0.559999763965607	2.26431118299786E-9	0.559999763965607	-1.3338100623983E-9	0.559999763965607	0	0.559999763965607	-2.29512076010963E-9	0.559999763965607	5.28313615077991E-9	0.559999763965607	-3.58118423804399E-9	0.559999763965607	-2.07317607525681E-10	0.559999763965607	0
0.569999754428864	-0.212295025587082	0.569999754428864	13.7226228713989	0.569999754428864	17.9392242431641	0.569999754428864	16.2558345794678	0.569999754428864	24.1559600830078	0.569999754428864	17.4812278747559	0.569999754428864	31.6701602935791	0.569999754428864	15.3107643127441	0.569999754428864	27.0891952514648	0.569999754428864	-7.95103597640991	0.569999754428864	2.50000810623169	0.569999754428864	5.21640634536743	0.569999754428864	6.5	0.569999754428864	6.32000541687012	0.569999754428864	5.07999801635742	0.569999754428864	6.5000147819519	0.569999754428864	7.61974906921387	0.569999754428864	5.40000057220459	0.569999754428864	8.29999351501465	0.569999754428864	10.0000162124634	0.569999754428864	1.57511520385742	0.569999754428864	2.07543039321899	0.569999754428864	2.17586040496826	0.569999754428864	1.34684705734253	0.569999754428864	1.77237010002136	0.569999754428864	3.34161376953125	0.569999754428864	0.0103112459182739	0.569999754428864	0.0841572433710098	0.569999754428864	0.313920080661774	0.569999754428864	0.955466866493225	0.569999754428864	7.23770765542753E-10	0.569999754428864	1.33766253629375E-9	0.569999754428864	2.26431118299786E-9	0.569999754428864	-1.3338100623983E-9	0.569999754428864	0	0.569999754428864	-2.36363173478082E-9	0.569999754428864	5.37344613249502E-9	0.569999754428864	-3.67929886557761E-9	0.569999754428864	-6.9103944788651E-11	0.569999754428864	0
0.57999974489212	-0.212294891476631	0.57999974489212	13.7226228713989	0.57999974489212	17.9392242431641	0.57999974489212	16.2558345794678	0.57999974489212	24.1559600830078	0.57999974489212	17.4812278747559	0.57999974489212	31.6701602935791	0.57999974489212	15.3107643127441	0.57999974489212	27.0891952514648	0.57999974489212	-7.95103597640991	0.57999974489212	2.50000834465027	0.57999974489212	5.21640634536743	0.57999974489212	6.5	0.57999974489212	6.32000541687012	0.57999974489212	5.07999801635742	0.57999974489212	6.5000147819519	0.57999974489212	7.61974906921387	0.57999974489212	5.40000057220459	0.57999974489212	8.29999351501465	0.57999974489212	10.0000162124634	0.57999974489212	1.57511520385742	0.57999974489212	2.07543039321899	0.57999974489212	2.17586040496826	0.57999974489212	1.34684705734253	0.57999974489212	1.77237010002136	0.57999974489212	3.34161376953125	0.57999974489212	0.0103112459182739	0.57999974489212	0.0841572731733322	0.57999974489212	0.313920080661774	0.57999974489212	0.955466866493225	0.57999974489212	7.52153950234202E-10	0.57999974489212	1.49503454061062E-9	0.57999974489212	2.26431118299786E-9	0.57999974489212	-1.3338100623983E-9	0.57999974489212	0	0.57999974489212	-2.43214270945202E-9	0.57999974489212	5.46375611421013E-9	0.57999974489212	-3.77741349311123E-9	0.57999974489212	6.91097179483791E-11	0.57999974489212	0
0.589999735355377	-0.21229475736618	0.589999735355377	13.7226228713989	0.589999735355377	17.9392242431641	0.589999735355377	16.2558345794678	0.589999735355377	24.1559600830078	0.589999735355377	17.4812278747559	0.589999735355377	31.6701602935791	0.589999735355377	15.3107643127441	0.589999735355377	27.0891952514648	0.589999735355377	-7.95103597640991	0.589999735355377	2.50000834465027	0.589999735355377	5.21640634536743	0.589999735355377	6.5	0.589999735355377	6.32000541687012	0.589999735355377	5.07999801635742	0.589999735355377	6.5000147819519	0.589999735355377	7.61974906921387	0.589999735355377	5.40000057220459	0.589999735355377	8.29999351501465	0.589999735355377	10.0000162124634	0.589999735355377	1.57511520385742	0.589999735355377	2.07543039321899	0.589999735355377	2.17586040496826	0.589999735355377	1.34684705734253	0.589999735355377	1.77237010002136	0.589999735355377	3.34161376953125	0.589999735355377	0.0103112459182739	0.589999735355377	0.0841572731733322	0.589999735355377	0.313920080661774	0.589999735355377	0.955466866493225	0.589999735355377	7.37962357888478E-10	0.589999735355377	1.65240654492749E-9	0.589999735355377	2.26431118299786E-9	0.589999735355377	-1.3338100623983E-9	0.589999735355377	0	0.589999735355377	-2.50065368412322E-9	0.589999735355377	5.55406609592524E-9	0.589999735355377	-3.87552834268945E-9	0.589999735355377	2.07323380685409E-10	0.589999735355377	0
0.599999725818634	-0.21229462325573	0.599999725818634	13.7226228713989	0.599999725818634	17.9392242431641	0.599999725818634	16.2558345794678	0.599999725818634	24.1559600830078	0.599999725818634	17.4812278747559	0.599999725818634	31.6701602935791	0.599999725818634	15.3107643127441	0.599999725818634	27.0891952514648	0.599999725818634	-7.95103597640991	0.599999725818634	2.50000858306885	0.599999725818634	5.21640634536743	0.599999725818634	6.5	0.599999725818634	6.32000541687012	0.599999725818634	5.07999801635742	0.599999725818634	6.5000147819519	0.599999725818634	7.61974906921387	0.599999725818634	5.40000057220459	0.599999725818634	8.29999351501465	0.599999725818634	10.0000162124634	0.599999725818634	1.57511520385742	0.599999725818634	2.07543039321899	0.599999725818634	2.17586040496826	0.599999725818634	1.34684705734253	0.599999725818634	1.77237010002136	0.599999725818634	3.34161376953125	0.599999725818634	0.0103112459182739	0.599999725818634	0.0841572731733322	0.599999725818634	0.313920080661774	0.599999725818634	0.955466866493225	0.599999725818634	7.37962357888478E-10	0.599999725818634	1.80977854924436E-9	0.599999725818634	2.26431118299786E-9	0.599999725818634	-1.3338100623983E-9	0.599999725818634	0	0.599999725818634	-2.56916465879442E-9	0.599999725818634	5.64437607764034E-9	0.599999725818634	-3.97364319226767E-9	0.599999725818634	3.45537043422439E-10	0.599999725818634	0
0.609999716281891	-0.212294489145279	0.609999716281891	13.7226228713989	0.609999716281891	17.9392242431641	0.609999716281891	16.2558345794678	0.609999716281891	24.1559600830078	0.609999716281891	17.4812278747559	0.609999716281891	31.6701602935791	0.609999716281891	15.3107643127441	0.609999716281891	27.0891952514648	0.609999716281891	-7.95103597640991	0.609999716281891	2.50000834465027	0.609999716281891	5.21640634536743	0.609999716281891	6.5	0.609999716281891	6.32000541687012	0.609999716281891	5.07999801635742	0.609999716281891	6.5000147819519	0.609999716281891	7.61974906921387	0.609999716281891	5.40000057220459	0.609999716281891	8.29999351501465	0.609999716281891	10.0000162124634	0.609999716281891	1.57511520385742	0.609999716281891	2.07543039321899	0.609999716281891	2.17586040496826	0.609999716281891	1.34684705734253	0.609999716281891	1.77237010002136	0.609999716281891	3.34161376953125	0.609999716281891	0.0103112459182739	0.609999716281891	0.0841572731733322	0.609999716281891	0.313920080661774	0.609999716281891	0.955466866493225	0.609999716281891	6.95387580851303E-10	0.609999716281891	1.96715044253892E-9	0.609999716281891	2.26431118299786E-9	0.609999716281891	-1.3338100623983E-9	0.609999716281891	0	0.609999716281891	-2.63767563346562E-9	0.609999716281891	5.73468605935545E-9	0.609999716281891	-4.0717580418459E-9	0.609999716281891	4.83750706159469E-10	0.609999716281891	0
0.619999706745148	-0.212294369935989	0.619999706745148	13.7226228713989	0.619999706745148	17.9392242431641	0.619999706745148	16.2558345794678	0.619999706745148	24.1559600830078	0.619999706745148	17.4812278747559	0.619999706745148	31.6701602935791	0.619999706745148	15.3107643127441	0.619999706745148	27.0891952514648	0.619999706745148	-7.95103597640991	0.619999706745148	2.50000834465027	0.619999706745148	5.21640634536743	0.619999706745148	6.5	0.619999706745148	6.32000541687012	0.619999706745148	5.07999801635742	0.619999706745148	6.5000147819519	0.619999706745148	7.61974906921387	0.619999706745148	5.40000057220459	0.619999706745148	8.29999351501465	0.619999706745148	10.0000162124634	0.619999706745148	1.57511520385742	0.619999706745148	2.07543039321899	0.619999706745148	2.17586040496826	0.619999706745148	1.34684705734253	0.619999706745148	1.77237010002136	0.619999706745148	3.34161376953125	0.619999706745148	0.0103112459182739	0.619999706745148	0.0841572731733322	0.619999706745148	0.313920080661774	0.619999706745148	0.955466866493225	0.619999706745148	7.09579173197028E-10	0.619999706745148	2.12452233583349E-9	0.619999706745148	2.26431118299786E-9	0.619999706745148	-1.3338100623983E-9	0.619999706745148	0	0.619999706745148	-2.70618660813682E-9	0.619999706745148	5.82499604107056E-9	0.619999706745148	-4.16987289142412E-9	0.619999706745148	6.21964368896499E-10	0.619999706745148	0
0.629999697208404	-0.212294235825539	0.629999697208404	13.7226228713989	0.629999697208404	17.9392242431641	0.629999697208404	16.2558345794678	0.629999697208404	24.1559600830078	0.629999697208404	17.4812278747559	0.629999697208404	31.6701602935791	0.629999697208404	15.3107643127441	0.629999697208404	27.0891952514648	0.629999697208404	-7.95103597640991	0.629999697208404	2.50000834465027	0.629999697208404	5.21640634536743	0.629999697208404	6.5	0.629999697208404	6.32000541687012	0.629999697208404	5.07999801635742	0.629999697208404	6.5000147819519	0.629999697208404	7.61974906921387	0.629999697208404	5.40000057220459	0.629999697208404	8.29999351501465	0.629999697208404	10.0000162124634	0.629999697208404	1.57511520385742	0.629999697208404	2.07543039321899	0.629999697208404	2.17586040496826	0.629999697208404	1.34684705734253	0.629999697208404	1.77237010002136	0.629999697208404	3.34161376953125	0.629999697208404	0.0103112459182739	0.629999697208404	0.0841572731733322	0.629999697208404	0.313920080661774	0.629999697208404	0.955466866493225	0.629999697208404	7.09579173197028E-10	0.629999697208404	2.28189422912806E-9	0.629999697208404	2.26431118299786E-9	0.629999697208404	-1.3338100623983E-9	0.629999697208404	0	0.629999697208404	-2.77469758280802E-9	0.629999697208404	5.91530602278567E-9	0.629999697208404	-4.26798774100234E-9	0.629999697208404	7.60178031633529E-10	0.629999697208404	0
0.639999687671661	-0.212294101715088	0.639999687671661	13.7226228713989	0.639999687671661	17.9392242431641	0.639999687671661	16.2558345794678	0.639999687671661	24.1559600830078	0.639999687671661	17.4812278747559	0.639999687671661	31.6701602935791	0.639999687671661	15.3107643127441	0.639999687671661	27.0891952514648	0.639999687671661	-7.95103597640991	0.639999687671661	2.50000834465027	0.639999687671661	5.21640634536743	0.639999687671661	6.5	0.639999687671661	6.32000541687012	0.639999687671661	5.07999801635742	0.639999687671661	6.5000147819519	0.639999687671661	7.61974906921387	0.639999687671661	5.40000057220459	0.639999687671661	8.29999351501465	0.639999687671661	10.0000162124634	0.639999687671661	1.57511520385742	0.639999687671661	2.07543039321899	0.639999687671661	2.17586040496826	0.639999687671661	1.34684705734253	0.639999687671661	1.77237010002136	0.639999687671661	3.34161376953125	0.639999687671661	0.0103112459182739	0.639999687671661	0.0841572731733322	0.639999687671661	0.313920080661774	0.639999687671661	0.955466866493225	0.639999687671661	7.09579173197028E-10	0.639999687671661	2.43926612242262E-9	0.639999687671661	2.26431118299786E-9	0.639999687671661	-1.3338100623983E-9	0.639999687671661	0	0.639999687671661	-2.84320855747922E-9	0.639999687671661	6.00561600450078E-9	0.639999687671661	-4.36610259058057E-9	0.639999687671661	8.98391694370559E-10	0.639999687671661	0
0.649999678134918	-0.212293967604637	0.649999678134918	13.7226238250732	0.649999678134918	17.9392242431641	0.649999678134918	16.2558345794678	0.649999678134918	24.1559600830078	0.649999678134918	17.4812278747559	0.649999678134918	31.6701602935791	0.649999678134918	15.3107643127441	0.649999678134918	27.0891952514648	0.649999678134918	-7.95103597640991	0.649999678134918	2.50000858306885	0.649999678134918	5.21640682220459	0.649999678134918	6.49999952316284	0.649999678134918	6.32000541687012	0.649999678134918	5.07999801635742	0.649999678134918	6.5000147819519	0.649999678134918	7.61974906921387	0.649999678134918	5.40000057220459	0.649999678134918	8.29999351501465	0.649999678134918	10.0000162124634	0.649999678134918	1.57511520385742	0.649999678134918	2.07543039321899	0.649999678134918	2.17586040496826	0.649999678134918	1.34684705734253	0.649999678134918	1.77237010002136	0.649999678134918	3.34161376953125	0.649999678134918	0.0103112459182739	0.649999678134918	0.0841572731733322	0.649999678134918	0.313920080661774	0.649999678134918	0.955466866493225	0.649999678134918	7.09579173197028E-10	0.649999678134918	2.59663801571719E-9	0.649999678134918	2.26431118299786E-9	0.649999678134918	-1.3338100623983E-9	0.649999678134918	0	0.649999678134918	-2.91171953215041E-9	0.649999678134918	6.09592598621589E-9	0.649999678134918	-4.46421744015879E-9	0.649999678134918	1.03660535710759E-9	0.649999678134918	0
0.659999668598175	-0.212293833494186	0.659999668598175	13.7226247787476	0.659999668598175	17.9392242431641	0.659999668598175	16.2558345794678	0.659999668598175	24.1559600830078	0.659999668598175	17.4812278747559	0.659999668598175	31.6701602935791	0.659999668598175	15.3107643127441	0.659999668598175	27.0891952514648	0.659999668598175	-7.95103597640991	0.659999668598175	2.50000858306885	0.659999668598175	5.21640682220459	0.659999668598175	6.49999952316284	0.659999668598175	6.32000541687012	0.659999668598175	5.07999801635742	0.659999668598175	6.5000147819519	0.659999668598175	7.61974906921387	0.659999668598175	5.40000057220459	0.659999668598175	8.29999351501465	0.659999668598175	10.0000162124634	0.659999668598175	1.57511520385742	0.659999668598175	2.07543039321899	0.659999668598175	2.17586040496826	0.659999668598175	1.34684705734253	0.659999668598175	1.77237010002136	0.659999668598175	3.34161376953125	0.659999668598175	0.0103112459182739	0.659999668598175	0.0841572880744934	0.659999668598175	0.313920080661774	0.659999668598175	0.955466866493225	0.659999668598175	6.67004396159854E-10	0.659999668598175	2.63598098904083E-9	0.659999668598175	2.36420727439679E-9	0.659999668598175	-1.3338100623983E-9	0.659999668598175	0	0.659999668598175	-2.98023050682161E-9	0.659999668598175	6.186235967931E-9	0.659999668598175	-4.56233228973701E-9	0.659999668598175	1.17481901984462E-9	0.659999668598175	0
0.669999659061432	-0.212293729186058	0.669999659061432	13.7226257324219	0.669999659061432	17.9392242431641	0.669999659061432	16.2558345794678	0.669999659061432	24.1559600830078	0.669999659061432	17.4812278747559	0.669999659061432	31.6701602935791	0.669999659061432	15.3107643127441	0.669999659061432	27.0891952514648	0.669999659061432	-7.95103597640991	0.669999659061432	2.50000858306885	0.669999659061432	5.21640682220459	0.669999659061432	6.49999952316284	0.669999659061432	6.32000541687012	0.669999659061432	5.07999801635742	0.669999659061432	6.5000147819519	0.669999659061432	7.61974906921387	0.669999659061432	5.40000057220459	0.669999659061432	8.29999351501465	0.669999659061432	10.0000162124634	0.669999659061432	1.57511520385742	0.669999659061432	2.07543039321899	0.669999659061432	2.17586040496826	0.669999659061432	1.34684705734253	0.669999659061432	1.77237010002136	0.669999659061432	3.34161376953125	0.669999659061432	0.0103112459182739	0.669999659061432	0.0841572880744934	0.669999659061432	0.313920080661774	0.669999659061432	0.955466866493225	0.669999659061432	6.38621211468404E-10	0.669999659061432	2.71466693568811E-9	0.669999659061432	2.43080466866274E-9	0.669999659061432	-1.3338100623983E-9	0.669999659061432	0	0.669999659061432	-3.04874148149281E-9	0.669999659061432	6.27654594964611E-9	0.669999659061432	-4.66044713931524E-9	0.669999659061432	1.31303268258165E-9	0.669999659061432	0
0.679999649524689	-0.212293609976768	0.679999649524689	13.7226266860962	0.679999649524689	17.9392242431641	0.679999649524689	16.2558345794678	0.679999649524689	24.1559600830078	0.679999649524689	17.4812278747559	0.679999649524689	31.6701602935791	0.679999649524689	15.3107643127441	0.679999649524689	27.0891952514648	0.679999649524689	-7.95103597640991	0.679999649524689	2.50000858306885	0.679999649524689	5.21640682220459	0.679999649524689	6.49999952316284	0.679999649524689	6.32000541687012	0.679999649524689	5.07999801635742	0.679999649524689	6.5000147819519	0.679999649524689	7.61974906921387	0.679999649524689	5.40000057220459	0.679999649524689	8.29999351501465	0.679999649524689	10.0000162124634	0.679999649524689	1.57511520385742	0.679999649524689	2.07543039321899	0.679999649524689	2.17586040496826	0.679999649524689	1.34684705734253	0.679999649524689	1.77237010002136	0.679999649524689	3.34161376953125	0.679999649524689	0.0103112459182739	0.679999649524689	0.0841572880744934	0.679999649524689	0.313920080661774	0.679999649524689	0.955466866493225	0.679999649524689	6.10238026776955E-10	0.679999649524689	2.7933528823354E-9	0.679999649524689	2.4974020629287E-9	0.679999649524689	-1.3338100623983E-9	0.679999649524689	0	0.679999649524689	-3.11725245616401E-9	0.679999649524689	6.36685593136121E-9	0.679999649524689	-4.75856198889346E-9	0.679999649524689	1.45124634531868E-9	0.679999649524689	0
0.689999639987946	-0.21229350566864	0.689999639987946	13.7226276397705	0.689999639987946	17.9392242431641	0.689999639987946	16.2558345794678	0.689999639987946	24.1559600830078	0.689999639987946	17.4812278747559	0.689999639987946	31.6701602935791	0.689999639987946	15.3107624053955	0.689999639987946	27.0891952514648	0.689999639987946	-7.95103597640991	0.689999639987946	2.50000858306885	0.689999639987946	5.21640777587891	0.689999639987946	6.49999952316284	0.689999639987946	6.32000541687012	0.689999639987946	5.07999801635742	0.689999639987946	6.5000147819519	0.689999639987946	7.61974906921387	0.689999639987946	5.40000057220459	0.689999639987946	8.29999351501465	0.689999639987946	10.0000162124634	0.689999639987946	1.57511520385742	0.689999639987946	2.07543063163757	0.689999639987946	2.17586040496826	0.689999639987946	1.34684705734253	0.689999639987946	1.77237010002136	0.689999639987946	3.34161376953125	0.689999639987946	0.0103113651275635	0.689999639987946	0.0841572880744934	0.689999639987946	0.313920080661774	0.689999639987946	0.955466866493225	0.689999639987946	5.81854842085505E-10	0.689999639987946	2.87203882898268E-9	0.689999639987946	2.56399945719465E-9	0.689999639987946	-1.3338100623983E-9	0.689999639987946	0	0.689999639987946	-3.18576343083521E-9	0.689999639987946	6.45716591307632E-9	0.689999639987946	-4.85667683847169E-9	0.689999639987946	1.58946000805571E-9	0.689999639987946	0
0.699999630451202	-0.212293401360512	0.699999630451202	13.7226285934448	0.699999630451202	17.9392242431641	0.699999630451202	16.2558345794678	0.699999630451202	24.1559600830078	0.699999630451202	17.4812278747559	0.699999630451202	31.6701602935791	0.699999630451202	15.3107604980469	0.699999630451202	27.0891952514648	0.699999630451202	-7.95103597640991	0.699999630451202	2.50000858306885	0.699999630451202	5.21640777587891	0.699999630451202	6.49999952316284	0.699999630451202	6.32000541687012	0.699999630451202	5.07999801635742	0.699999630451202	6.5000147819519	0.699999630451202	7.61974906921387	0.699999630451202	5.40000009536743	0.699999630451202	8.29999351501465	0.699999630451202	10.0000162124634	0.699999630451202	1.57511520385742	0.699999630451202	2.07543063163757	0.699999630451202	2.17586064338684	0.699999630451202	1.34684705734253	0.699999630451202	1.77237010002136	0.699999630451202	3.34161376953125	0.699999630451202	0.0103113651275635	0.699999630451202	0.0841571688652039	0.699999630451202	0.313920080661774	0.699999630451202	0.955466866493225	0.699999630451202	5.53471657394056E-10	0.699999630451202	2.71466693568811E-9	0.699999630451202	2.63059685146061E-9	0.699999630451202	-1.3338100623983E-9	0.699999630451202	0	0.699999630451202	-3.25427440550641E-9	0.699999630451202	6.54747589479143E-9	0.699999630451202	-4.95479168804991E-9	0.699999630451202	1.72767367079274E-9	0.699999630451202	0
0.709999620914459	-0.212293311953545	0.709999620914459	13.7226295471191	0.709999620914459	17.9392242431641	0.709999620914459	16.2558345794678	0.709999620914459	24.1559600830078	0.709999620914459	17.4812278747559	0.709999620914459	31.6701602935791	0.709999620914459	15.3107585906982	0.709999620914459	27.0891952514648	0.709999620914459	-7.95103597640991	0.709999620914459	2.50000905990601	0.709999620914459	5.21640777587891	0.709999620914459	6.49999952316284	0.709999620914459	6.32000541687012	0.709999620914459	5.07999801635742	0.709999620914459	6.5000147819519	0.709999620914459	7.61974906921387	0.709999620914459	5.39999961853027	0.709999620914459	8.29999351501465	0.709999620914459	10.0000162124634	0.709999620914459	1.57511520385742	0.709999620914459	2.07543063163757	0.709999620914459	2.17586064338684	0.709999620914459	1.34684705734253	0.709999620914459	1.77237010002136	0.709999620914459	3.34161376953125	0.709999620914459	0.0103113651275635	0.709999620914459	0.0841570943593979	0.709999620914459	0.313920080661774	0.709999620914459	0.955466866493225	0.709999620914459	5.25088472702606E-10	0.709999620914459	2.63598098904083E-9	0.709999620914459	2.69719424572656E-9	0.709999620914459	-1.3338100623983E-9	0.709999620914459	0	0.709999620914459	-3.32278538017761E-9	0.709999620914459	6.63778587650654E-9	0.709999620914459	-4.9057344853054E-9	0.709999620914459	1.86588744455207E-9	0.709999620914459	0
0.719999611377716	-0.212293207645416	0.719999611377716	13.7226295471191	0.719999611377716	17.9392242431641	0.719999611377716	16.2558345794678	0.719999611377716	24.1559600830078	0.719999611377716	17.4812278747559	0.719999611377716	31.6701602935791	0.719999611377716	15.3107566833496	0.719999611377716	27.0891952514648	0.719999611377716	-7.95103597640991	0.719999611377716	2.50000929832458	0.719999611377716	5.21640825271606	0.719999611377716	6.49999952316284	0.719999611377716	6.32000541687012	0.719999611377716	5.07999801635742	0.719999611377716	6.5000147819519	0.719999611377716	7.61974906921387	0.719999611377716	5.39999914169312	0.719999611377716	8.29999351501465	0.719999611377716	10.0000162124634	0.719999611377716	1.57511520385742	0.719999611377716	2.07543063163757	0.719999611377716	2.17586064338684	0.719999611377716	1.34684705734253	0.719999611377716	1.77237010002136	0.719999611377716	3.34161376953125	0.719999611377716	0.0103112459182739	0.719999611377716	0.0841569751501083	0.719999611377716	0.313920080661774	0.719999611377716	0.955466866493225	0.719999611377716	4.11555817203535E-10	0.719999611377716	2.55729504239355E-9	0.719999611377716	2.76379163999252E-9	0.719999611377716	-1.3338100623983E-9	0.719999611377716	0	0.719999611377716	-3.39129635484881E-9	0.719999611377716	6.72809585822165E-9	0.719999611377716	-4.75856243298267E-9	0.719999611377716	2.0041008852445E-9	0.719999611377716	0
0.729999601840973	-0.212293148040771	0.729999601840973	13.7226305007935	0.729999601840973	17.9392242431641	0.729999601840973	16.2558345794678	0.729999601840973	24.1559600830078	0.729999601840973	17.4812278747559	0.729999601840973	31.6701602935791	0.729999601840973	15.3107557296753	0.729999601840973	27.0891952514648	0.729999601840973	-7.95103597640991	0.729999601840973	2.50000929832458	0.729999601840973	5.21640825271606	0.729999601840973	6.49999952316284	0.729999601840973	6.32000541687012	0.729999601840973	5.07999801635742	0.729999601840973	6.5000147819519	0.729999601840973	7.61974906921387	0.729999601840973	5.39999914169312	0.729999601840973	8.29999351501465	0.729999601840973	10.0000162124634	0.729999601840973	1.57511520385742	0.729999601840973	2.07543063163757	0.729999601840973	2.17586064338684	0.729999601840973	1.34684705734253	0.729999601840973	1.77237010002136	0.729999601840973	3.34161376953125	0.729999601840973	0.0103112459182739	0.729999601840973	0.0841569155454636	0.729999601840973	0.313920080661774	0.729999601840973	0.955466866493225	0.729999601840973	2.83831569358739E-10	0.729999601840973	2.36058017577534E-9	0.729999601840973	2.83038903425847E-9	0.729999601840973	-1.3338100623983E-9	0.729999601840973	0	0.729999601840973	-3.45980732952E-9	0.729999601840973	6.81840583993676E-9	0.729999601840973	-4.51327553108172E-9	0.729999601840973	2.14231477002613E-9	0.729999601840973	0
0.73999959230423	-0.212293103337288	0.73999959230423	13.7226305007935	0.73999959230423	17.9392242431641	0.73999959230423	16.2558345794678	0.73999959230423	24.1559600830078	0.73999959230423	17.4812278747559	0.73999959230423	31.6701602935791	0.73999959230423	15.3107557296753	0.73999959230423	27.0891952514648	0.73999959230423	-7.95103597640991	0.73999959230423	2.50000929832458	0.73999959230423	5.21640825271606	0.73999959230423	6.49999952316284	0.73999959230423	6.32000541687012	0.73999959230423	5.07999801635742	0.73999959230423	6.5000147819519	0.73999959230423	7.61974906921387	0.73999959230423	5.39999914169312	0.73999959230423	8.29999351501465	0.73999959230423	10.0000162124634	0.73999959230423	1.57511520385742	0.73999959230423	2.07543063163757	0.73999959230423	2.17586064338684	0.73999959230423	1.34684705734253	0.73999959230423	1.77237010002136	0.73999959230423	3.34161376953125	0.73999959230423	0.0103112459182739	0.73999959230423	0.0841569155454636	0.73999959230423	0.313920080661774	0.73999959230423	0.955466866493225	0.73999959230423	1.70298927737456E-10	0.73999959230423	2.20320828248077E-9	0.73999959230423	2.89698642852443E-9	0.73999959230423	-1.3338100623983E-9	0.73999959230423	0	0.73999959230423	-3.5283183041912E-9	0.73999959230423	6.90871582165187E-9	0.73999959230423	-4.31704627601448E-9	0.73999959230423	2.28052821071856E-9	0.73999959230423	0
0.749999582767487	-0.212293088436127	0.749999582767487	13.7226305007935	0.749999582767487	17.9392242431641	0.749999582767487	16.2558345794678	0.749999582767487	24.1559600830078	0.749999582767487	17.4812278747559	0.749999582767487	31.6701602935791	0.749999582767487	15.3107557296753	0.749999582767487	27.0891952514648	0.749999582767487	-7.95103597640991	0.749999582767487	2.50000929832458	0.749999582767487	5.21640825271606	0.749999582767487	6.49999952316284	0.749999582767487	6.32000541687012	0.749999582767487	5.07999801635742	0.749999582767487	6.5000147819519	0.749999582767487	7.61974906921387	0.749999582767487	5.39999914169312	0.749999582767487	8.29999351501465	0.749999582767487	10.0000162124634	0.749999582767487	1.57511520385742	0.749999582767487	2.07543063163757	0.749999582767487	2.17586064338684	0.749999582767487	1.34684705734253	0.749999582767487	1.77237010002136	0.749999582767487	3.34161376953125	0.749999582767487	0.0103112459182739	0.749999582767487	0.0841569155454636	0.749999582767487	0.313920080661774	0.749999582767487	0.955466866493225	0.749999582767487	5.67662722383844E-11	0.749999582767487	2.04583638918621E-9	0.749999582767487	2.96358382279038E-9	0.749999582767487	-1.3338100623983E-9	0.749999582767487	0	0.749999582767487	-3.5968292788624E-9	0.749999582767487	6.99902580336698E-9	0.749999582767487	-4.12081702094724E-9	0.749999582767487	2.41874209550019E-9	0.749999582767487	0
0.759999573230743	-0.212293088436127	0.759999573230743	13.7226305007935	0.759999573230743	17.9392242431641	0.759999573230743	16.2558345794678	0.759999573230743	24.1559600830078	0.759999573230743	17.4812278747559	0.759999573230743	31.6701602935791	0.759999573230743	15.3107557296753	0.759999573230743	27.0891952514648	0.759999573230743	-7.95103597640991	0.759999573230743	2.50000929832458	0.759999573230743	5.21640825271606	0.759999573230743	6.49999952316284	0.759999573230743	6.32000541687012	0.759999573230743	5.07999801635742	0.759999573230743	6.5000147819519	0.759999573230743	7.61974906921387	0.759999573230743	5.39999914169312	0.759999573230743	8.29999351501465	0.759999573230743	10.0000162124634	0.759999573230743	1.57511520385742	0.759999573230743	2.07543063163757	0.759999573230743	2.17586064338684	0.759999573230743	1.34684705734253	0.759999573230743	1.77237010002136	0.759999573230743	3.34161376953125	0.759999573230743	0.0103112459182739	0.759999573230743	0.0841569155454636	0.759999573230743	0.313920080661774	0.759999573230743	0.955466866493225	0.759999573230743	-5.67663832606868E-11	0.759999573230743	1.88846449589164E-9	0.759999573230743	3.03018121705634E-9	0.759999573230743	-1.3338100623983E-9	0.759999573230743	0	0.759999573230743	-3.6653402535336E-9	0.759999573230743	7.08933578508209E-9	0.759999573230743	-3.92458776588001E-9	0.759999573230743	2.55695553619262E-9	0.759999573230743	0
0.769999563694	-0.212293103337288	0.769999563694	13.7226305007935	0.769999563694	17.9392242431641	0.769999563694	16.2558345794678	0.769999563694	24.1559600830078	0.769999563694	17.4812278747559	0.769999563694	31.6701602935791	0.769999563694	15.3107557296753	0.769999563694	27.0891952514648	0.769999563694	-7.95103597640991	0.769999563694	2.50000929832458	0.769999563694	5.21640825271606	0.769999563694	6.49999952316284	0.769999563694	6.32000541687012	0.769999563694	5.07999801635742	0.769999563694	6.5000147819519	0.769999563694	7.61974906921387	0.769999563694	5.39999914169312	0.769999563694	8.29999351501465	0.769999563694	10.0000162124634	0.769999563694	1.57511520385742	0.769999563694	2.07543063163757	0.769999563694	2.17586064338684	0.769999563694	1.34684705734253	0.769999563694	1.77237010002136	0.769999563694	3.34161376953125	0.769999563694	0.0103112459182739	0.769999563694	0.0841569155454636	0.769999563694	0.313920080661774	0.769999563694	0.955466866493225	0.769999563694	-1.70299038759758E-10	0.769999563694	1.73109249157477E-9	0.769999563694	3.09677861132229E-9	0.769999563694	-1.3338100623983E-9	0.769999563694	0	0.769999563694	-3.7338514502494E-9	0.769999563694	7.17964576679719E-9	0.769999563694	-3.72835851081277E-9	0.769999563694	2.69516942097425E-9	0.769999563694	0
0.779999554157257	-0.212293148040771	0.779999554157257	13.7226305007935	0.779999554157257	17.9392242431641	0.779999554157257	16.2558345794678	0.779999554157257	24.1559600830078	0.779999554157257	17.4812278747559	0.779999554157257	31.6701602935791	0.779999554157257	15.3107557296753	0.779999554157257	27.0891952514648	0.779999554157257	-7.95103597640991	0.779999554157257	2.50000929832458	0.779999554157257	5.21640825271606	0.779999554157257	6.49999952316284	0.779999554157257	6.32000541687012	0.779999554157257	5.07999801635742	0.779999554157257	6.5000147819519	0.779999554157257	7.61974906921387	0.779999554157257	5.39999914169312	0.779999554157257	8.29999351501465	0.779999554157257	10.0000162124634	0.779999554157257	1.57511520385742	0.779999554157257	2.07543063163757	0.779999554157257	2.17586064338684	0.779999554157257	1.34684705734253	0.779999554157257	1.77237010002136	0.779999554157257	3.34161376953125	0.779999554157257	0.0103112459182739	0.779999554157257	0.0841569155454636	0.779999554157257	0.313920080661774	0.779999554157257	0.955466866493225	0.779999554157257	-2.83831680381041E-10	0.779999554157257	1.5737204872579E-9	0.779999554157257	3.16337600558825E-9	0.779999554157257	-1.3338100623983E-9	0.779999554157257	0	0.779999554157257	-3.8023624249206E-9	0.779999554157257	7.2699557485123E-9	0.779999554157257	-3.53212947779014E-9	0.779999554157257	2.83338286166668E-9	0.779999554157257	0
0.789999544620514	-0.212293207645416	0.789999544620514	13.7226305007935	0.789999544620514	17.9392242431641	0.789999544620514	16.2558345794678	0.789999544620514	24.1559600830078	0.789999544620514	17.4812278747559	0.789999544620514	31.6701602935791	0.789999544620514	15.3107557296753	0.789999544620514	27.0891952514648	0.789999544620514	-7.95103597640991	0.789999544620514	2.50000929832458	0.789999544620514	5.21640825271606	0.789999544620514	6.49999952316284	0.789999544620514	6.32000541687012	0.789999544620514	5.07999801635742	0.789999544620514	6.5000147819519	0.789999544620514	7.61974906921387	0.789999544620514	5.39999914169312	0.789999544620514	8.29999351501465	0.789999544620514	10.0000162124634	0.789999544620514	1.57511520385742	0.789999544620514	2.07543063163757	0.789999544620514	2.17586064338684	0.789999544620514	1.34684705734253	0.789999544620514	1.77237010002136	0.789999544620514	3.34161376953125	0.789999544620514	0.0103112459182739	0.789999544620514	0.0841569155454636	0.789999544620514	0.313920080661774	0.789999544620514	0.955466866493225	0.789999544620514	-3.97364363635688E-10	0.789999544620514	1.41634848294103E-9	0.789999544620514	3.2299733998542E-9	0.789999544620514	-1.3338100623983E-9	0.789999544620514	0	0.789999544620514	-3.8708733995918E-9	0.789999544620514	7.36026573022741E-9	0.789999544620514	-3.3359002227229E-9	0.789999544620514	2.97159674644831E-9	0.789999544620514	0
0.799999535083771	-0.212293297052383	0.799999535083771	13.7226305007935	0.799999535083771	17.9392242431641	0.799999535083771	16.2558345794678	0.799999535083771	24.1559600830078	0.799999535083771	17.4812278747559	0.799999535083771	31.6701602935791	0.799999535083771	15.3107557296753	0.799999535083771	27.0891952514648	0.799999535083771	-7.95103597640991	0.799999535083771	2.50000929832458	0.799999535083771	5.21640825271606	0.799999535083771	6.49999952316284	0.799999535083771	6.32000541687012	0.799999535083771	5.07999801635742	0.799999535083771	6.5000147819519	0.799999535083771	7.61974906921387	0.799999535083771	5.39999914169312	0.799999535083771	8.29999351501465	0.799999535083771	10.0000162124634	0.799999535083771	1.57511520385742	0.799999535083771	2.07543063163757	0.799999535083771	2.17586064338684	0.799999535083771	1.34684705734253	0.799999535083771	1.77237010002136	0.799999535083771	3.34161376953125	0.799999535083771	0.0103112459182739	0.799999535083771	0.0841569155454636	0.799999535083771	0.313920080661774	0.799999535083771	0.955466866493225	0.799999535083771	-5.10896991379184E-10	0.799999535083771	1.25897647862416E-9	0.799999535083771	3.29657079412016E-9	0.799999535083771	-1.3338100623983E-9	0.799999535083771	0	0.799999535083771	-3.939384374263E-9	0.799999535083771	7.45057571194252E-9	0.799999535083771	-3.13967096765566E-9	0.799999535083771	3.10981018714074E-9	0.799999535083771	0
0.809999525547028	-0.212293386459351	0.809999525547028	13.7226305007935	0.809999525547028	17.9392242431641	0.809999525547028	16.2558345794678	0.809999525547028	24.1559600830078	0.809999525547028	17.4812278747559	0.809999525547028	31.6701602935791	0.809999525547028	15.3107557296753	0.809999525547028	27.0891952514648	0.809999525547028	-7.95103597640991	0.809999525547028	2.50000929832458	0.809999525547028	5.21640825271606	0.809999525547028	6.49999952316284	0.809999525547028	6.32000541687012	0.809999525547028	5.07999801635742	0.809999525547028	6.5000147819519	0.809999525547028	7.61974906921387	0.809999525547028	5.39999914169312	0.809999525547028	8.29999351501465	0.809999525547028	10.0000162124634	0.809999525547028	1.57511520385742	0.809999525547028	2.07543063163757	0.809999525547028	2.17586064338684	0.809999525547028	1.34684705734253	0.809999525547028	1.77237010002136	0.809999525547028	3.34161376953125	0.809999525547028	0.0103112459182739	0.809999525547028	0.0841569155454636	0.809999525547028	0.313920080661774	0.809999525547028	0.955466866493225	0.809999525547028	-6.24429674633831E-10	0.809999525547028	1.10160447430729E-9	0.809999525547028	3.36316818838611E-9	0.809999525547028	-1.3338100623983E-9	0.809999525547028	0	0.809999525547028	-4.0078953489342E-9	0.809999525547028	7.54088613774684E-9	0.809999525547028	-2.94344171258842E-9	0.809999525547028	3.24802407192237E-9	0.809999525547028	0
0.819999516010284	-0.21229350566864	0.819999516010284	13.7226305007935	0.819999516010284	17.9392242431641	0.819999516010284	16.2558345794678	0.819999516010284	24.1559600830078	0.819999516010284	17.4812278747559	0.819999516010284	31.6701602935791	0.819999516010284	15.3107557296753	0.819999516010284	27.0891952514648	0.819999516010284	-7.95103597640991	0.819999516010284	2.50000905990601	0.819999516010284	5.21640825271606	0.819999516010284	6.49999952316284	0.819999516010284	6.32000541687012	0.819999516010284	5.07999801635742	0.819999516010284	6.5000147819519	0.819999516010284	7.61974906921387	0.819999516010284	5.39999914169312	0.819999516010284	8.29999351501465	0.819999516010284	10.0000162124634	0.819999516010284	1.57511520385742	0.819999516010284	2.07543063163757	0.819999516010284	2.17586064338684	0.819999516010284	1.34684705734253	0.819999516010284	1.77237010002136	0.819999516010284	3.34161376953125	0.819999516010284	0.0103112459182739	0.819999516010284	0.0841569155454636	0.819999516010284	0.313920080661774	0.819999516010284	0.955466866493225	0.819999516010284	-7.37962302377326E-10	0.819999516010284	9.44232469990425E-10	0.819999516010284	3.42976558265207E-9	0.819999516010284	-1.3338100623983E-9	0.819999516010284	0	0.819999516010284	-4.0764063236054E-9	0.819999516010284	7.63119611946195E-9	0.819999516010284	-2.74721245752119E-9	0.819999516010284	3.3862375126148E-9	0.819999516010284	0
0.829999506473541	-0.212293654680252	0.829999506473541	13.7226305007935	0.829999506473541	17.9392242431641	0.829999506473541	16.2558345794678	0.829999506473541	24.1559600830078	0.829999506473541	17.4812278747559	0.829999506473541	31.6701602935791	0.829999506473541	15.3107557296753	0.829999506473541	27.0891952514648	0.829999506473541	-7.95103597640991	0.829999506473541	2.50000929832458	0.829999506473541	5.21640825271606	0.829999506473541	6.49999952316284	0.829999506473541	6.32000541687012	0.829999506473541	5.07999801635742	0.829999506473541	6.5000147819519	0.829999506473541	7.61974906921387	0.829999506473541	5.39999914169312	0.829999506473541	8.29999351501465	0.829999506473541	10.0000162124634	0.829999506473541	1.57511520385742	0.829999506473541	2.07543063163757	0.829999506473541	2.17586064338684	0.829999506473541	1.34684705734253	0.829999506473541	1.77237010002136	0.829999506473541	3.34161376953125	0.829999506473541	0.0103112459182739	0.829999506473541	0.0841569155454636	0.829999506473541	0.313920080661774	0.829999506473541	0.955466866493225	0.829999506473541	-8.08920208594799E-10	0.829999506473541	7.86860410162404E-10	0.829999506473541	3.49636297691802E-9	0.829999506473541	-1.3338100623983E-9	0.829999506473541	0	0.829999506473541	-4.1449172982766E-9	0.829999506473541	7.72150610117706E-9	0.829999506473541	-2.55098320245395E-9	0.829999506473541	3.52445139739643E-9	0.829999506473541	0
0.839999496936798	-0.212293803691864	0.839999496936798	13.7226305007935	0.839999496936798	17.9392242431641	0.839999496936798	16.2558345794678	0.839999496936798	24.1559600830078	0.839999496936798	17.4812278747559	0.839999496936798	31.6701602935791	0.839999496936798	15.3107557296753	0.839999496936798	27.0891952514648	0.839999496936798	-7.95103597640991	0.839999496936798	2.50000905990601	0.839999496936798	5.21640825271606	0.839999496936798	6.49999952316284	0.839999496936798	6.32000541687012	0.839999496936798	5.07999801635742	0.839999496936798	6.5000147819519	0.839999496936798	7.61974906921387	0.839999496936798	5.39999914169312	0.839999496936798	8.29999351501465	0.839999496936798	10.0000162124634	0.839999496936798	1.57511520385742	0.839999496936798	2.07543063163757	0.839999496936798	2.17586064338684	0.839999496936798	1.34684705734253	0.839999496936798	1.77237010002136	0.839999496936798	3.34161376953125	0.839999496936798	0.0103112459182739	0.839999496936798	0.0841569155454636	0.839999496936798	0.313920080661774	0.839999496936798	0.955466866493225	0.839999496936798	-9.36644539706322E-10	0.839999496936798	6.29488405845535E-10	0.839999496936798	3.56296037118398E-9	0.839999496936798	-1.3338100623983E-9	0.839999496936798	0	0.839999496936798	-4.21342827294779E-9	0.839999496936798	7.81181608289217E-9	0.839999496936798	-2.35475394738671E-9	0.839999496936798	3.66266483808886E-9	0.839999496936798	0
0.849999487400055	-0.212293982505798	0.849999487400055	13.7226305007935	0.849999487400055	17.9392242431641	0.849999487400055	16.2558345794678	0.849999487400055	24.1559600830078	0.849999487400055	17.4812278747559	0.849999487400055	31.6701602935791	0.849999487400055	15.3107557296753	0.849999487400055	27.0891952514648	0.849999487400055	-7.95103597640991	0.849999487400055	2.50000905990601	0.849999487400055	5.21640825271606	0.849999487400055	6.49999952316284	0.849999487400055	6.32000541687012	0.849999487400055	5.07999801635742	0.849999487400055	6.5000147819519	0.849999487400055	7.61974906921387	0.849999487400055	5.39999914169312	0.849999487400055	8.29999351501465	0.849999487400055	10.0000162124634	0.849999487400055	1.57511520385742	0.849999487400055	2.07543063163757	0.849999487400055	2.17586040496826	0.849999487400055	1.34684705734253	0.849999487400055	1.77237010002136	0.849999487400055	3.34161376953125	0.849999487400055	0.0103112459182739	0.849999487400055	0.0841569155454636	0.849999487400055	0.313920080661774	0.849999487400055	0.955466866493225	0.849999487400055	-1.00760233490149E-9	0.849999487400055	4.72116401528666E-10	0.849999487400055	3.62955776544993E-9	0.849999487400055	-1.3338100623983E-9	0.849999487400055	0	0.849999487400055	-4.28193924761899E-9	0.849999487400055	7.90212606460727E-9	0.849999487400055	-2.15852469231947E-9	0.849999487400055	3.80087872287049E-9	0.849999487400055	0
0.859999477863312	-0.212294191122055	0.859999477863312	13.7226305007935	0.859999477863312	17.9392242431641	0.859999477863312	16.2558345794678	0.859999477863312	24.1559600830078	0.859999477863312	17.4812278747559	0.859999477863312	31.6701602935791	0.859999477863312	15.3107557296753	0.859999477863312	27.0891952514648	0.859999477863312	-7.95103597640991	0.859999477863312	2.50000905990601	0.859999477863312	5.21640825271606	0.859999477863312	6.49999952316284	0.859999477863312	6.32000541687012	0.859999477863312	5.07999801635742	0.859999477863312	6.5000147819519	0.859999477863312	7.61974906921387	0.859999477863312	5.39999914169312	0.859999477863312	8.29999351501465	0.859999477863312	10.0000162124634	0.859999477863312	1.57511520385742	0.859999477863312	2.07543063163757	0.859999477863312	2.17586040496826	0.859999477863312	1.34684705734253	0.859999477863312	1.77237010002136	0.859999477863312	3.34161376953125	0.859999477863312	0.0103112459182739	0.859999477863312	0.0841568857431412	0.859999477863312	0.313920080661774	0.859999477863312	0.955466866493225	0.859999477863312	-1.09275177795354E-9	0.859999477863312	3.14744397211797E-10	0.859999477863312	3.69615515971589E-9	0.859999477863312	-1.3338100623983E-9	0.859999477863312	0	0.859999477863312	-4.35045022229019E-9	0.859999477863312	7.99243604632238E-9	0.859999477863312	-1.96229543725224E-9	0.859999477863312	3.93909216356292E-9	0.859999477863312	0
0.869999468326569	-0.212294384837151	0.869999468326569	13.7226305007935	0.869999468326569	17.9392242431641	0.869999468326569	16.2558345794678	0.869999468326569	24.1559600830078	0.869999468326569	17.4812278747559	0.869999468326569	31.6701602935791	0.869999468326569	15.3107557296753	0.869999468326569	27.0891952514648	0.869999468326569	-7.95103597640991	0.869999468326569	2.50000858306885	0.869999468326569	5.21640825271606	0.869999468326569	6.49999952316284	0.869999468326569	6.32000541687012	0.869999468326569	5.07999801635742	0.869999468326569	6.5000147819519	0.869999468326569	7.61974906921387	0.869999468326569	5.39999914169312	0.869999468326569	8.29999351501465	0.869999468326569	10.0000162124634	0.869999468326569	1.57511520385742	0.869999468326569	2.07543063163757	0.869999468326569	2.17586040496826	0.869999468326569	1.34684705734253	0.869999468326569	1.77237010002136	0.869999468326569	3.34161376953125	0.869999468326569	0.0103112459182739	0.869999468326569	0.0841568857431412	0.869999468326569	0.313920080661774	0.869999468326569	0.955466866493225	0.869999468326569	-1.17790122100558E-9	0.869999468326569	1.57372392894928E-10	0.869999468326569	3.76275233193724E-9	0.869999468326569	-1.3338100623983E-9	0.869999468326569	0	0.869999468326569	-4.41896119696139E-9	0.869999468326569	8.08274602803749E-9	0.869999468326569	-1.766066182185E-9	0.869999468326569	4.07730604834455E-9	0.869999468326569	0
0.879999458789825	-0.212294608354568	0.879999458789825	13.7226305007935	0.879999458789825	17.9392242431641	0.879999458789825	16.2558345794678	0.879999458789825	24.1559600830078	0.879999458789825	17.4812278747559	0.879999458789825	31.6701602935791	0.879999458789825	15.3107557296753	0.879999458789825	27.0891952514648	0.879999458789825	-7.95103597640991	0.879999458789825	2.50000858306885	0.879999458789825	5.21640825271606	0.879999458789825	6.49999952316284	0.879999458789825	6.32000541687012	0.879999458789825	5.07999801635742	0.879999458789825	6.5000147819519	0.879999458789825	7.61974906921387	0.879999458789825	5.39999914169312	0.879999458789825	8.29999351501465	0.879999458789825	10.0000162124634	0.879999458789825	1.57511520385742	0.879999458789825	2.07543063163757	0.879999458789825	2.17586040496826	0.879999458789825	1.34684705734253	0.879999458789825	1.77237010002136	0.879999458789825	3.34161376953125	0.879999458789825	0.0103112459182739	0.879999458789825	0.0841568857431412	0.879999458789825	0.313920080661774	0.879999458789825	0.955466866493225	0.879999458789825	-1.17790122100558E-9	0.879999458789825	4.09394740330526E-16	0.879999458789825	3.82934972620319E-9	0.879999458789825	-1.3338100623983E-9	0.879999458789825	0	0.879999458789825	-4.48747217163259E-9	0.879999458789825	8.1730560097526E-9	0.879999458789825	-1.56983692711776E-9	0.879999458789825	4.21551993312619E-9	0.879999458789825	0
0.889999449253082	-0.212294831871986	0.889999449253082	13.7226305007935	0.889999449253082	17.9392242431641	0.889999449253082	16.2558345794678	0.889999449253082	24.1559600830078	0.889999449253082	17.4812278747559	0.889999449253082	31.6701602935791	0.889999449253082	15.3107557296753	0.889999449253082	27.0891952514648	0.889999449253082	-7.95103597640991	0.889999449253082	2.50000858306885	0.889999449253082	5.21640825271606	0.889999449253082	6.49999952316284	0.889999449253082	6.32000541687012	0.889999449253082	5.07999801635742	0.889999449253082	6.5000147819519	0.889999449253082	7.61974906921387	0.889999449253082	5.39999914169312	0.889999449253082	8.29999351501465	0.889999449253082	10.0000162124634	0.889999449253082	1.57511520385742	0.889999449253082	2.07543063163757	0.889999449253082	2.17586040496826	0.889999449253082	1.34684705734253	0.889999449253082	1.77237010002136	0.889999449253082	3.34161376953125	0.889999449253082	0.0103112459182739	0.889999449253082	0.0841568857431412	0.889999449253082	0.313920080661774	0.889999449253082	0.955466866493225	0.889999449253082	-1.20628440569703E-9	0.889999449253082	-1.57371587983235E-10	0.889999449253082	3.89594712046915E-9	0.889999449253082	-1.3338100623983E-9	0.889999449253082	0	0.889999449253082	-4.55598314630379E-9	0.889999449253082	8.26336599146771E-9	0.889999449253082	-1.37360767205053E-9	0.889999449253082	4.35373381790782E-9	0.889999449253082	0
0.899999439716339	-0.212295040488243	0.899999439716339	13.7226305007935	0.899999439716339	17.9392242431641	0.899999439716339	16.2558345794678	0.899999439716339	24.1559600830078	0.899999439716339	17.4812278747559	0.899999439716339	31.6701602935791	0.899999439716339	15.3107557296753	0.899999439716339	27.0891952514648	0.899999439716339	-7.95103597640991	0.899999439716339	2.50000834465027	0.899999439716339	5.21640825271606	0.899999439716339	6.49999952316284	0.899999439716339	6.32000541687012	0.899999439716339	5.07999801635742	0.899999439716339	6.5000147819519	0.899999439716339	7.61974906921387	0.899999439716339	5.39999914169312	0.899999439716339	8.29999351501465	0.899999439716339	10.0000162124634	0.899999439716339	1.57511520385742	0.899999439716339	2.07543063163757	0.899999439716339	2.17586040496826	0.899999439716339	1.34684705734253	0.899999439716339	1.77237010002136	0.899999439716339	3.34161376953125	0.899999439716339	0.0103112459182739	0.899999439716339	0.0841568857431412	0.899999439716339	0.313920080661774	0.899999439716339	0.955466866493225	0.899999439716339	-1.23466759038848E-9	0.899999439716339	-3.14743564544528E-10	0.899999439716339	3.9625445147351E-9	0.899999439716339	-1.3338100623983E-9	0.899999439716339	0	0.899999439716339	-4.62449412097499E-9	0.899999439716339	8.35367597318282E-9	0.899999439716339	-1.17737841698329E-9	0.899999439716339	4.49194770268946E-9	0.899999439716339	0
0.909999430179596	-0.212295264005661	0.909999430179596	13.7226305007935	0.909999430179596	17.9392242431641	0.909999430179596	16.2558345794678	0.909999430179596	24.1559600830078	0.909999430179596	17.4812278747559	0.909999430179596	31.6701602935791	0.909999430179596	15.3107557296753	0.909999430179596	27.0891952514648	0.909999430179596	-7.95103597640991	0.909999430179596	2.50000810623169	0.909999430179596	5.21640825271606	0.909999430179596	6.49999952316284	0.909999430179596	6.32000541687012	0.909999430179596	5.07999801635742	0.909999430179596	6.5000147819519	0.909999430179596	7.61974906921387	0.909999430179596	5.39999914169312	0.909999430179596	8.29999351501465	0.909999430179596	10.0000162124634	0.909999430179596	1.57511520385742	0.909999430179596	2.07543063163757	0.909999430179596	2.17586040496826	0.909999430179596	1.34684705734253	0.909999430179596	1.77237010002136	0.909999430179596	3.34161376953125	0.909999430179596	0.0103112459182739	0.909999430179596	0.0841568857431412	0.909999430179596	0.313920080661774	0.909999430179596	0.955466866493225	0.909999430179596	-1.22047605355391E-9	0.909999430179596	-4.72115568861398E-10	0.909999430179596	4.02914190900105E-9	0.909999430179596	-1.3338100623983E-9	0.909999430179596	0	0.909999430179596	-4.69300509564619E-9	0.909999430179596	8.44398595489793E-9	0.909999430179596	-9.81149161916051E-10	0.909999430179596	4.63016158747109E-9	0.909999430179596	0
0.919999420642853	-0.212295472621918	0.919999420642853	13.7226305007935	0.919999420642853	17.9392242431641	0.919999420642853	16.2558345794678	0.919999420642853	24.1559600830078	0.919999420642853	17.4812278747559	0.919999420642853	31.6701602935791	0.919999420642853	15.3107557296753	0.919999420642853	27.0891952514648	0.919999420642853	-7.95103597640991	0.919999420642853	2.50000834465027	0.919999420642853	5.21640825271606	0.919999420642853	6.49999952316284	0.919999420642853	6.32000541687012	0.919999420642853	5.07999801635742	0.919999420642853	6.5000147819519	0.919999420642853	7.61974906921387	0.919999420642853	5.39999914169312	0.919999420642853	8.29999351501465	0.919999420642853	10.0000162124634	0.919999420642853	1.57511520385742	0.919999420642853	2.07543063163757	0.919999420642853	2.17586040496826	0.919999420642853	1.34684705734253	0.919999420642853	1.77237010002136	0.919999420642853	3.34161376953125	0.919999420642853	0.0103112459182739	0.919999420642853	0.08415687084198	0.919999420642853	0.313920080661774	0.919999420642853	0.955466866493225	0.919999420642853	-1.17790133202789E-9	0.919999420642853	-6.29487573178267E-10	0.919999420642853	4.09573930326701E-9	0.919999420642853	-1.3338100623983E-9	0.919999420642853	0	0.919999420642853	-4.76151607031738E-9	0.919999420642853	8.53429593661303E-9	0.919999420642853	-7.84919906848813E-10	0.919999420642853	4.76837547225273E-9	0.919999420642853	0
0.92999941110611	-0.212295696139336	0.92999941110611	13.7226305007935	0.92999941110611	17.9392242431641	0.92999941110611	16.2558345794678	0.92999941110611	24.1559600830078	0.92999941110611	17.4812259674072	0.92999941110611	31.6701602935791	0.92999941110611	15.3107557296753	0.92999941110611	27.0891971588135	0.92999941110611	-7.95103597640991	0.92999941110611	2.50000834465027	0.92999941110611	5.21640825271606	0.92999941110611	6.49999952316284	0.92999941110611	6.32000589370728	0.92999941110611	5.07999801635742	0.92999941110611	6.50001430511475	0.92999941110611	7.61974906921387	0.92999941110611	5.39999914169312	0.92999941110611	8.29999446868897	0.92999941110611	10.0000162124634	0.92999941110611	1.57511520385742	0.92999941110611	2.07543063163757	0.92999941110611	2.17586040496826	0.92999941110611	1.34684705734253	0.92999941110611	1.77237010002136	0.92999941110611	3.34161376953125	0.92999941110611	0.0103112459182739	0.92999941110611	0.08415687084198	0.92999941110611	0.313920080661774	0.92999941110611	0.955466866493225	0.92999941110611	-1.19209286886246E-9	0.92999941110611	-7.86859577495136E-10	0.92999941110611	4.16233669753296E-9	0.92999941110611	-1.3338100623983E-9	0.92999941110611	0	0.92999941110611	-4.83002704498858E-9	0.92999941110611	8.62460591832814E-9	0.92999941110611	-5.88690651781576E-10	0.92999941110611	4.90658935703436E-9	0.92999941110611	0
0.939999401569366	-0.212295904755592	0.939999401569366	13.7226305007935	0.939999401569366	17.9392242431641	0.939999401569366	16.2558345794678	0.939999401569366	24.1559600830078	0.939999401569366	17.4812240600586	0.939999401569366	31.6701602935791	0.939999401569366	15.3107557296753	0.939999401569366	27.0891990661621	0.939999401569366	-7.95103597640991	0.939999401569366	2.50000810623169	0.939999401569366	5.21640825271606	0.939999401569366	6.49999952316284	0.939999401569366	6.32000589370728	0.939999401569366	5.07999801635742	0.939999401569366	6.50001430511475	0.939999401569366	7.61974906921387	0.939999401569366	5.39999914169312	0.939999401569366	8.29999351501465	0.939999401569366	10.0000162124634	0.939999401569366	1.57511520385742	0.939999401569366	2.07543063163757	0.939999401569366	2.17586040496826	0.939999401569366	1.34684705734253	0.939999401569366	1.77237010002136	0.939999401569366	3.34161353111267	0.939999401569366	0.0103112459182739	0.939999401569366	0.0841568857431412	0.939999401569366	0.313920617103577	0.939999401569366	0.955466866493225	0.939999401569366	-1.19209286886246E-9	0.939999401569366	-9.44231581812005E-10	0.939999401569366	4.22893409179892E-9	0.939999401569366	-1.45885470370644E-9	0.939999401569366	0	0.939999401569366	-4.79577133560838E-9	0.939999401569366	8.71491590004325E-9	0.939999401569366	-3.92461396714339E-10	0.939999401569366	4.83748241464355E-9	0.939999401569366	0
0.949999392032623	-0.212296113371849	0.949999392032623	13.7226305007935	0.949999392032623	17.9392242431641	0.949999392032623	16.2558345794678	0.949999392032623	24.1559600830078	0.949999392032623	17.48122215271	0.949999392032623	31.6701602935791	0.949999392032623	15.3107557296753	0.949999392032623	27.0892009735107	0.949999392032623	-7.95103597640991	0.949999392032623	2.50000810623169	0.949999392032623	5.21640825271606	0.949999392032623	6.49999952316284	0.949999392032623	6.32000589370728	0.949999392032623	5.07999801635742	0.949999392032623	6.50001382827759	0.949999392032623	7.61974954605103	0.949999392032623	5.39999914169312	0.949999392032623	8.29999351501465	0.949999392032623	10.0000162124634	0.949999392032623	1.57511520385742	0.949999392032623	2.07543063163757	0.949999392032623	2.17586040496826	0.949999392032623	1.34684705734253	0.949999392032623	1.77237010002136	0.949999392032623	3.34161329269409	0.949999392032623	0.0103112459182739	0.949999392032623	0.0841569155454636	0.949999392032623	0.313920855522156	0.949999392032623	0.955466866493225	0.949999392032623	-1.14951814733644E-9	0.949999392032623	-1.10160347510657E-9	0.949999392032623	4.29553148606487E-9	0.949999392032623	-1.54221779791186E-9	0.949999392032623	0	0.949999392032623	-4.79577133560838E-9	0.949999392032623	8.80522588175836E-9	0.949999392032623	-1.96232100013738E-10	0.949999392032623	5.044803241816E-9	0.949999392032623	0
0.95999938249588	-0.212296336889267	0.95999938249588	13.7226305007935	0.95999938249588	17.9392242431641	0.95999938249588	16.2558345794678	0.95999938249588	24.1559600830078	0.95999938249588	17.48122215271	0.95999938249588	31.6701602935791	0.95999938249588	15.3107557296753	0.95999938249588	27.0892028808594	0.95999938249588	-7.95103597640991	0.95999938249588	2.50000786781311	0.95999938249588	5.21640825271606	0.95999938249588	6.49999952316284	0.95999938249588	6.32000589370728	0.95999938249588	5.07999801635742	0.95999938249588	6.50001335144043	0.95999938249588	7.61974954605103	0.95999938249588	5.39999914169312	0.95999938249588	8.29999351501465	0.95999938249588	10.0000162124634	0.95999938249588	1.57511520385742	0.95999938249588	2.07543063163757	0.95999938249588	2.17586040496826	0.95999938249588	1.34684705734253	0.95999938249588	1.77236998081207	0.95999938249588	3.34161329269409	0.95999938249588	0.0103112459182739	0.95999938249588	0.0841568857431412	0.95999938249588	0.313920855522156	0.95999938249588	0.955466866493225	0.95999938249588	-1.12113496264499E-9	0.95999938249588	-1.25897547942344E-9	0.95999938249588	4.36212888033083E-9	0.95999938249588	-1.62558089211728E-9	0.95999938249588	0	0.95999938249588	-4.69300465155698E-9	0.95999938249588	8.76007089090081E-9	0.95999938249588	-2.81719092498633E-15	0.95999938249588	5.18301712659763E-9	0.95999938249588	0
0.969999372959137	-0.212296530604362	0.969999372959137	13.7226305007935	0.969999372959137	17.9392242431641	0.969999372959137	16.2558345794678	0.969999372959137	24.1559600830078	0.969999372959137	17.48122215271	0.969999372959137	31.6701602935791	0.969999372959137	15.3107557296753	0.969999372959137	27.0892028808594	0.969999372959137	-7.95103597640991	0.969999372959137	2.50000786781311	0.969999372959137	5.21640825271606	0.969999372959137	6.49999952316284	0.969999372959137	6.32000589370728	0.969999372959137	5.07999801635742	0.969999372959137	6.50001335144043	0.969999372959137	7.61974954605103	0.969999372959137	5.39999914169312	0.969999372959137	8.29999446868897	0.969999372959137	10.0000162124634	0.969999372959137	1.57511520385742	0.969999372959137	2.07543063163757	0.969999372959137	2.17586040496826	0.969999372959137	1.34684705734253	0.969999372959137	1.77236998081207	0.969999372959137	3.34161329269409	0.969999372959137	0.0103112459182739	0.969999372959137	0.0841569155454636	0.969999372959137	0.313921332359314	0.969999372959137	0.955466866493225	0.969999372959137	-1.05017694540521E-9	0.969999372959137	-1.41634748374031E-9	0.969999372959137	4.42872627459678E-9	0.969999372959137	-1.70894398632271E-9	0.969999372959137	0	0.969999372959137	-4.52172743692358E-9	0.969999372959137	8.76007089090081E-9	0.969999372959137	1.96226465631888E-10	0.969999372959137	5.32123101137927E-9	0.969999372959137	0
0.979999363422394	-0.212296709418297	0.979999363422394	13.7226305007935	0.979999363422394	17.9392242431641	0.979999363422394	16.2558345794678	0.979999363422394	24.1559600830078	0.979999363422394	17.48122215271	0.979999363422394	31.6701602935791	0.979999363422394	15.3107557296753	0.979999363422394	27.089204788208	0.979999363422394	-7.95103597640991	0.979999363422394	2.50000762939453	0.979999363422394	5.21640825271606	0.979999363422394	6.49999952316284	0.979999363422394	6.32000589370728	0.979999363422394	5.07999801635742	0.979999363422394	6.50001335144043	0.979999363422394	7.61974954605103	0.979999363422394	5.39999914169312	0.979999363422394	8.29999446868897	0.979999363422394	10.0000162124634	0.979999363422394	1.57511520385742	0.979999363422394	2.07543063163757	0.979999363422394	2.17586040496826	0.979999363422394	1.34684705734253	0.979999363422394	1.77236998081207	0.979999363422394	3.34161329269409	0.979999363422394	0.0103112459182739	0.979999363422394	0.0841569155454636	0.979999363422394	0.313921332359314	0.979999363422394	0.955466866493225	0.979999363422394	-9.93410576022313E-10	0.979999363422394	-1.57371948805718E-9	0.979999363422394	4.49532366886274E-9	0.979999363422394	-1.79230708052813E-9	0.979999363422394	0	0.979999363422394	-4.38470548758119E-9	0.979999363422394	8.76007089090081E-9	0.979999363422394	3.92455734576913E-10	0.979999363422394	5.25212406898845E-9	0.979999363422394	0
0.989999353885651	-0.21229687333107	0.989999353885651	13.7226305007935	0.989999353885651	17.9392242431641	0.989999353885651	16.2558345794678	0.989999353885651	24.1559600830078	0.989999353885651	17.48122215271	0.989999353885651	31.6701602935791	0.989999353885651	15.3107557296753	0.989999353885651	27.0892066955566	0.989999353885651	-7.95103597640991	0.989999353885651	2.50000739097595	0.989999353885651	5.21640825271606	0.989999353885651	6.49999952316284	0.989999353885651	6.32000589370728	0.989999353885651	5.07999801635742	0.989999353885651	6.50001287460327	0.989999353885651	7.61974954605103	0.989999353885651	5.39999914169312	0.989999353885651	8.29999542236328	0.989999353885651	10.0000162124634	0.989999353885651	1.57511520385742	0.989999353885651	2.07543063163757	0.989999353885651	2.17586040496826	0.989999353885651	1.34684705734253	0.989999353885651	1.77237010002136	0.989999353885651	3.34161329269409	0.989999353885651	0.0103112459182739	0.989999353885651	0.0841569304466248	0.989999353885651	0.313921809196472	0.989999353885651	0.955466866493225	0.989999353885651	-8.94069596135694E-10	0.989999353885651	-1.73109149237405E-9	0.989999353885651	4.56192106312869E-9	0.989999353885651	-1.87567028575586E-9	0.989999353885651	0	0.989999353885651	-4.24768353823879E-9	0.989999353885651	8.76007089090081E-9	0.989999353885651	5.8868498964415E-10	0.989999353885651	5.25212406898845E-9	0.989999353885651	0
0.999999344348908	-0.212297022342682	0.999999344348908	13.7226305007935	0.999999344348908	17.9392242431641	0.999999344348908	16.2558345794678	0.999999344348908	24.1559600830078	0.999999344348908	17.48122215271	0.999999344348908	31.6701602935791	0.999999344348908	15.3107557296753	0.999999344348908	27.0892086029053	0.999999344348908	-7.95103597640991	0.999999344348908	2.50000762939453	0.999999344348908	5.21640825271606	0.999999344348908	6.49999952316284	0.999999344348908	6.32000589370728	0.999999344348908	5.07999801635742	0.999999344348908	6.50001287460327	0.999999344348908	7.61974954605103	0.999999344348908	5.39999914169312	0.999999344348908	8.29999542236328	0.999999344348908	10.0000162124634	0.999999344348908	1.57511520385742	0.999999344348908	2.07543063163757	0.999999344348908	2.17586040496826	0.999999344348908	1.34684705734253	0.999999344348908	1.77237010002136	0.999999344348908	3.34161329269409	0.999999344348908	0.0103112459182739	0.999999344348908	0.0841569304466248	0.999999344348908	0.313921809196472	0.999999344348908	0.955466866493225	0.999999344348908	-7.66345376046473E-10	0.999999344348908	-1.88846360771322E-9	0.999999344348908	4.62851845739465E-9	0.999999344348908	-1.95903337996128E-9	0.999999344348908	0	0.999999344348908	-4.00789446075578E-9	0.999999344348908	8.76007089090081E-9	0.999999344348908	7.84914244711388E-10	0.999999344348908	5.044803241816E-9	0.999999344348908	0
0.999999344348908	-0.212297022342682	0.999999344348908	13.7226305007935	0.999999344348908	17.9392242431641	0.999999344348908	16.2558345794678	0.999999344348908	24.1559600830078	0.999999344348908	17.48122215271	0.999999344348908	31.6701602935791	0.999999344348908	15.3107557296753	0.999999344348908	27.0892086029053	0.999999344348908	-7.95103597640991	0.999999344348908	2.30609083175659	0.999999344348908	4.64761352539063	0.999999344348908	5.75837755203247	0.999999344348908	5.32534170150757	0.999999344348908	4.46551132202148	0.999999344348908	5.38234376907349	0.999999344348908	6.62714672088623	0.999999344348908	4.01315879821777	0.999999344348908	0.26453971862793	0.999999344348908	10.0221681594849	0.999999344348908	4.80280351638794	0.999999344348908	2.91826295852661	0.999999344348908	3.20386433601379	0.999999344348908	2.93407964706421	0.999999344348908	2.40406632423401	0.999999344348908	4.777991771698	0.999999344348908	1.2399697303772	0.999999344348908	2.87627267837524	0.999999344348908	5.15839958190918	0.999999344348908	4.10498046875	0.999999344348908	-7.66345376046473E-10	0.999999344348908	-1.88846360771322E-9	0.999999344348908	4.62851845739465E-9	0.999999344348908	-1.95903337996128E-9	0.999999344348908	0	0.999999344348908	-4.00789446075578E-9	0.999999344348908	8.76007089090081E-9	0.999999344348908	7.84914244711388E-10	0.999999344348908	5.044803241816E-9	0.999999344348908	0
1.00999939441681	-0.212297141551971	1.00999939441681	13.7226305007935	1.00999939441681	17.9392242431641	1.00999939441681	16.2558345794678	1.00999939441681	24.1559600830078	1.00999939441681	17.48122215271	1.00999939441681	31.6701602935791	1.00999939441681	15.3107557296753	1.00999939441681	27.0892105102539	1.00999939441681	-7.95103597640991	1.00999939441681	2.30609130859375	1.00999939441681	4.64761352539063	1.00999939441681	5.75837755203247	1.00999939441681	5.32534170150757	1.00999939441681	4.46551132202148	1.00999939441681	5.38234376907349	1.00999939441681	6.62714672088623	1.00999939441681	4.01315879821777	1.00999939441681	0.264539837837219	1.00999939441681	10.0221681594849	1.00999939441681	4.80280351638794	1.00999939441681	2.91826295852661	1.00999939441681	3.20386433601379	1.00999939441681	2.93407964706421	1.00999939441681	2.40406632423401	1.00999939441681	4.777991771698	1.00999939441681	1.2399697303772	1.00999939441681	2.87627267837524	1.00999939441681	5.15839958190918	1.00999939441681	4.10498046875	1.00999939441681	1.73133048519958E-5	1.00999939441681	7.03933474142104E-5	1.00999939441681	7.7688557212241E-5	1.00999939441681	0.0001304172037635	1.00999939441681	8.86278867255896E-5	1.00999939441681	0.000120434677228332	1.00999939441681	0.000141003474709578	1.00999939441681	0.000214019557461143	1.00999939441681	0.000873423996381462	1.00999939441681	-1.66139599855342E-7
1.01999938488007	-0.207622483372688	1.01999938488007	13.7416362762451	1.01999938488007	17.9602012634277	1.01999938488007	16.2910480499268	1.01999938488007	24.1798896789551	1.01999938488007	17.5137405395508	1.01999938488007	31.70823097229	1.01999938488007	15.368540763855	1.01999938488007	27.3250350952148	1.01999938488007	-7.95108127593994	1.01999938488007	2.30085206031799	1.01999938488007	4.64767122268677	1.01999938488007	5.75855398178101	1.01999938488007	5.32733726501465	1.01999938488007	4.46470499038696	1.01999938488007	5.38305997848511	1.01999938488007	6.62850999832153	1.01999938488007	4.02020263671875	1.01999938488007	0.26453959941864	1.01999938488007	10.0143060684204	1.01999938488007	4.8039493560791	1.01999938488007	2.91856932640076	1.01999938488007	3.20419073104858	1.01999938488007	2.93433666229248	1.01999938488007	2.40445375442505	1.01999938488007	4.77849626541138	1.01999938488007	1.24034190177917	1.01999938488007	2.87571430206299	1.01999938488007	5.15839958190918	1.01999938488007	4.10688400268555	1.01999938488007	4.61693707620725E-5	1.01999938488007	0.000187708908924833	1.01999938488007	0.000207149656489491	1.01999938488007	0.000347748515196145	1.01999938488007	0.000236325344303623	1.01999938488007	0.000321136700222269	1.01999938488007	0.000375954899936914	1.01999938488007	0.000570625823456794	1.01999938488007	0.00232759793289006	1.01999938488007	-4.43039027686609E-7
1.02999937534332	-0.196714952588081	1.02999937534332	13.785982131958	1.02999937534332	18.0091381072998	1.02999937534332	16.3732032775879	1.02999937534332	24.2357196807861	1.02999937534332	17.5896053314209	1.02999937534332	31.7970523834229	1.02999937534332	15.5033483505249	1.02999937534332	27.8748779296875	1.02999937534332	-7.95118570327759	1.02999937534332	2.28863191604614	1.02999937534332	4.64780569076538	1.02999937534332	5.75896310806274	1.02999937534332	5.33198833465576	1.02999937534332	4.46282339096069	1.02999937534332	5.38472747802734	1.02999937534332	6.63168525695801	1.02999937534332	4.03662586212158	1.02999937534332	0.264539957046509	1.02999937534332	9.9959659576416	1.02999937534332	4.80662107467651	1.02999937534332	2.91928362846375	1.02999937534332	3.20495462417603	1.02999937534332	2.93494367599487	1.02999937534332	2.40535974502563	1.02999937534332	4.7796688079834	1.02999937534332	1.24121510982513	1.02999937534332	2.87440729141235	1.02999937534332	5.15839958190918	1.02999937534332	4.11137580871582	1.02999937534332	7.0188871177379E-5	1.02999937534332	0.00028153185849078	1.02999937534332	0.000310663104755804	1.02999937534332	0.000521038309670985	1.02999937534332	0.000354691757820547	1.02999937534332	0.000481499591842294	1.02999937534332	0.000563467969186604	1.02999937534332	0.000853597768582404	1.02999937534332	0.00348860840313137	1.02999937534332	-5.46627177300252E-7
1.03999936580658	-0.181919187307358	1.03999936580658	13.8451023101807	1.03999936580658	18.0743732452393	1.03999936580658	16.4825859069824	1.03999936580658	24.3102188110352	1.03999936580658	17.6907081604004	1.03999936580658	31.9153499603271	1.03999936580658	15.6824626922607	1.03999936580658	28.6073188781738	1.03999936580658	-7.95129299163818	1.03999936580658	2.27244901657104	1.03999936580658	4.64798736572266	1.03999936580658	5.75950813293457	1.03999936580658	5.33815813064575	1.03999936580658	4.46033143997192	1.03999936580658	5.38695192337036	1.03999936580658	6.63590240478516	1.03999936580658	4.05839538574219	1.03999936580658	0.264540195465088	1.03999936580658	9.97155284881592	1.03999936580658	4.81019067764282	1.03999936580658	2.92024278640747	1.03999936580658	3.20597505569458	1.03999936580658	2.93575668334961	1.03999936580658	2.40656185150146	1.03999936580658	4.7812385559082	1.03999936580658	1.24238049983978	1.03999936580658	2.87267541885376	1.03999936580658	5.1584005355835	1.03999936580658	4.11738348007202	1.03999936580658	9.60780162131414E-5	1.03999936580658	0.000375318631995469	1.03999936580658	0.000414093839935958	1.03999936580658	0.000693257257808	1.03999936580658	0.000473510968731716	1.03999936580658	0.000641532242298126	1.03999936580658	0.00075017788913101	1.03999936580658	0.00113215984310955	1.03999936580658	0.00464844610542059	1.03999936580658	-4.14424022210369E-7
1.04999935626984	-0.162295132875442	1.04999935626984	13.9211006164551	1.04999935626984	18.1582202911377	1.04999935626984	16.6228733062744	1.04999935626984	24.4061431884766	1.04999935626984	17.8205871582031	1.04999935626984	32.0671882629395	1.04999935626984	15.911322593689	1.04999935626984	29.5484237670898	1.04999935626984	-7.95135545730591	1.04999935626984	2.25189566612244	1.04999935626984	4.64822244644165	1.04999935626984	5.76020860671997	1.04999935626984	5.34601783752441	1.04999935626984	4.45716714859009	1.04999935626984	5.38981485366821	1.04999935626984	6.64129447937012	1.04999935626984	4.08609819412231	1.04999935626984	0.264540195465088	1.04999935626984	9.94021224975586	1.04999935626984	4.81477975845337	1.04999935626984	2.92147350311279	1.04999935626984	3.20729303359985	1.04999935626984	2.93681216239929	1.04999935626984	2.4080970287323	1.04999935626984	4.78325366973877	1.04999935626984	1.24388349056244	1.04999935626984	2.87047529220581	1.04999935626984	5.15839958190918	1.04999935626984	4.12513399124146	1.04999935626984	0.000124128651805222	1.04999935626984	0.000469062710180879	1.04999935626984	0.000517428270541132	1.04999935626984	0.000864236208144575	1.04999935626984	0.000592853641137481	1.04999935626984	0.000801179965492338	1.04999935626984	0.000935956428293139	1.04999935626984	0.00140562187880278	1.04999935626984	0.00580694619566202	1.04999935626984	-7.72467956267064E-9
1.05999934673309	-0.137427404522896	1.05999934673309	14.0139694213867	1.05999934673309	18.2606544494629	1.05999934673309	16.7938213348389	1.05999934673309	24.5235996246338	1.05999934673309	17.9791698455811	1.05999934673309	32.252384185791	1.05999934673309	16.1889457702637	1.05999934673309	30.697940826416	1.05999934673309	-7.95132064819336	1.05999934673309	2.22714519500732	1.05999934673309	4.648512840271	1.05999934673309	5.76106548309326	1.05999934673309	5.35551929473877	1.05999934673309	4.45335865020752	1.05999934673309	5.3933219909668	1.05999934673309	6.64783811569214	1.05999934673309	4.11953926086426	1.05999934673309	0.264540433883667	1.05999934673309	9.90201187133789	1.05999934673309	4.82036924362183	1.05999934673309	2.92298913002014	1.05999934673309	3.20890784263611	1.05999934673309	2.93811702728271	1.05999934673309	2.40995836257935	1.05999934673309	4.78571653366089	1.05999934673309	1.24572491645813	1.05999934673309	2.86782836914062	1.05999934673309	5.15839958190918	1.05999934673309	4.13464975357056	1.05999934673309	0.000154885099618696	1.05999934673309	0.000562754867132753	1.05999934673309	0.000620643433649093	1.05999934673309	0.00103366561233997	1.05999934673309	0.00071285484591499	1.05999934673309	0.000960345438215882	1.05999934673309	0.00112056918442249	1.05999934673309	0.00167270889505744	1.05999934673309	0.00696411402896047	1.05999934673309	7.47017850244447E-7
1.06999933719635	-0.106780000030994	1.06999933719635	14.1236972808838	1.06999933719635	18.3816604614258	1.06999933719635	16.9951324462891	1.06999933719635	24.6627140045166	1.06999933719635	18.1663551330566	1.06999933719635	32.4706993103027	1.06999933719635	16.5140724182129	1.06999933719635	32.0556259155273	1.06999933719635	-7.95111799240112	1.06999933719635	2.1984224319458	1.06999933719635	4.64885950088501	1.06999933719635	5.76208162307739	1.06999933719635	5.36660051345825	1.06999933719635	4.44894123077393	1.06999933719635	5.3974757194519	1.06999933719635	6.65550804138184	1.06999933719635	4.15846729278564	1.06999933719635	0.264540433883667	1.06999933719635	9.85699558258057	1.06999933719635	4.82696485519409	1.06999933719635	2.92478394508362	1.06999933719635	3.21082425117493	1.06999933719635	2.93968105316162	1.06999933719635	2.41213393211365	1.06999933719635	4.78862857818604	1.06999933719635	1.24790740013123	1.06999933719635	2.86475467681885	1.06999933719635	5.15839958190918	1.06999933719635	4.14595651626587	1.06999933719635	0.000188836347660981	1.06999933719635	0.000656385789625347	1.06999933719635	0.000723717443179339	1.06999933719635	0.00120126386173069	1.06999933719635	0.000833635334856808	1.06999933719635	0.00111893599387258	1.06999933719635	0.00130380119662732	1.06999933719635	0.0019322675652802	1.06999933719635	0.00811995379626751	1.06999933719635	1.91806202565203E-6
1.07999932765961	-0.0697338283061981	1.07999932765961	14.2502737045288	1.07999932765961	18.5212059020996	1.07999932765961	17.2264423370361	1.07999932765961	24.823637008667	1.07999932765961	18.3820381164551	1.07999932765961	32.7218780517578	1.07999932765961	16.8852405548096	1.07999932765961	33.6212463378906	1.07999932765961	-7.95066833496094	1.07999932765961	2.16598558425903	1.07999932765961	4.64926528930664	1.07999932765961	5.7632532119751	1.07999932765961	5.37918567657471	1.07999932765961	4.44395637512207	1.07999932765961	5.40227890014648	1.07999932765961	6.66427183151245	1.07999932765961	4.20259237289429	1.07999932765961	0.264541387557983	1.07999932765961	9.80521965026855	1.07999932765961	4.83455181121826	1.07999932765961	2.92686438560486	1.07999932765961	3.21304392814636	1.07999932765961	2.94151067733765	1.07999932765961	2.41461372375488	1.07999932765961	4.79198455810547	1.07999932765961	1.25043380260468	1.07999932765961	2.86128306388855	1.07999932765961	5.15839958190918	1.07999932765961	4.15907669067383	1.07999932765961	0.000226441465201788	1.07999932765961	0.000749946164432913	1.07999932765961	0.000826627947390079	1.07999932765961	0.00136676151305437	1.07999932765961	0.000955308438278735	1.07999932765961	0.00127685896586627	1.07999932765961	0.00148544274270535	1.07999932765961	0.00218320311978459	1.07999932765961	0.00927446968853474	1.07999932765961	3.5733457934839E-6
1.08999931812286	-0.0255898870527744	1.08999931812286	14.3936862945557	1.08999931812286	18.6792602539062	1.08999931812286	17.4873523712158	1.08999931812286	25.0065441131592	1.08999931812286	18.6260852813721	1.08999931812286	33.0056037902832	1.08999931812286	17.300802230835	1.08999931812286	35.3945579528809	1.08999931812286	-7.949875831604	1.08999931812286	2.1301257610321	1.08999931812286	4.649733543396	1.08999931812286	5.76458549499512	1.08999931812286	5.3931941986084	1.08999931812286	4.43845081329346	1.08999931812286	5.40773773193359	1.08999931812286	6.67409372329712	1.08999931812286	4.25158882141113	1.08999931812286	0.264541387557983	1.08999931812286	9.74676990509033	1.08999931812286	4.84312200546265	1.08999931812286	2.92923378944397	1.08999931812286	3.21556949615479	1.08999931812286	2.9436182975769	1.08999931812286	2.41738414764404	1.08999931812286	4.79578828811646	1.08999931812286	1.25330567359924	1.08999931812286	2.85744619369507	1.08999931812286	5.15839862823486	1.08999931812286	4.17403125762939	1.08999931812286	0.0002681267214939	1.08999931812286	0.000843425979837775	1.08999931812286	0.000929353525862098	1.08999931812286	0.0015299036167562	1.08999931812286	0.00107797887176275	1.08999931812286	0.00143402139656246	1.08999931812286	0.00166529079433531	1.08999931812286	0.00242448505014181	1.08999931812286	0.0104276649653912	1.08999931812286	5.78018216401688E-6
1.09999930858612	0.0264246128499508	1.09999930858612	14.553915977478	1.09999930858612	18.8557910919189	1.09999930858612	17.7774200439453	1.09999930858612	25.2116184234619	1.09999930858612	18.8983535766602	1.09999930858612	33.3215408325195	1.09999930858612	17.7589263916016	1.09999930858612	37.3753242492676	1.09999930858612	-7.94863700866699	1.09999930858612	2.09116530418396	1.09999930858612	4.65026617050171	1.09999930858612	5.76607751846313	1.09999930858612	5.40853548049927	1.09999930858612	4.4324779510498	1.09999930858612	5.41385555267334	1.09999930858612	6.68493604660034	1.09999930858612	4.3050971031189	1.09999930858612	0.264541625976562	1.09999930858612	9.68172264099121	1.09999930858612	4.85265779495239	1.09999930858612	2.93189215660095	1.09999930858612	3.21840667724609	1.09999930858612	2.94601631164551	1.09999930858612	2.42043018341064	1.09999930858612	4.8000340461731	1.09999930858612	1.25652718544006	1.09999930858612	2.85327959060669	1.09999930858612	5.15839910507202	1.09999930858612	4.19085168838501	1.09999930858612	0.000314281671307981	1.09999930858612	0.000936814700253308	1.09999930858612	0.00103187141939998	1.09999930858612	0.00169044989161193	1.09999930858612	0.00120174186304212	1.09999930858612	0.00159032898955047	1.09999930858612	0.00184314965736121	1.09999930858612	0.00265515386126935	1.09999930858612	0.0115795461460948	1.09999930858612	8.60487580212066E-6
1.10999929904938	0.0871492847800255	1.10999929904938	14.7309474945068	1.10999929904938	19.0507526397705	1.10999929904938	18.0961494445801	1.10999929904938	25.4390697479248	1.10999929904938	19.1986808776855	1.10999929904938	33.6693153381348	1.10999929904938	18.2576141357422	1.10999929904938	39.5633125305176	1.10999929904938	-7.94683408737183	1.10999929904938	2.04945468902588	1.10999929904938	4.65086650848389	1.10999929904938	5.76773118972778	1.10999929904938	5.42511081695557	1.10999929904938	4.42609453201294	1.10999929904938	5.42064094543457	1.10999929904938	6.69675493240356	1.10999929904938	4.36272621154785	1.10999929904938	0.2645423412323	1.10999929904938	9.61017799377441	1.10999929904938	4.86314487457275	1.10999929904938	2.93484616279602	1.10999929904938	3.22155404090881	1.10999929904938	2.94871807098389	1.10999929904938	2.42373514175415	1.10999929904938	4.80471658706665	1.10999929904938	1.26009893417358	1.10999929904938	2.84881854057312	1.10999929904938	5.15839910507202	1.10999929904938	4.2096061706543	1.10999929904938	0.000365255516953766	1.10999929904938	0.00103010167367756	1.10999929904938	0.00113415962550789	1.10999929904938	0.00184817716944963	1.10999929904938	0.00132668146397918	1.10999929904938	0.00174568744841963	1.10999929904938	0.00201883120462298	1.10999929904938	0.00287432852201164	1.10999929904938	0.0127301178872585	1.10999929904938	1.21130133265979E-5
1.11999928951263	0.15748293697834	1.11999928951263	14.9247627258301	1.11999928951263	19.2641086578369	1.11999928951263	18.4430160522461	1.11999928951263	25.6891193389893	1.11999928951263	19.5268878936768	1.11999928951263	34.0485153198242	1.11999928951263	18.7947196960449	1.11999928951263	41.9582862854004	1.11999928951263	-7.94433736801148	1.11999928951263	2.00536680221558	1.11999928951263	4.65153884887695	1.11999928951263	5.76954936981201	1.11999928951263	5.44281339645386	1.11999928951263	4.41936302185059	1.11999928951263	5.42809677124023	1.11999928951263	6.70950651168823	1.11999928951263	4.42405843734741	1.11999928951263	0.2645423412323	1.11999928951263	9.5322265625	1.11999928951263	4.87455987930298	1.11999928951263	2.93809962272644	1.11999928951263	3.22502326965332	1.11999928951263	2.95173168182373	1.11999928951263	2.42728090286255	1.11999928951263	4.80983924865723	1.11999928951263	1.26402628421783	1.11999928951263	2.84410500526428	1.11999928951263	5.15839862823486	1.11999928951263	4.23025989532471	1.11999928951263	0.000421353906858712	1.11999928951263	0.00112327525857836	1.11999928951263	0.00123619532678276	1.11999928951263	0.00200287997722626	1.11999928951263	0.00145287066698074	1.11999928951263	0.00190000084694475	1.11999928951263	0.00219215615652502	1.11999928951263	0.00308121112175286	1.11999928951263	0.0138793829828501	1.11999928951263	1.63690619956469E-5
1.12999927997589	0.238375529646873	1.12999927997589	15.1353368759155	1.12999927997589	19.4958057403564	1.12999927997589	18.8174571990967	1.12999927997589	25.9619922637939	1.12999927997589	19.882776260376	1.12999927997589	34.4587020874023	1.12999927997589	19.3679580688477	1.12999927997589	44.5600128173828	1.12999927997589	-7.94100761413574	1.12999927997589	1.95929801464081	1.12999927997589	4.65228700637817	1.12999927997589	5.77153301239014	1.12999927997589	5.46153259277344	1.12999927997589	4.41235065460205	1.12999927997589	5.4362268447876	1.12999927997589	6.72314071655273	1.12999927997589	4.48865556716919	1.12999927997589	0.264542818069458	1.12999927997589	9.44798183441162	1.12999927997589	4.88687324523926	1.12999927997589	2.941650390625	1.12999927997589	3.22880482673645	1.12999927997589	2.9550724029541	1.12999927997589	2.43104982376099	1.12999927997589	4.81539344787598	1.12999927997589	1.26830744743347	1.12999927997589	2.83918619155884	1.12999927997589	5.15839862823486	1.12999927997589	4.25290822982788	1.12999927997589	0.000482836680021137	1.12999927997589	0.00121632358059287	1.12999927997589	0.00133795558940619	1.12999927997589	0.00215437239967287	1.12999927997589	0.00158037000801414	1.12999927997589	0.00205317325890064	1.12999927997589	0.00236295373179018	1.12999927997589	0.00327509292401373	1.12999927997589	0.0150273479521275	1.12999927997589	2.14366245927522E-5
1.13999927043915	0.330819606781006	1.13999927043915	15.3626499176025	1.13999927043915	19.7457981109619	1.13999927043915	19.218879699707	1.13999927043915	26.2579345703125	1.13999927043915	20.2661323547363	1.13999927043915	34.8994064331055	1.13999927043915	19.9749240875244	1.13999927043915	47.3682518005371	1.13999927043915	-7.93669366836548	1.13999927043915	1.91166090965271	1.13999927043915	4.65311574935913	1.13999927043915	5.77368545532227	1.13999927043915	5.48115062713623	1.13999927043915	4.40512657165527	1.13999927043915	5.44503879547119	1.13999927043915	6.73760938644409	1.13999927043915	4.55605697631836	1.13999927043915	0.264543533325195	1.13999927043915	9.35755825042725	1.13999927043915	4.90006351470947	1.13999927043915	2.94550490379334	1.13999927043915	3.23290967941284	1.13999927043915	2.95875191688538	1.13999927043915	2.4350209236145	1.13999927043915	4.82137489318848	1.13999927043915	1.27294516563416	1.13999927043915	2.83410692214966	1.13999927043915	5.15839862823486	1.13999927043915	4.2775444984436	1.13999927043915	0.000549914955627173	1.13999927043915	0.00130923360120505	1.13999927043915	0.00143941724672914	1.13999927043915	0.00230248784646392	1.13999927043915	0.00170922628603876	1.13999927043915	0.00220510852523148	1.13999927043915	0.00253106281161308	1.13999927043915	0.00345535669475794	1.13999927043915	0.0161740146577358	1.13999927043915	2.73780533461832E-5
1.1499992609024	0.435841411352158	1.1499992609024	15.6066732406616	1.1499992609024	20.0140247344971	1.1499992609024	19.6466579437256	1.1499992609024	26.5771903991699	1.1499992609024	20.6767253875732	1.1499992609024	35.3701286315918	1.1499992609024	20.6131114959717	1.1499992609024	50.3827743530273	1.1499992609024	-7.9312310218811	1.1499992609024	1.86288130283356	1.1499992609024	4.65403079986572	1.1499992609024	5.77600860595703	1.1499992609024	5.50154733657837	1.1499992609024	4.39776372909546	1.1499992609024	5.45453643798828	1.1499992609024	6.75285577774048	1.1499992609024	4.62578916549683	1.1499992609024	0.264544010162354	1.1499992609024	9.26108360290527	1.1499992609024	4.91409349441528	1.1499992609024	2.9496591091156	1.1499992609024	3.23733520507812	1.1499992609024	2.96277928352356	1.1499992609024	2.4391713142395	1.1499992609024	4.8277759552002	1.1499992609024	1.27794170379639	1.1499992609024	2.82891058921814	1.1499992609024	5.15839767456055	1.1499992609024	4.30417966842651	1.1499992609024	0.000622749619651586	1.1499992609024	0.00140199181623757	1.1499992609024	0.00154055678285658	1.1499992609024	0.00244708196260035	1.1499992609024	0.00183947291225195	1.1499992609024	0.00235570897348225	1.1499992609024	0.00269633228890598	1.1499992609024	0.00362148229032755	1.1499992609024	0.0173193905502558	1.1499992609024	3.42545426974539E-5
1.15999925136566	0.554491460323334	1.15999925136566	15.8673801422119	1.15999925136566	20.3004264831543	1.15999925136566	20.1001472473145	1.15999925136566	26.9200191497803	1.15999925136566	21.1143093109131	1.15999925136566	35.8703422546387	1.15999925136566	21.2799301147461	1.15999925136566	53.6033515930176	1.15999925136566	-7.92444610595703	1.15999925136566	1.81339454650879	1.15999925136566	4.65503692626953	1.15999925136566	5.77850723266602	1.15999925136566	5.52260112762451	1.15999925136566	4.39034032821655	1.15999925136566	5.46472358703613	1.15999925136566	6.76882839202881	1.15999925136566	4.6973705291748	1.15999925136566	0.264544486999512	1.15999925136566	9.1586799621582	1.15999925136566	4.92892265319824	1.15999925136566	2.95411896705627	1.15999925136566	3.24208116531372	1.15999925136566	2.96716904640198	1.15999925136566	2.44347929954529	1.15999925136566	4.83459377288818	1.15999925136566	1.2832932472229	1.15999925136566	2.82365608215332	1.15999925136566	5.15839719772339	1.15999925136566	4.3328366279602	1.15999925136566	0.000701450102496892	1.15999925136566	0.0014945836737752	1.15999925136566	0.00164135021623224	1.15999925136566	0.00258803064934909	1.15999925136566	0.00197112932801247	1.15999925136566	0.00250487611629069	1.15999925136566	0.0028586215339601	1.15999925136566	0.00377304758876562	1.15999925136566	0.0184634774923325	1.15999925136566	4.21259501308668E-5
1.16999924182892	0.68783563375473	1.16999924182892	16.144739151001	1.16999924182892	20.6049423217773	1.16999924182892	20.5786781311035	1.16999924182892	27.2866706848145	1.16999924182892	21.5786113739014	1.16999924182892	36.3995018005371	1.16999924182892	21.9727191925049	1.16999924182892	57.0297470092773	1.16999924182892	-7.91615533828735	1.16999924182892	1.7636433839798	1.16999924182892	4.6561393737793	1.16999924182892	5.78118276596069	1.16999924182892	5.54418277740479	1.16999924182892	4.38293361663818	1.16999924182892	5.47560501098633	1.16999924182892	6.78546953201294	1.16999924182892	4.77030944824219	1.16999924182892	0.264544725418091	1.16999924182892	9.05050277709961	1.16999924182892	4.94451189041138	1.16999924182892	2.95888185501099	1.16999924182892	3.24714779853821	1.16999924182892	2.97192764282227	1.16999924182892	2.44792318344116	1.16999924182892	4.84181213378906	1.16999924182892	1.28899955749512	1.16999924182892	2.81838893890381	1.16999924182892	5.15839672088623	1.16999924182892	4.36359596252441	1.16999924182892	0.000786073156632483	1.16999924182892	0.00158699357416481	1.16999924182892	0.0017417729832232	1.16999924182892	0.00272523146122694	1.16999924182892	0.00210419856011868	1.16999924182892	0.00265251193195581	1.16999924182892	0.00301779992878437	1.16999924182892	0.00390972942113876	1.16999924182892	0.0196062792092562	1.16999924182892	5.105092714075E-5
1.17999923229218	0.836944878101349	1.17999923229218	16.4387149810791	1.17999923229218	20.9274997711182	1.17999923229218	21.0815696716309	1.17999923229218	27.6774024963379	1.17999923229218	22.0693511962891	1.17999923229218	36.95703125	1.17999923229218	22.6887722015381	1.17999923229218	60.6617317199707	1.17999923229218	-7.90616273880005	1.17999923229218	1.7140702009201	1.17999923229218	4.65734481811523	1.17999923229218	5.78404188156128	1.17999923229218	5.5661678314209	1.17999923229218	4.37562561035156	1.17999923229218	5.48718118667603	1.17999923229218	6.80272436141968	1.17999923229218	4.84411430358887	1.17999923229218	0.264545679092407	1.17999923229218	8.93668746948242	1.17999923229218	4.96081495285034	1.17999923229218	2.96394824981689	1.17999923229218	3.25253248214722	1.17999923229218	2.97706985473633	1.17999923229218	2.45247602462769	1.17999923229218	4.84942436218262	1.17999923229218	1.29505968093872	1.17999923229218	2.81316566467285	1.17999923229218	5.15839672088623	1.17999923229218	4.39641523361206	1.17999923229218	0.000876622390933335	1.17999923229218	0.00167920545209199	1.17999923229218	0.00184180040378124	1.17999923229218	0.00285860523581505	1.17999923229218	0.00223866989836097	1.17999923229218	0.00279851723462343	1.17999923229218	0.00317374849691987	1.17999923229218	0.0040313065983355	1.17999923229218	0.0207478031516075	1.17999923229218	6.10863935435191E-5
1.17999923229218	0.836944878101349	1.17999923229218	16.4387149810791	1.17999923229218	20.9274997711182	1.17999923229218	21.0815696716309	1.17999923229218	27.6774024963379	1.17999923229218	22.0693511962891	1.17999923229218	36.95703125	1.17999923229218	22.6887722015381	1.17999923229218	60.6617317199707	1.17999923229218	-7.90616273880005	1.17999923229218	0.854831099510193	1.17999923229218	4.91887426376343	1.17999923229218	6.1615104675293	1.17999923229218	6.09217691421509	1.17999923229218	4.76018476486206	1.17999923229218	6.10674810409546	1.17999923229218	7.48443841934204	1.17999923229218	5.55041360855103	1.17999923229218	11.0677280426025	1.17999923229218	8.00105285644531	1.17999923229218	2.28646874427795	1.17999923229218	2.244873046875	1.17999923229218	2.37697958946228	1.17999923229218	1.57178592681885	1.17999923229218	1.92580509185791	1.17999923229218	3.57765626907349	1.17999923229218	0.184006690979004	1.17999923229218	0.438783556222916	1.17999923229218	0.836794376373291	1.17999923229218	1.80292975902557	1.17999923229218	0.000876622390933335	1.17999923229218	0.00167920545209199	1.17999923229218	0.00184180040378124	1.17999923229218	0.00285860523581505	1.17999923229218	0.00223866989836097	1.17999923229218	0.00279851723462343	1.17999923229218	0.00317374849691987	1.17999923229218	0.0040313065983355	1.17999923229218	0.0207478031516075	1.17999923229218	6.10863935435191E-5
1.18999922275543	1.00288641452789	1.18999922275543	16.7492713928223	1.18999922275543	21.2680263519287	1.18999922275543	21.6081218719482	1.18999922275543	28.0924663543701	1.18999922275543	22.5862255096436	1.18999922275543	37.5423431396484	1.18999922275543	23.425350189209	1.18999922275543	64.4990768432617	1.18999922275543	-7.89426469802856	1.18999922275543	0.711379826068878	1.18999922275543	4.88606548309326	1.18999922275543	6.12342643737793	1.18999922275543	6.06106042861938	1.18999922275543	4.72580146789551	1.18999922275543	6.0621190071106	1.18999922275543	7.46388292312622	1.18999922275543	5.54452228546143	1.18999922275543	11.2347059249878	1.18999922275543	7.80063819885254	1.18999922275543	2.38848495483398	1.18999922275543	2.27083253860474	1.18999922275543	2.40784978866577	1.18999922275543	1.61063706874847	1.18999922275543	1.94640171527863	1.18999922275543	3.61555767059326	1.18999922275543	0.213922739028931	1.18999922275543	0.503853797912598	1.18999922275543	0.936444759368897	1.18999922275543	1.92651879787445	1.18999922275543	0.00104969926178455	1.18999922275543	0.00173888856079429	1.18999922275543	0.0019019398605451	1.18999922275543	0.00291932071559131	1.18999922275543	0.0023191743530333	1.18999922275543	0.00287621561437845	1.18999922275543	0.0032298294827342	1.18999922275543	0.00402909750118852	1.18999922275543	0.02073766104877	1.18999922275543	7.93048602645285E-5
1.19999921321869	1.20740926265717	1.19999921321869	17.0676422119141	1.19999921321869	21.6157894134521	1.19999921321869	22.1390628814697	1.19999921321869	28.517162322998	1.19999921321869	23.1109371185303	1.19999921321869	38.1287574768066	1.19999921321869	24.1503887176514	1.19999921321869	68.2309417724609	1.19999921321869	-7.87834930419922	1.19999921321869	0.58741956949234	1.19999921321869	4.85487079620361	1.19999921321869	6.08701372146606	1.19999921321869	6.03155755996704	1.19999921321869	4.69281101226807	1.19999921321869	6.02043533325195	1.19999921321869	7.44337844848633	1.19999921321869	5.53754758834839	1.19999921321869	11.3638477325439	1.19999921321869	7.60493564605713	1.19999921321869	2.49063205718994	1.19999921321869	2.29716396331787	1.19999921321869	2.43915152549744	1.19999921321869	1.65047550201416	1.19999921321869	1.96695566177368	1.19999921321869	3.65412497520447	1.19999921321869	0.244750022888184	1.19999921321869	0.570605516433716	1.19999921321869	1.03966522216797	1.19999921321869	2.05189418792725	1.19999921321869	0.00129647098947316	1.19999921321869	0.00178523547947407	1.19999921321869	0.00194393156562001	1.19999921321869	0.00294424570165575	1.19999921321869	0.002371980343014	1.19999921321869	0.00291995354928076	1.19999921321869	0.00322901806794107	1.19999921321869	0.00396389653906226	1.19999921321869	0.0199256613850594	1.19999921321869	0.000104637649201322
1.20999920368195	1.46298360824585	1.20999920368195	17.3931560516357	1.20999920368195	21.9694747924805	1.20999920368195	22.671272277832	1.20999920368195	28.9488716125488	1.20999920368195	23.6404666900635	1.20999920368195	38.709903717041	1.20999920368195	24.858024597168	1.20999920368195	71.7444839477539	1.20999920368195	-7.85723447799683	1.20999920368195	0.489024311304092	1.20999920368195	4.82626485824585	1.20999920368195	6.05339765548706	1.20999920368195	6.00518369674683	1.20999920368195	4.66211462020874	1.20999920368195	5.98355436325073	1.20999920368195	7.42368793487549	1.20999920368195	5.53092622756958	1.20999920368195	11.4551239013672	1.20999920368195	7.41527080535889	1.20999920368195	2.58899164199829	1.20999920368195	2.32288217544556	1.20999920368195	2.46969819068909	1.20999920368195	1.68959617614746	1.20999920368195	1.98674416542053	1.20999920368195	3.69175815582275	1.20999920368195	0.275224924087524	1.20999920368195	0.636026859283447	1.20999920368195	1.14173698425293	1.20999920368195	2.17518138885498	1.20999920368195	0.00153120805043727	1.20999920368195	0.00184735667426139	1.20999920368195	0.00200403621420264	1.20999920368195	0.00299709639512002	1.20999920368195	0.00244942586869001	1.20999920368195	0.00299164233729243	1.20999920368195	0.00326424976810813	1.20999920368195	0.00393642019480467	1.20999920368195	0.0194809585809708	1.20999920368195	0.000129564083181322
1.2199991941452	1.75972759723663	1.2199991941452	17.7312717437744	1.2199991941452	22.3356113433838	1.2199991941452	23.2155075073242	1.2199991941452	29.3967380523682	1.2199991941452	24.1854133605957	1.2199991941452	39.3006401062012	1.2199991941452	25.5641078948975	1.2199991941452	75.2110366821289	1.2199991941452	-7.83166933059692	1.2199991941452	0.406988233327866	1.2199991941452	4.79885196685791	1.2199991941452	6.02099323272705	1.2199991941452	5.97999906539917	1.2199991941452	4.63247346878052	1.2199991941452	5.94906282424927	1.2199991941452	7.40392732620239	1.2199991941452	5.52307462692261	1.2199991941452	11.5172538757324	1.2199991941452	7.22685766220093	1.2199991941452	2.68779397010803	1.2199991941452	2.34902620315552	1.2199991941452	2.50072813034058	1.2199991941452	1.72965669631958	1.2199991941452	2.00656270980835	1.2199991941452	3.73006081581116	1.2199991941452	0.306555509567261	1.2199991941452	0.702976524829864	1.2199991941452	1.24688911437988	1.2199991941452	2.30085110664368	1.2199991941452	0.00177606614306569	1.2199991941452	0.00191397196613252	1.2199991941452	0.00206862716004252	1.2199991941452	0.00305426795966923	1.2199991941452	0.0025325333699584	1.2199991941452	0.0030682641081512	1.2199991941452	0.00330311991274357	1.2199991941452	0.00391026446595788	1.2199991941452	0.0190258491784334	1.2199991941452	0.00015635609452147
1.22999918460846	2.10145688056946	1.22999918460846	18.0817813873291	1.22999918460846	22.7137775421143	1.22999918460846	23.7704200744629	1.22999918460846	29.8600749969482	1.22999918460846	24.7445964813232	1.22999918460846	39.8987007141113	1.22999918460846	26.2656002044678	1.22999918460846	78.5947265625	1.22999918460846	-7.80111455917358	1.22999918460846	0.343010365962982	1.22999918460846	4.77296590805054	1.22999918460846	5.99019575119018	1.22999918460846	5.95644092559814	1.22999918460846	4.60424566268921	1.22999918460846	5.91756200790405	1.22999918460846	7.38437557220459	1.22999918460846	5.51427936553955	1.22999918460846	11.5514545440674	1.22999918460846	7.04016590118408	1.22999918460846	2.78554248809814	1.22999918460846	2.37521576881409	1.22999918460846	2.53178858757019	1.22999918460846	1.7700047492981	1.22999918460846	2.02612328529358	1.22999918460846	3.76840567588806	1.22999918460846	0.338244676589966	1.22999918460846	0.770302057266235	1.22999918460846	1.3532452583313	1.22999918460846	2.42745637893677	1.22999918460846	0.00202963873744011	1.22999918460846	0.00198499904945493	1.22999918460846	0.00213764561340213	1.22999918460846	0.00311572174541652	1.22999918460846	0.00262121786363423	1.22999918460846	0.00314964889548719	1.22999918460846	0.0033457251265645	1.22999918460846	0.00388584355823696	1.22999918460846	0.0185637678951025	1.22999918460846	0.000185024910024367
1.23999917507172	2.48961329460144	1.23999917507172	18.4454727172852	1.23999917507172	23.1047649383545	1.23999917507172	24.3367824554443	1.23999917507172	30.3398742675781	1.23999917507172	25.3188571929932	1.23999917507172	40.504768371582	1.23999917507172	26.9628562927246	1.23999917507172	81.8946151733398	1.23999917507172	-7.76522922515869	1.23999917507172	0.296872496604919	1.23999917507172	4.74863052368164	1.23999917507172	5.96103715896606	1.23999917507172	5.93452930450439	1.23999917507172	4.57750034332275	1.23999917507172	5.88910961151123	1.23999917507172	7.36509561538696	1.23999917507172	5.5045166015625	1.23999917507172	11.5601778030396	1.23999917507172	6.85474920272827	1.23999917507172	2.88177967071533	1.23999917507172	2.40133047103882	1.23999917507172	2.56272912025452	1.23999917507172	1.81039714813232	1.23999917507172	2.0453405380249	1.23999917507172	3.80658292770386	1.23999917507172	0.370099782943726	1.23999917507172	0.837579607963562	1.23999917507172	1.46003866195679	1.23999917507172	2.55457210540771	1.23999917507172	0.00228967308066785	1.23999917507172	0.0020601584110409	1.23999917507172	0.00221083918586373	1.23999917507172	0.00318113574758172	1.23999917507172	0.00271517271175981	1.23999917507172	0.00323532451875508	1.23999917507172	0.00339199928566813	1.23999917507172	0.00386332138441503	1.23999917507172	0.0180985927581787	1.23999917507172	0.000215550826396793
1.24999916553497	2.92515778541565	1.24999916553497	18.8230648040771	1.24999916553497	23.5093040466309	1.24999916553497	24.9152736663818	1.24999916553497	30.837064743042	1.24999916553497	25.9089279174805	1.24999916553497	41.1194915771484	1.24999916553497	27.6562271118164	1.24999916553497	85.1104965209961	1.24999916553497	-7.72368288040161	1.24999916553497	0.268179059028626	1.24999916553497	4.72585296630859	1.24999916553497	5.93353748321533	1.24999916553497	5.91425323486328	1.24999916553497	4.55229234695435	1.24999916553497	5.8637204170227	1.24999916553497	7.34613418579102	1.24999916553497	5.49374866485596	1.24999916553497	11.545919418335	1.24999916553497	6.67018032073975	1.24999916553497	2.97612738609314	1.24999916553497	2.42726469039917	1.24999916553497	2.59342050552368	1.24999916553497	1.85062575340271	1.24999916553497	2.06413388252258	1.24999916553497	3.84439849853516	1.24999916553497	0.401954889297485	1.24999916553497	0.904445052146912	1.24999916553497	1.56658458709717	1.24999916553497	2.6818425655365	1.24999916553497	0.00255405879579484	1.24999916553497	0.00213919160887599	1.24999916553497	0.00228797644376755	1.24999916553497	0.00325022009201348	1.24999916553497	0.00281410571187735	1.24999916553497	0.00332484906539321	1.24999916553497	0.00344188488088548	1.24999916553497	0.00384289887733758	1.24999916553497	0.0176337752491236	1.24999916553497	0.00024792313342914
1.25999915599823	3.40868330001831	1.25999915599823	19.2152347564697	1.25999915599823	23.9280834197998	1.25999915599823	25.5065307617187	1.25999915599823	31.3525085449219	1.25999915599823	26.5154571533203	1.25999915599823	41.743522644043	1.25999915599823	28.3461112976074	1.25999915599823	88.2427444458008	1.25999915599823	-7.67614316940308	1.25999915599823	0.256401151418686	1.25999915599823	4.70462036132812	1.25999915599823	5.90769052505493	1.25999915599823	5.89557313919067	1.25999915599823	4.52865695953369	1.25999915599823	5.84137153625488	1.25999915599823	7.32752752304077	1.25999915599823	5.48192644119263	1.25999915599823	11.5111484527588	1.25999915599823	6.48603773117065	1.25999915599823	3.06827425956726	1.25999915599823	2.45293092727661	1.25999915599823	2.6237587928772	1.25999915599823	1.89051246643066	1.25999915599823	2.08244180679321	1.25999915599823	3.88168883323669	1.25999915599823	0.433660984039307	1.25999915599823	0.970587015151978	1.25999915599823	1.67228746414185	1.25999915599823	2.80905675888062	1.25999915599823	0.00282074511051178	1.25999915599823	0.00222184089943767	1.25999915599823	0.00236882385797799	1.25999915599823	0.00332269025966525	1.25999915599823	0.00291771511547267	1.25999915599823	0.0034177815541625	1.25999915599823	0.00349531625397503	1.25999915599823	0.00382478628307581	1.25999915599823	0.0171724110841751	1.25999915599823	0.000282135355519131
1.26999914646149	3.9404194355011	1.26999914646149	19.6226043701172	1.26999914646149	24.3617477416992	1.26999914646149	26.1111373901367	1.26999914646149	31.8870220184326	1.26999914646149	27.1390228271484	1.26999914646149	42.3774871826172	1.26999914646149	29.0329456329346	1.26999914646149	91.2922592163086	1.26999914646149	-7.62228012084961	1.26999914646149	0.2608982026577	1.26999914646149	4.68490839004517	1.26999914646149	5.88347864151001	1.26999914646149	5.87842798233032	1.26999914646149	4.50661754608154	1.26999914646149	5.82200717926025	1.26999914646149	7.30930328369141	1.26999914646149	5.46900177001953	1.26999914646149	11.4582710266113	1.26999914646149	6.3019437789917	1.26999914646149	3.15797710418701	1.26999914646149	2.47826075553894	1.26999914646149	2.65365219116211	1.26999914646149	1.92990863323212	1.26999914646149	2.1002082824707	1.26999914646149	3.91831922531128	1.26999914646149	0.465088367462158	1.26999914646149	1.03575623035431	1.26999914646149	1.77662897109985	1.26999914646149	2.93601083755493	1.26999914646149	0.00308775366283953	1.26999914646149	0.00230785156600177	1.26999914646149	0.00245315069332719	1.26999914646149	0.0033982708118856	1.26999914646149	0.00302569451741874	1.26999914646149	0.0035136875230819	1.26999914646149	0.00355222309008241	1.26999914646149	0.00380920455791056	1.26999914646149	0.016717255115509	1.26999914646149	0.000318185106152669
1.27999913692474	4.52024602890015	1.27999913692474	20.0457592010498	1.27999913692474	24.810905456543	1.27999913692474	26.7296276092529	1.27999913692474	32.4413681030273	1.27999913692474	27.7801189422607	1.27999913692474	43.0220108032227	1.27999913692474	29.7171974182129	1.27999913692474	94.2604064941406	1.27999913692474	-7.56176233291626	1.27999913692474	0.280932545661926	1.27999913692474	4.66668272018433	1.27999913692474	5.86086940765381	1.27999913692474	5.86274576187134	1.27999913692474	4.48618841171265	1.27999913692474	5.80554151535034	1.27999913692474	7.29147529602051	1.27999913692474	5.45492172241211	1.27999913692474	11.3895854949951	1.27999913692474	6.11754655838013	1.27999913692474	3.24505686759949	1.27999913692474	2.50319910049438	1.27999913692474	2.68304014205933	1.27999913692474	1.96868622303009	1.27999913692474	2.11739349365234	1.27999913692474	3.95417928695679	1.27999913692474	0.496134996414185	1.27999913692474	1.09974420070648	1.27999913692474	1.87917566299438	1.27999913692474	3.06257748603821	1.27999913692474	0.00335319177247584	1.27999913692474	0.00239697471261024	1.27999913692474	0.0025407294742763	1.27999913692474	0.00347669911570847	1.27999913692474	0.00313773448579013	1.27999913692474	0.0036121429875493	1.27999913692474	0.00361252971924841	1.27999913692474	0.00379638513550162	1.27999913692474	0.0162707269191742	1.27999913692474	0.000356073607690632
1.289999127388	5.14770984649658	1.289999127388	20.485237121582	1.289999127388	25.2761173248291	1.289999127388	27.3624935150146	1.289999127388	33.016242980957	1.289999127388	28.4391651153564	1.289999127388	43.6776924133301	1.289999127388	30.399393081665	1.289999127388	97.1489486694336	1.289999127388	-7.49425840377808	1.289999127388	0.315687566995621	1.289999127388	4.64989757537842	1.289999127388	5.83982229232788	1.289999127388	5.84843683242798	1.289999127388	4.46737003326416	1.289999127388	5.79186820983887	1.289999127388	7.27404928207398	1.289999127388	5.43964242935181	1.289999127388	11.3072681427002	1.289999127388	5.93253231048584	1.289999127388	3.32939410209656	1.289999127388	2.5277099609375	1.289999127388	2.71186923980713	1.289999127388	2.00674891471863	1.289999127388	2.13396453857422	1.289999127388	3.98918342590332	1.289999127388	0.526715517044067	1.289999127388	1.16240048408508	1.289999127388	1.97957181930542	1.289999127388	3.18866658210754	1.289999127388	0.00361526082269847	1.289999127388	0.00248896749690175	1.289999127388	0.00263133854605258	1.289999127388	0.00355772557668388	1.289999127388	0.00325352349318564	1.289999127388	0.00371273839846253	1.289999127388	0.00367615930736065	1.289999127388	0.00378657015971839	1.289999127388	0.0158349275588989	1.289999127388	0.000395805458538234
1.29999911785126	5.82204389572144	1.29999911785126	20.9415302276611	1.29999911785126	25.7579116821289	1.29999911785126	28.0101757049561	1.29999911785126	33.6122970581055	1.29999911785126	29.116512298584	1.29999911785126	44.3451271057129	1.29999911785126	31.0800933837891	1.29999911785126	99.9600143432617	1.29999911785126	-7.41943740844727	1.29999911785126	0.364281594753265	1.29999911785126	4.63450479507446	1.29999911785126	5.82028675079346	1.29999911785126	5.8354024887085	1.29999911785126	4.45015382766724	1.29999911785126	5.7808575630188	1.29999911785126	7.25702953338623	1.29999911785126	5.42312574386597	1.29999911785126	11.2133407592773	1.29999911785126	5.74664211273193	1.29999911785126	3.41091847419739	1.29999911785126	2.55176258087158	1.29999911785126	2.74010562896729	1.29999911785126	2.04403162002563	1.29999911785126	2.14990019798279	1.29999911785126	4.02327060699463	1.29999911785126	0.556762218475342	1.29999911785126	1.22360825538635	1.29999911785126	2.07753324508667	1.29999911785126	3.31427764892578	1.29999911785126	0.00387226650491357	1.29999911785126	0.00258359638974071	1.29999911785126	0.00272476207464933	1.29999911785126	0.00364111852832139	1.29999911785126	0.00337275140918791	1.29999911785126	0.00381508097052574	1.29999911785126	0.00374303525313735	1.29999911785126	0.0037800099235028	1.29999911785126	0.0154116610065103	1.29999911785126	0.000437388138379902
1.30999910831451	6.54218244552612	1.30999910831451	21.4150943756104	1.30999910831451	26.256778717041	1.30999910831451	28.6730823516846	1.30999910831451	34.2301216125488	1.30999910831451	29.8124370574951	1.30999910831451	45.0248908996582	1.30999910831451	31.7599048614502	1.30999910831451	102.696022033691	1.30999910831451	-7.33696508407593	1.30999910831451	0.425778120756149	1.30999910831451	4.62044763565063	1.30999910831451	5.80221128463745	1.30999910831451	5.82354259490967	1.30999910831451	4.43452787399292	1.30999910831451	5.77236890792847	1.30999910831451	7.24041557312012	1.30999910831451	5.40534830093384	1.30999910831451	11.1096687316895	1.30999910831451	5.55965185165405	1.30999910831451	3.48961710929871	1.30999910831451	2.57534718513489	1.30999910831451	2.767733335495	1.30999910831451	2.08047676086426	1.30999910831451	2.1651873588562	1.30999910831451	4.05640268325806	1.30999910831451	0.586224317550659	1.30999910831451	1.28329634666443	1.30999910831451	2.17284345626831	1.30999910831451	3.43942856788635	1.30999910831451	0.00412262417376041	1.30999910831451	0.00268063484691083	1.30999910831451	0.00282079237513244	1.30999910831451	0.00372666376642883	1.30999910831451	0.00349511089734733	1.30999910831451	0.00391879817470908	1.30999910831451	0.00381307955831289	1.30999910831451	0.00377696240320802	1.30999910831451	0.0150024592876434	1.30999910831451	0.000480831484310329
1.31999909877777	7.30678701400757	1.31999909877777	21.9063415527344	1.31999909877777	26.7731647491455	1.31999909877777	29.3515796661377	1.31999909877777	34.8702545166016	1.31999909877777	30.5271549224854	1.31999909877777	45.7175521850586	1.31999909877777	32.4394874572754	1.31999909877777	105.359642028809	1.31999909877777	-7.24650526046753	1.31999909877777	0.499199390411377	1.31999909877777	4.60767221450806	1.31999909877777	5.78553867340088	1.31999909877777	5.81274890899658	1.31999909877777	4.42046976089478	1.31999909877777	5.76624441146851	1.31999909877777	7.22420406341553	1.31999909877777	5.38630151748657	1.31999909877777	10.997953414917	1.31999909877777	5.37140321731567	1.31999909877777	3.5655038356781	1.31999909877777	2.59845972061157	1.31999909877777	2.79474759101868	1.31999909877777	2.11606431007385	1.31999909877777	2.17981863021851	1.31999909877777	4.08856105804443	1.31999909877777	0.615069627761841	1.31999909877777	1.34142160415649	1.31999909877777	2.26534533500671	1.31999909877777	3.56418132781982	1.31999909877777	0.00436486583203077	1.31999909877777	0.00277986703440547	1.31999909877777	0.00291922898031771	1.31999909877777	0.00381416501477361	1.31999909877777	0.00362029741518199	1.31999909877777	0.00402353890240192	1.31999909877777	0.00388621538877487	1.31999909877777	0.00377768813632429	1.31999909877777	0.0146085964515805	1.31999909877777	0.000526147370692343
1.32999908924103	8.11426544189453	1.32999908924103	22.4156494140625	1.32999908924103	27.3074855804443	1.32999908924103	30.0460052490234	1.32999908924103	35.5331764221191	1.32999908924103	31.2608203887939	1.32999908924103	46.4236526489258	1.32999908924103	33.1195335388184	1.32999908924103	107.953735351562	1.32999908924103	-7.14772081375122	1.32999908924103	0.583534061908722	1.32999908924103	4.59611892700195	1.32999908924103	5.77020931243896	1.32999908924103	5.80291986465454	1.32999908924103	4.40795421600342	1.32999908924103	5.76232290267944	1.32999908924103	7.20839166641235	1.32999908924103	5.36599540710449	1.32999908924103	10.8797206878662	1.32999908924103	5.18178224563599	1.32999908924103	3.63864660263062	1.32999908924103	2.62111020088196	1.32999908924103	2.82115316390991	1.32999908924103	2.15077567100525	1.32999908924103	2.19379663467407	1.32999908924103	4.11973476409912	1.32999908924103	0.643276929855347	1.32999908924103	1.39796650409698	1.32999908924103	2.35493779182434	1.32999908924103	3.68863010406494	1.32999908924103	0.00459764106199145	1.32999908924103	0.00288108619861305	1.32999908924103	0.00301987957209349	1.32999908924103	0.00390344555489719	1.32999908924103	0.00374801154248416	1.32999908924103	0.00412897579371929	1.32999908924103	0.00396236591041088	1.32999908924103	0.00378244812600315	1.32999908924103	0.0142311183735728	1.32999908924103	0.000573348894249648
1.33999907970428	8.96279048919678	1.33999907970428	22.9433536529541	1.33999907970428	27.8601226806641	1.33999907970428	30.7566623687744	1.33999907970428	36.2193145751953	1.33999907970428	32.0135231018066	1.33999907970428	47.1437339782715	1.33999907970428	33.8008003234863	1.33999907970428	110.481376647949	1.33999907970428	-7.04026985168457	1.33999907970428	0.67774623632431	1.33999907970428	4.58573198318481	1.33999907970428	5.75616979598999	1.33999907970428	5.79395532608032	1.33999907970428	4.39695072174072	1.33999907970428	5.76043176651001	1.33999907970428	7.19297361373901	1.33999907970428	5.3444561958313	1.33999907970428	10.7563323974609	1.33999907970428	4.99072313308716	1.33999907970428	3.7091281414032	1.33999907970428	2.64330792427063	1.33999907970428	2.84696698188782	1.33999907970428	2.18461775779724	1.33999907970428	2.2071259021759	1.33999907970428	4.14994239807129	1.33999907970428	0.670839309692383	1.33999907970428	1.45294773578644	1.33999907970428	2.44156193733215	1.33999907970428	3.81285524368286	1.33999907970428	0.00481972424313426	1.33999907970428	0.00298409536480904	1.33999907970428	0.00312256114557385	1.33999907970428	0.00399434519931674	1.33999907970428	0.00387795898132026	1.33999907970428	0.00423480523750186	1.33999907970428	0.00404145568609238	1.33999907970428	0.00379149988293648	1.33999907970428	0.0138708669692278	1.33999907970428	0.000622450083028525
1.34999907016754	9.85032844543457	1.34999907016754	23.4897613525391	1.34999907016754	28.4314250946045	1.34999907016754	31.4838256835937	1.34999907016754	36.9290390014648	1.34999907016754	32.7853164672852	1.34999907016754	47.8783149719238	1.34999907016754	34.4840850830078	1.34999907016754	112.945709228516	1.34999907016754	-6.92380952835083	1.34999907016754	0.780781269073486	1.34999907016754	4.57645511627197	1.34999907016754	5.74336338043213	1.34999907016754	5.78575611114502	1.34999907016754	4.38742446899414	1.34999907016754	5.76039886474609	1.34999907016754	7.17794799804687	1.34999907016754	5.3217339515686	1.34999907016754	10.6289901733398	1.34999907016754	4.79821395874023	1.34999907016754	3.77706122398376	1.34999907016754	2.66507935523987	1.34999907016754	2.87220907211304	1.34999907016754	2.21760821342468	1.34999907016754	2.21981716156006	1.34999907016754	4.17920398712158	1.34999907016754	0.69775915145874	1.34999907016754	1.50638914108276	1.34999907016754	2.52520561218262	1.34999907016754	3.93701434135437	1.34999907016754	0.00503001362085342	1.34999907016754	0.00308870687149465	1.34999907016754	0.00322709674946964	1.34999907016754	0.00408672261983156	1.34999907016754	0.00400985265150666	1.34999907016754	0.00434074876829982	1.34999907016754	0.00412341021001339	1.34999907016754	0.00380509300157428	1.34999907016754	0.0135284997522831	1.34999907016754	0.000673465372528881
1.3599990606308	10.774658203125	1.3599990606308	24.0551433563232	1.3599990606308	29.0217132568359	1.3599990606308	32.2277526855469	1.3599990606308	37.6626853942871	1.3599990606308	33.5761871337891	1.3599990606308	48.6279029846191	1.3599990606308	35.1702270507812	1.3599990606308	115.350021362305	1.3599990606308	-6.7979941368103	1.3599990606308	0.891573905944824	1.3599990606308	4.56823587417603	1.3599990606308	5.7317361831665	1.3599990606308	5.77823066711426	1.3599990606308	4.37934160232544	1.3599990606308	5.76204967498779	1.3599990606308	7.1633129119873	1.3599990606308	5.29789924621582	1.3599990606308	10.4987440109253	1.3599990606308	4.60429239273071	1.3599990606308	3.84257435798645	1.3599990606308	2.68644571304321	1.3599990606308	2.89691019058228	1.3599990606308	2.24977421760559	1.3599990606308	2.23188877105713	1.3599990606308	4.20755958557129	1.3599990606308	0.72404956817627	1.3599990606308	1.5583348274231	1.3599990606308	2.60589098930359	1.3599990606308	4.06121969223022	1.3599990606308	0.00522753410041332	1.3599990606308	0.00319474190473557	1.3599990606308	0.00333331828005612	1.3599990606308	0.00418045232072473	1.3599990606308	0.00414341175928712	1.3599990606308	0.00444655260071158	1.3599990606308	0.00420815497636795	1.3599990606308	0.00382346496917307	1.3599990606308	0.0132045149803162	1.3599990606308	0.000726409023627639
1.36999905109406	11.7333908081055	1.36999905109406	24.639741897583	1.36999905109406	29.6312694549561	1.36999905109406	32.9886703491211	1.36999905109406	38.4205207824707	1.36999905109406	34.3860893249512	1.36999905109406	49.3929977416992	1.36999905109406	35.8601036071777	1.36999905109406	117.697685241699	1.36999905109406	-6.66247510910034	1.36999905109406	1.00905561447144	1.36999905109406	4.56102180480957	1.36999905109406	5.72124195098877	1.36999905109406	5.77130174636841	1.36999905109406	4.37266397476196	1.36999905109406	5.76521062850952	1.36999905109406	7.14907550811768	1.36999905109406	5.27304363250732	1.36999905109406	10.3664894104004	1.36999905109406	4.40904378890991	1.36999905109406	3.90581774711609	1.36999905109406	2.7074408531189	1.36999905109406	2.92110419273376	1.36999905109406	2.28115272521973	1.36999905109406	2.24335885047913	1.36999905109406	4.23504877090454	1.36999905109406	0.749726295471191	1.36999905109406	1.60883820056915	1.36999905109406	2.68366622924805	1.36999905109406	4.1856517791748	1.36999905109406	0.00541143771260977	1.36999905109406	0.00330203049816191	1.36999905109406	0.00344106485135853	1.36999905109406	0.00427542440593243	1.36999905109406	0.00427836226299405	1.36999905109406	0.00455198856070638	1.36999905109406	0.00429561547935009	1.36999905109406	0.00384683604352176	1.36999905109406	0.0128992702811956	1.36999905109406	0.000781294598709792
1.37999904155731	12.7240009307861	1.37999904155731	25.2437629699707	1.37999904155731	30.2603569030762	1.37999904155731	33.7667961120605	1.37999904155731	39.2027702331543	1.37999904155731	35.2149353027344	1.37999904155731	50.1740798950195	1.37999904155731	36.5546379089355	1.37999904155731	119.992080688477	1.37999904155731	-6.51690244674683	1.37999904155731	1.13215208053589	1.37999904155731	4.55476713180542	1.37999904155731	5.71183252334595	1.37999904155731	5.76489019393921	1.37999904155731	4.36734771728516	1.37999904155731	5.76970863342285	1.37999904155731	7.13524055480957	1.37999904155731	5.24728393554687	1.37999904155731	10.2329978942871	1.37999904155731	4.21259212493897	1.37999904155731	3.96694755554199	1.37999904155731	2.7280912399292	1.37999904155731	2.94482636451721	1.37999904155731	2.31178760528564	1.37999904155731	2.25424814224243	1.37999904155731	4.26172256469727	1.37999904155731	0.774820804595947	1.37999904155731	1.65795886516571	1.37999904155731	2.75860810279846	1.37999904155731	4.31046199798584	1.37999904155731	0.0055810040794313	1.37999904155731	0.00341041176579893	1.37999904155731	0.00355018163099885	1.37999904155731	0.0043715420179069	1.37999904155731	0.00441443873569369	1.37999904155731	0.00465685408562422	1.37999904155731	0.00438571581616998	1.37999904155731	0.00387540576048195	1.37999904155731	0.0126130059361458	1.37999904155731	0.000838134670630097
1.38999903202057	13.7438430786133	1.38999903202057	25.8673896789551	1.38999903202057	30.9092121124268	1.38999903202057	34.5623245239258	1.38999903202057	40.0096168518066	1.38999903202057	36.0626068115234	1.38999903202057	50.9716186523438	1.38999903202057	37.2547836303711	1.38999903202057	122.23664855957	1.38999903202057	-6.36092233657837	1.38999903202057	1.25980067253113	1.38999903202057	4.54942750930786	1.38999903202057	5.70346975326538	1.38999903202057	5.75892925262451	1.38999903202057	4.36335420608521	1.38999903202057	5.77537679672241	1.38999903202057	7.12181758880615	1.38999903202057	5.22074842453003	1.38999903202057	10.0989074707031	1.38999903202057	4.0150899887085	1.38999903202057	4.026123046875	1.38999903202057	2.74843645095825	1.38999903202057	2.96811699867249	1.38999903202057	2.34173250198364	1.38999903202057	2.26458072662354	1.38999903202057	4.28764057159424	1.38999903202057	0.79935884475708	1.38999903202057	1.70576620101929	1.38999903202057	2.83081078529358	1.38999903202057	4.43571758270264	1.38999903202057	0.0057356390170753	1.38999903202057	0.00351973064243793	1.38999903202057	0.00366052030585706	1.38999903202057	0.00446872087195516	1.38999903202057	0.00455138459801674	1.38999903202057	0.00476096943020821	1.38999903202057	0.00447837868705392	1.38999903202057	0.00390934711322188	1.38999903202057	0.0123458607122302	1.38999903202057	0.000896940298844129
1.39999902248383	14.7901754379272	1.39999902248383	26.5107803344727	1.39999902248383	31.5780372619629	1.39999902248383	35.3754425048828	1.39999902248383	40.8411903381348	1.39999902248383	36.928955078125	1.39999902248383	51.7860679626465	1.39999902248383	37.9615211486816	1.39999902248383	124.434860229492	1.39999902248383	-6.19418048858643	1.39999902248383	1.39094471931458	1.39999902248383	4.54496383666992	1.39999902248383	5.69611549377441	1.39999902248383	5.75336837768555	1.39999902248383	4.36064052581787	1.39999902248383	5.78205108642578	1.39999902248383	7.10881996154785	1.39999902248383	5.1935920715332	1.39999902248383	9.96474170684814	1.39999902248383	3.81673955917358	1.39999902248383	4.08352041244507	1.39999902248383	2.76850891113281	1.39999902248383	2.99101638793945	1.39999902248383	2.37103462219238	1.39999902248383	2.27438163757324	1.39999902248383	4.31286430358887	1.39999902248383	0.823379039764404	1.39999902248383	1.75232493877411	1.39999902248383	2.90038585662842	1.39999902248383	4.56158542633057	1.39999902248383	0.00587487313896418	1.39999902248383	0.00362984044477344	1.39999902248383	0.00377193768508732	1.39999902248383	0.00456688879057765	1.39999902248383	0.00468894885852933	1.39999902248383	0.00486417999491096	1.39999902248383	0.00457352446392179	1.39999902248383	0.00394880538806319	1.39999902248383	0.0120978904888034	1.39999902248383	0.000957720854785293
1.40999901294708	15.860182762146	1.40999901294708	27.1740627288818	1.40999901294708	32.2670135498047	1.40999901294708	36.2063179016113	1.40999901294708	41.6975860595703	1.40999901294708	37.813793182373	1.40999901294708	52.6178703308105	1.40999901294708	38.6758575439453	1.40999901294708	126.590171813965	1.40999901294708	-6.01632022857666	1.40999901294708	1.52454447746277	1.40999901294708	4.54133892059326	1.40999901294708	5.68973875045776	1.40999901294708	5.74815607070923	1.40999901294708	4.35916233062744	1.40999901294708	5.78957509994507	1.40999901294708	7.09626770019531	1.40999901294708	5.16598701477051	1.40999901294708	9.83092212677002	1.40999901294708	3.61777114868164	1.40999901294708	4.13930320739746	1.40999901294708	2.78834295272827	1.40999901294708	3.01356363296509	1.40999901294708	2.39975523948669	1.40999901294708	2.28367686271667	1.40999901294708	4.33745574951172	1.40999901294708	0.84691309928894	1.40999901294708	1.79770410060883	1.40999901294708	2.96745681762695	1.40999901294708	4.68816518783569	1.40999901294708	0.00599836278706789	1.40999901294708	0.00374059984460473	1.40999901294708	0.00388429570011795	1.40999901294708	0.00466598011553287	1.40999901294708	0.0048268917016685	1.40999901294708	0.00496635399758816	1.40999901294708	0.0046710716560483	1.40999901294708	0.00399389117956161	1.40999901294708	0.0118690812960267	1.40999901294708	0.00102048343978822
1.41999900341034	16.9510040283203	1.41999900341034	27.8573379516602	1.41999900341034	32.9762992858887	1.41999900341034	37.0551147460937	1.41999900341034	42.5788383483887	1.41999900341034	38.7169342041016	1.41999900341034	53.4674415588379	1.41999900341034	39.3988151550293	1.41999900341034	128.705993652344	1.41999900341034	-5.82698488235474	1.41999900341034	1.65958106517792	1.41999900341034	4.53851985931396	1.41999900341034	5.6843090057373	1.41999900341034	5.74325895309448	1.41999900341034	4.35887479782105	1.41999900341034	5.79779720306397	1.41999900341034	7.08417701721191	1.41999900341034	5.13811779022217	1.41999900341034	9.69777774810791	1.41999900341034	3.41843605041504	1.41999900341034	4.19363594055176	1.41999900341034	2.8079731464386	1.41999900341034	3.03580260276794	1.41999900341034	2.42794704437256	1.41999900341034	2.29249620437622	1.41999900341034	4.36147975921631	1.41999900341034	0.870003700256348	1.41999900341034	1.84197187423706	1.41999900341034	3.03215360641479	1.41999900341034	4.8155665397644	1.41999900341034	0.00610588397830725	1.41999900341034	0.00385187403298914	1.41999900341034	0.00399746047332883	1.41999900341034	0.00476593803614378	1.41999900341034	0.0049649802967906	1.41999900341034	0.00506738107651472	1.41999900341034	0.00477093318477273	1.41999900341034	0.00404467852786183	1.41999900341034	0.0116593670099974	1.41999900341034	0.00108523271046579
1.4299989938736	18.0597400665283	1.4299989938736	28.5606899261475	1.4299989938736	33.7060241699219	1.4299989938736	37.9219818115234	1.4299989938736	43.4849624633789	1.4299989938736	39.6381568908691	1.4299989938736	54.3351936340332	1.4299989938736	40.1314315795898	1.4299989938736	130.78581237793	1.4299989938736	-5.62581586837769	1.4299989938736	1.79505753517151	1.4299989938736	4.53647708892822	1.4299989938736	5.67980718612671	1.4299989938736	5.73864841461182	1.4299989938736	4.35973310470581	1.4299989938736	5.80657196044922	1.4299989938736	7.07257413864136	1.4299989938736	5.11018514633179	1.4299989938736	9.56554317474365	1.4299989938736	3.2190146446228	1.4299989938736	4.24667835235596	1.4299989938736	2.82743525505066	1.4299989938736	3.05776906013489	1.4299989938736	2.4556713104248	1.4299989938736	2.30086636543274	1.4299989938736	4.38500642776489	1.4299989938736	0.892690658569336	1.4299989938736	1.88519167900085	1.4299989938736	3.09462022781372	1.4299989938736	4.9438681602478	1.4299989938736	0.00619733240455389	1.4299989938736	0.00396353285759687	1.4299989938736	0.00411130115389824	1.4299989938736	0.00486671086400747	1.4299989938736	0.00510299019515514	1.4299989938736	0.00516717275604606	1.4299989938736	0.00487302057445049	1.4299989938736	0.00410120142623782	1.4299989938736	0.0114686386659741	1.4299989938736	0.0011519705876708
1.43999898433685	19.1834907531738	1.43999898433685	29.2841758728027	1.43999898433685	34.4563064575195	1.43999898433685	38.807056427002	1.43999898433685	44.4159240722656	1.43999898433685	40.5772285461426	1.43999898433685	55.2215270996094	1.43999898433685	40.8747329711914	1.43999898433685	132.8330078125	1.43999898433685	-5.41245460510254	1.43999898433685	1.93000876903534	1.43999898433685	4.53518629074097	1.43999898433685	5.67620849609375	1.43999898433685	5.73430252075195	1.43999898433685	4.36169242858887	1.43999898433685	5.81576442718506	1.43999898433685	7.06148624420166	1.43999898433685	5.08240270614624	1.43999898433685	9.43438816070557	1.43999898433685	3.01980590820313	1.43999898433685	4.29859447479248	1.43999898433685	2.84675669670105	1.43999898433685	3.07949995994568	1.43999898433685	2.48298525810242	1.43999898433685	2.30881309509277	1.43999898433685	4.40810298919678	1.43999898433685	0.915010929107666	1.43999898433685	1.92742300033569	1.43999898433685	3.15499639511108	1.43999898433685	5.07314586639404	1.43999898433685	0.00627271924167871	1.43999898433685	0.00407545128837228	1.43999898433685	0.00422569084912539	1.43999898433685	0.00496825017035007	1.43999898433685	0.00524070812389255	1.43999898433685	0.00526566104963422	1.43999898433685	0.0049772378988564	1.43999898433685	0.00416345102712512	1.43999898433685	0.0112967593595386	1.43999898433685	0.00122069637291133
1.44999897480011	20.3193664550781	1.44999897480011	30.0278339385986	1.44999897480011	35.2272262573242	1.44999897480011	39.7104797363281	1.44999897480011	45.3716430664063	1.44999897480011	41.5339088439941	1.44999897480011	56.1268081665039	1.44999897480011	41.6297607421875	1.44999897480011	134.850952148438	1.44999897480011	-5.18654346466064	1.44999897480011	2.06350421905518	1.44999897480011	4.53462505340576	1.44999897480011	5.67349672317505	1.44999897480011	5.73021364212036	1.44999897480011	4.36470317840576	1.44999897480011	5.82524538040161	1.44999897480011	7.05094337463379	1.44999897480011	5.05498838424683	1.44999897480011	9.30440044403076	1.44999897480011	2.82110929489136	1.44999897480011	4.34953308105469	1.44999897480011	2.8659679889679	1.44999897480011	3.10103511810303	1.44999897480011	2.50994610786438	1.44999897480011	2.31636714935303	1.44999897480011	4.43083095550537	1.44999897480011	0.937007904052734	1.44999897480011	1.96872544288635	1.44999897480011	3.21342992782593	1.44999897480011	5.20340251922607	1.44999897480011	0.00633216788992286	1.44999897480011	0.00418750755488873	1.44999897480011	0.00434050476178527	1.44999897480011	0.00507051264867187	1.44999897480011	0.00537792686372995	1.44999897480011	0.00536279613152146	1.44999897480011	0.00508348550647497	1.44999897480011	0.00423137377947569	1.44999897480011	0.0111435744911432	1.44999897480011	0.00129140575882047
1.45999896526337	21.464506149292	1.45999896526337	30.7916717529297	1.45999896526337	36.0188522338867	1.45999896526337	40.6323738098145	1.45999896526337	46.3520240783691	1.45999896526337	42.5079574584961	1.45999896526337	57.051399230957	1.45999896526337	42.3975219726562	1.45999896526337	136.843017578125	1.45999896526337	-4.94772672653198	1.45999896526337	2.19465041160583	1.45999896526337	4.53476619720459	1.45999896526337	5.67166042327881	1.45999896526337	5.72638082504272	1.45999896526337	4.36872100830078	1.45999896526337	5.83489513397217	1.45999896526337	7.04097270965576	1.45999896526337	5.02816867828369	1.45999896526337	9.17562103271484	1.45999896526337	2.62325859069824	1.45999896526337	4.39963006973267	1.45999896526337	2.88509774208069	1.45999896526337	3.12240123748779	1.45999896526337	2.53660345077515	1.45999896526337	2.32355761528015	1.45999896526337	4.45325946807861	1.45999896526337	0.958721399307251	1.45999896526337	2.00914978981018	1.45999896526337	3.27006816864014	1.45999896526337	5.33468723297119	1.45999896526337	0.00637590745463967	1.45999896526337	0.00429958384484053	1.45999896526337	0.0044556213542819	1.45999896526337	0.00517345312982798	1.45999896526337	0.00551445037126541	1.45999896526337	0.00545854633674026	1.45999896526337	0.00519165676087141	1.45999896526337	0.00430487142875791	1.45999896526337	0.0110089154914021	1.45999896526337	0.00136409199330956
1.46999895572662	22.6161060333252	1.46999895572662	31.5756816864014	1.46999895572662	36.8312225341797	1.46999895572662	41.5728607177734	1.46999895572662	47.3569107055664	1.46999895572662	43.4991111755371	1.46999895572662	57.9956283569336	1.46999895572662	43.1790161132812	1.46999895572662	138.8125	1.46999895572662	-4.69564819335937	1.46999895572662	2.32259750366211	1.46999895572662	4.53559541702271	1.46999895572662	5.67068672180176	1.46999895572662	5.72280597686768	1.46999895572662	4.37369632720947	1.46999895572662	5.84460020065308	1.46999895572662	7.03160715103149	1.46999895572662	5.00217342376709	1.46999895572662	9.0480260848999	1.46999895572662	2.4265730381012	1.46999895572662	4.44902658462524	1.46999895572662	2.90417504310608	1.46999895572662	3.14363479614258	1.46999895572662	2.56301784515381	1.46999895572662	2.33040976524353	1.46999895572662	4.47545146942139	1.46999895572662	0.980191230773926	1.46999895572662	2.04874229431152	1.46999895572662	3.32505965232849	1.46999895572662	5.46699523925781	1.46999895572662	0.00640427134931087	1.46999895572662	0.00441156653687358	1.46999895572662	0.0045709190890193	1.46999895572662	0.0052770278416574	1.46999895572662	0.00565009098500013	1.46999895572662	0.00555289629846811	1.46999895572662	0.00530164130032063	1.46999895572662	0.00438379682600498	1.46999895572662	0.0108926156535745	1.46999895572662	0.00143874436616898
1.47999894618988	23.771427154541	1.47999894618988	32.3798446655273	1.47999894618988	37.664363861084	1.47999894618988	42.5320510864258	1.47999894618988	48.3861312866211	1.47999894618988	44.5071296691895	1.47999894618988	58.9598236083984	1.47999894618988	43.9752044677734	1.47999894618988	140.762710571289	1.47999894618988	-4.42995548248291	1.47999894618988	2.44654059410095	1.47999894618988	4.53709602355957	1.47999894618988	5.67056465148926	1.47999894618988	5.71949911117554	1.47999894618988	4.37957859039307	1.47999894618988	5.85425853729248	1.47999894618988	7.02288198471069	1.47999894618988	4.97723007202148	1.47999894618988	8.92154121398926	1.47999894618988	2.23138809204102	1.47999894618988	4.49785232543945	1.47999894618988	2.92321753501892	1.47999894618988	3.16475915908814	1.47999894618988	2.58923864364624	1.47999894618988	2.33695220947266	1.47999894618988	4.49746894836426	1.47999894618988	1.0014545917511	1.47999894618988	2.08755159378052	1.47999894618988	3.37855005264282	1.47999894618988	5.60031032562256	1.47999894618988	0.00641768891364336	1.47999894618988	0.00452334387227893	1.47999894618988	0.00468627875670791	1.47999894618988	0.00538119068369269	1.47999894618988	0.00578467035666108	1.47999894618988	0.00564584694802761	1.47999894618988	0.00541332084685564	1.47999894618988	0.00446795672178268	1.47999894618988	0.0107945129275322	1.47999894618988	0.00151534925680608
1.48999893665314	24.9278202056885	1.48999893665314	33.2041053771973	1.48999893665314	38.5182762145996	1.48999893665314	43.5100364685059	1.48999893665314	49.4394874572754	1.48999893665314	45.5317459106445	1.48999893665314	59.9442672729492	1.48999893665314	44.7870101928711	1.48999893665314	142.696899414062	1.48999893665314	-4.15029859542847	1.48999893665314	2.56572651863098	1.48999893665314	4.53925228118897	1.48999893665314	5.67128562927246	1.48999893665314	5.71647834777832	1.48999893665314	4.38632249832153	1.48999893665314	5.86377334594727	1.48999893665314	7.01482963562012	1.48999893665314	4.95357036590576	1.48999893665314	8.79605770111084	1.48999893665314	2.03803205490112	1.48999893665314	4.54621839523315	1.48999893665314	2.94224548339844	1.48999893665314	3.18580174446106	1.48999893665314	2.61531019210815	1.48999893665314	2.3432137966156	1.48999893665314	4.51936912536621	1.48999893665314	1.02255177497864	1.48999893665314	2.12561225891113	1.48999893665314	3.43068361282349	1.48999893665314	5.7345666885376	1.48999893665314	0.00641668308526278	1.48999893665314	0.00463480735197663	1.48999893665314	0.00480158301070333	1.48999893665314	0.00548589462414384	1.48999893665314	0.00591802038252354	1.48999893665314	0.00573741318657994	1.48999893665314	0.00552657106891274	1.48999893665314	0.00455711083486676	1.48999893665314	0.0107144583016634	1.48999893665314	0.00159388943575323
1.49999892711639	26.0827350616455	1.49999892711639	34.0484046936035	1.49999892711639	39.3929405212402	1.49999892711639	44.5069198608398	1.49999892711639	50.516731262207	1.49999892711639	46.5727233886719	1.49999892711639	60.9492416381836	1.49999892711639	45.6153106689453	1.49999892711639	144.618286132813	1.49999892711639	-3.85632944107056	1.49999892711639	2.67946195602417	1.49999892711639	4.54204750061035	1.49999892711639	5.67284488677978	1.49999892711639	5.71376323699951	1.49999892711639	4.393874168396	1.49999892711639	5.87305641174316	1.49999892711639	7.00747871398926	1.49999892711639	4.93140983581543	1.49999892711639	8.67142200469971	1.49999892711639	1.84684121608734	1.49999892711639	4.59422779083252	1.49999892711639	2.96128273010254	1.49999892711639	3.20678687095642	1.49999892711639	2.64128613471985	1.49999892711639	2.34921765327454	1.49999892711639	4.54121255874634	1.49999892711639	1.0435163974762	1.49999892711639	2.16296434402466	1.49999892711639	3.48160290718079	1.49999892711639	5.86973524093628	1.49999892711639	0.0064018601551652	1.49999892711639	0.0047458503395319	1.49999892711639	0.00491671543568373	1.49999892711639	0.00559108750894666	1.49999892711639	0.00604998134076595	1.49999892711639	0.00582762155681849	1.49999892711639	0.00564126158133149	1.49999892711639	0.00465097138658166	1.49999892711639	0.0106523204594851	1.49999892711639	0.00167434476315975
1.50999891757965	27.233736038208	1.50999891757965	34.9126510620117	1.50999891757965	40.2883110046387	1.50999891757965	45.5227813720703	1.50999891757965	51.617603302002	1.50999891757965	47.6298179626465	1.50999891757965	61.9749908447266	1.50999891757965	46.4609375	1.50999891757965	146.53010559082	1.50999891757965	-3.54770660400391	1.50999891757965	2.78710126876831	1.50999891757965	4.54546880722046	1.50999891757965	5.67523241043091	1.50999891757965	5.71137857437134	1.50999891757965	4.40218496322632	1.50999891757965	5.8820309638977	1.50999891757965	7.00086498260498	1.50999891757965	4.91096687316895	1.50999891757965	8.54744243621826	1.50999891757965	1.65813684463501	1.50999891757965	4.6419882774353	1.50999891757965	2.98034262657166	1.50999891757965	3.22773694992065	1.50999891757965	2.66721272468567	1.50999891757965	2.35499238967896	1.50999891757965	4.56305027008057	1.50999891757965	1.06438517570496	1.50999891757965	2.19963932037354	1.50999891757965	3.53145217895508	1.50999891757965	6.00575304031372	1.50999891757965	0.00637390557676554	1.50999891757965	0.00485636945813894	1.50999891757965	0.00503156008198857	1.50999891757965	0.00569671532139182	1.50999891757965	0.00618040421977639	1.50999891757965	0.00591651257127523	1.50999891757965	0.00575725687667727	1.50999891757965	0.00474920775741339	1.50999891757965	0.0106079922989011	1.50999891757965	0.0017566914903
1.51999890804291	28.3785228729248	1.51999890804291	35.796745300293	1.51999890804291	41.2043304443359	1.51999890804291	46.5577011108398	1.51999890804291	52.7418174743652	1.51999890804291	48.7027893066406	1.51999890804291	63.0217323303223	1.51999890804291	47.324634552002	1.51999890804291	148.435546875	1.51999890804291	-3.22409081459045	1.51999890804291	2.88806438446045	1.51999890804291	4.54950380325317	1.51999890804291	5.67844247817993	1.51999890804291	5.70935249328613	1.51999890804291	4.41120100021362	1.51999890804291	5.89063119888306	1.51999890804291	6.9950122833252	1.51999890804291	4.89243745803833	1.51999890804291	8.42389869689941	1.51999890804291	1.47223877906799	1.51999890804291	4.68958187103271	1.51999890804291	2.99943923950195	1.51999890804291	3.24866819381714	1.51999890804291	2.69312810897827	1.51999890804291	2.36056470870972	1.51999890804291	4.58493900299072	1.51999890804291	1.08519220352173	1.51999890804291	2.23566770553589	1.51999890804291	3.5803656578064	1.51999890804291	6.14247894287109	1.51999890804291	0.00633357744663954	1.51999890804291	0.00496626365929842	1.51999890804291	0.00514600146561861	1.51999890804291	0.00580271799117327	1.51999890804291	0.00630914932116866	1.51999890804291	0.00600413652136922	1.51999890804291	0.00587441492825747	1.51999890804291	0.00485144509002566	1.51999890804291	0.0105813955888152	1.51999890804291	0.00184090249240398
1.52999889850616	29.5149383544922	1.52999889850616	36.7005653381348	1.52999889850616	42.1409072875977	1.52999889850616	47.6117286682129	1.52999889850616	53.8890495300293	1.52999889850616	49.7914237976074	1.52999889850616	64.0896759033203	1.52999889850616	48.2070960998535	1.52999889850616	150.337799072266	1.52999889850616	-2.88514924049377	1.52999889850616	2.98183107376099	1.52999889850616	4.55413818359375	1.52999889850616	5.6824688911438	1.52999889850616	5.70771551132202	1.52999889850616	4.42087125778198	1.52999889850616	5.89879274368286	1.52999889850616	6.98995065689087	1.52999889850616	4.87601470947266	1.52999889850616	8.300537109375	1.52999889850616	1.28946387767792	1.52999889850616	4.73709583282471	1.52999889850616	3.01858711242676	1.52999889850616	3.26959919929504	1.52999889850616	2.71907377243042	1.52999889850616	2.36595869064331	1.52999889850616	4.60692644119263	1.52999889850616	1.10597109794617	1.52999889850616	2.27108335494995	1.52999889850616	3.62848043441772	1.52999889850616	6.27986192703247	1.52999889850616	0.00628169858828187	1.52999889850616	0.00507543236017227	1.52999889850616	0.00525992689654231	1.52999889850616	0.00590902986004949	1.52999889850616	0.00643608812242746	1.52999889850616	0.00609055068343878	1.52999889850616	0.00599258951842785	1.52999889850616	0.00495726941153407	1.52999889850616	0.0105724846944213	1.52999889850616	0.00192694773431867
1.53999888896942	30.6409759521484	1.53999888896942	37.6239700317383	1.53999888896942	43.0979499816895	1.53999888896942	48.6849212646484	1.53999888896942	55.0589714050293	1.53999888896942	50.8955001831055	1.53999888896942	65.1789703369141	1.53999888896942	49.1089286804199	1.53999888896942	152.240051269531	1.53999888896942	-2.53055429458618	1.53999888896942	3.06794595718384	1.53999888896942	4.55935764312744	1.53999888896942	5.6872992515564	1.53999888896942	5.70649909973145	1.53999888896942	4.43114280700684	1.53999888896942	5.90646028518677	1.53999888896942	6.98570346832275	1.53999888896942	4.86187267303467	1.53999888896942	8.17708015441895	1.53999888896942	1.11010897159576	1.53999888896942	4.78460502624512	1.53999888896942	3.03779649734497	1.53999888896942	3.29054284095764	1.53999888896942	2.74508833885193	1.53999888896942	2.37120199203491	1.53999888896942	4.62906122207642	1.53999888896942	1.12675881385803	1.53999888896942	2.30590796470642	1.53999888896942	3.67593026161194	1.53999888896942	6.41777276992798	1.53999888896942	0.00621914956718683	1.53999888896942	0.00518377963453531	1.53999888896942	0.00537322368472815	1.53999888896942	0.00601558107882738	1.53999888896942	0.00656110094860196	1.53999888896942	0.00617582397535443	1.53999888896942	0.00611162837594748	1.53999888896942	0.00506622903048992	1.53999888896942	0.0105812521651387	1.53999888896942	0.00201479415409267
1.54999887943268	31.7547969818115	1.54999887943268	38.5667991638184	1.54999887943268	44.075325012207	1.54999887943268	49.7773170471191	1.54999887943268	56.251220703125	1.54999887943268	52.014820098877	1.54999887943268	66.2897796630859	1.54999887943268	50.0306587219238	1.54999887943268	154.145462036133	1.54999887943268	-2.15998506546021	1.54999887943268	3.14601874351501	1.54999887943268	4.56514835357666	1.54999887943268	5.69293022155762	1.54999887943268	5.705735206604	1.54999887943268	4.44196367263794	1.54999887943268	5.91359329223633	1.54999887943268	6.98228883743286	1.54999887943268	4.8501615524292	1.54999887943268	8.05322074890137	1.54999887943268	0.934465646743774	1.54999887943268	4.83216953277588	1.54999887943268	3.05707550048828	1.54999887943268	3.31151533126831	1.54999887943268	2.7712140083313	1.54999887943268	2.37631869316101	1.54999887943268	4.6513876914978	1.54999887943268	1.14758062362671	1.54999887943268	2.34017539024353	1.54999887943268	3.72284483909607	1.54999887943268	6.55606842041016	1.54999887943268	0.00614685984328389	1.54999887943268	0.00529121002182364	1.54999887943268	0.00548578053712845	1.54999887943268	0.00612229621037841	1.54999887943268	0.00668407836928964	1.54999887943268	0.00626002997159958	1.54999887943268	0.00623137596994638	1.54999887943268	0.00517783872783184	1.54999887943268	0.0106077324599028	1.54999887943268	0.00210440554656088
1.55999886989594	32.8547286987305	1.55999886989594	39.5288848876953	1.55999886989594	45.0728950500488	1.55999886989594	50.8889312744141	1.55999886989594	57.4654197692871	1.55999886989594	53.1492042541504	1.55999886989594	67.4222106933594	1.55999886989594	50.972713470459	1.55999886989594	156.057235717773	1.55999886989594	-1.77312707901001	1.55999886989594	3.21572709083557	1.55999886989594	4.57149839401245	1.55999886989594	5.69934606552124	1.55999886989594	5.70545482635498	1.55999886989594	4.45327854156494	1.55999886989594	5.92015171051025	1.55999886989594	6.97972393035889	1.55999886989594	4.84102439880371	1.55999886989594	7.92862319946289	1.55999886989594	0.762818038463593	1.55999886989594	4.87985944747925	1.55999886989594	3.07643270492554	1.55999886989594	3.33252954483032	1.55999886989594	2.79748344421387	1.55999886989594	2.38133311271667	1.55999886989594	4.67395162582397	1.55999886989594	1.16847467422485	1.55999886989594	2.37391185760498	1.55999886989594	3.76935362815857	1.55999886989594	6.69463920593262	1.55999886989594	0.00606580264866352	1.55999886989594	0.00539763178676367	1.55999886989594	0.00559748755767942	1.55999886989594	0.006229093298316	1.55999886989594	0.00680492119863629	1.55999886989594	0.00634324923157692	1.55999886989594	0.00635167397558689	1.55999886989594	0.00529158394783735	1.55999886989594	0.0106520019471645	1.55999886989594	0.00219574314542115
1.56999886035919	33.9392776489258	1.56999886035919	40.5100402832031	1.56999886035919	46.0904960632324	1.56999886035919	52.0197830200195	1.56999886035919	58.7011871337891	1.56999886035919	54.2984771728516	1.56999886035919	68.5763320922852	1.56999886035919	51.935432434082	1.56999886035919	157.978591918945	1.56999886035919	-1.36967265605927	1.56999886035919	3.27681255340576	1.56999886035919	4.57839107513428	1.56999886035919	5.70653676986694	1.56999886035919	5.70569181442261	1.56999886035919	4.46503591537476	1.56999886035919	5.92610931396484	1.56999886035919	6.97801780700684	1.56999886035919	4.83457088470459	1.56999886035919	7.8029351234436	1.56999886035919	0.595434367656708	1.56999886035919	4.9277229309082	1.56999886035919	3.09587478637695	1.56999886035919	3.35359311103821	1.56999886035919	2.82393383979797	1.56999886035919	2.38627004623413	1.56999886035919	4.69679355621338	1.56999886035919	1.18946862220764	1.56999886035919	2.40714454650879	1.56999886035919	3.81558227539063	1.56999886035919	6.83331537246704	1.56999886035919	0.00597698474302888	1.56999886035919	0.00550295459106565	1.56999886035919	0.00570823671296239	1.56999886035919	0.00633588619530201	1.56999886035919	0.00692354189231992	1.56999886035919	0.00642556603997946	1.56999886035919	0.00647235987707972	1.56999886035919	0.00540692266076803	1.56999886035919	0.0107141900807619	1.56999886035919	0.0022887650411576
1.57999885082245	35.007137298584	1.57999885082245	41.5100517272949	1.57999885082245	47.1279487609863	1.57999885082245	53.1698532104492	1.57999885082245	59.9580993652344	1.57999885082245	55.4624900817871	1.57999885082245	69.7522201538086	1.57999885082245	52.9190635681152	1.57999885082245	159.912734985352	1.57999885082245	-0.949322998523712	1.57999885082245	3.32908344268799	1.57999885082245	4.58581018447876	1.57999885082245	5.71449184417725	1.57999885082245	5.70647048950195	1.57999885082245	4.47718095779419	1.57999885082245	5.93144607543945	1.57999885082245	6.97718238830566	1.57999885082245	4.83090209960937	1.57999885082245	7.6757755279541	1.57999885082245	0.432572662830353	1.57999885082245	4.97581052780151	1.57999885082245	3.11541175842285	1.57999885082245	3.37472009658814	1.57999885082245	2.85059690475464	1.57999885082245	2.39115381240845	1.57999885082245	4.71995210647583	1.57999885082245	1.21059489250183	1.57999885082245	2.43990468978882	1.57999885082245	3.86165571212769	1.57999885082245	6.97197914123535	1.57999885082245	0.0058814394287765	1.57999885082245	0.00560709042474628	1.57999885082245	0.00581792136654258	1.57999885082245	0.0064425808377564	1.57999885082245	0.00703986082226038	1.57999885082245	0.00650706887245178	1.57999885082245	0.0065932716242969	1.57999885082245	0.00552329421043396	1.57999885082245	0.0107944738119841	1.57999885082245	0.00238342676311731
1.58999884128571	36.0571975708008	1.58999884128571	42.5286979675293	1.58999884128571	48.1850433349609	1.58999884128571	54.3391227722168	1.58999884128571	61.2357482910156	1.58999884128571	56.6410980224609	1.58999884128571	70.9498825073242	1.58999884128571	53.9237289428711	1.58999884128571	161.862976074219	1.58999884128571	-0.511786460876465	1.58999884128571	3.37242388725281	1.58999884128571	4.59373903274536	1.58999884128571	5.72319078445435	1.58999884128571	5.70782899856567	1.58999884128571	4.48966073989868	1.58999884128571	5.93614435195923	1.58999884128571	6.97721433639526	1.58999884128571	4.83008718490601	1.58999884128571	7.54673719406128	1.58999884128571	0.274479269981384	1.58999884128571	5.02416563034058	1.58999884128571	3.13504362106323	1.58999884128571	3.39591717720032	1.58999884128571	2.87751197814941	1.58999884128571	2.39600801467896	1.58999884128571	4.74346685409546	1.58999884128571	1.23188591003418	1.58999884128571	2.47222495079041	1.58999884128571	3.90769577026367	1.58999884128571	7.1104564666748	1.58999884128571	0.00578021956607699	1.58999884128571	0.00570995500311255	1.58999884128571	0.00592643627896905	1.58999884128571	0.00654908269643784	1.58999884128571	0.00715381046757102	1.58999884128571	0.00658784760162234	1.58999884128571	0.00671424437314272	1.58999884128571	0.00564011791720986	1.58999884128571	0.0108930869027972	1.58999884128571	0.0024796815123409
1.59999883174896	37.0885314941406	1.59999883174896	43.5657501220703	1.59999883174896	49.2615699768066	1.59999883174896	55.5275459289551	1.59999883174896	62.5336875915527	1.59999883174896	57.8341827392578	1.59999883174896	72.1693344116211	1.59999883174896	54.949462890625	1.59999883174896	163.832611083984	1.59999883174896	-0.0567806884646416	1.59999883174896	3.40677094459534	1.59999883174896	4.60216331481934	1.59999883174896	5.73262071609497	1.59999883174896	5.70978546142578	1.59999883174896	4.5024209022522	1.59999883174896	5.94020128250122	1.59999883174896	6.97811508178711	1.59999883174896	4.83217430114746	1.59999883174896	7.41539001464844	1.59999883174896	0.121384903788567	1.59999883174896	5.07283163070679	1.59999883174896	3.15477728843689	1.59999883174896	3.41719555854797	1.59999883174896	2.9047064781189	1.59999883174896	2.40086030960083	1.59999883174896	4.76737403869629	1.59999883174896	1.25337266921997	1.59999883174896	2.50413703918457	1.59999883174896	3.95382452011108	1.59999883174896	7.24863481521606	1.59999883174896	0.0056743873283267	1.59999883174896	0.00581146636977792	1.59999883174896	0.00603367993608117	1.59999883174896	0.0066552865318954	1.59999883174896	0.00726533215492964	1.59999883174896	0.00666799442842603	1.59999883174896	0.00683511467650533	1.59999883174896	0.00575680239126086	1.59999883174896	0.011010323651135	1.59999883174896	0.00257748016156256
1.60999882221222	38.1003913879395	1.60999882221222	44.6209526062012	1.60999882221222	50.3572845458984	1.60999882221222	56.7350540161133	1.60999882221222	63.8514938354492	1.60999882221222	59.0416374206543	1.60999882221222	73.4105377197266	1.60999882221222	55.9961929321289	1.60999882221222	165.825012207031	1.60999882221222	0.415967762470245	1.60999882221222	3.4321436882019	1.60999882221222	4.61106157302856	1.60999882221222	5.742760181427	1.60999882221222	5.71236705780029	1.60999882221222	4.51541042327881	1.60999882221222	5.94361925125122	1.60999882221222	6.97987651824951	1.60999882221222	4.83719110488892	1.60999882221222	7.28128051757812	1.60999882221222	-0.0264861509203911	1.60999882221222	5.12183094024658	1.60999882221222	3.17461848258972	1.60999882221222	3.43856382369995	1.60999882221222	2.93221735954285	1.60999882221222	2.40573072433472	1.60999882221222	4.79171133041382	1.60999882221222	1.27508759498596	1.60999882221222	2.53567957878113	1.60999882221222	4.00016307830811	1.60999882221222	7.38632249832153	1.60999882221222	0.00556501047685742	1.60999882221222	0.00591154489666223	1.60999882221222	0.00613955268636346	1.60999882221222	0.00676108757033944	1.60999882221222	0.0073743793182075	1.60999882221222	0.00674760155379772	1.60999882221222	0.00695571908727288	1.60999882221222	0.00587275018915534	1.60999882221222	0.0111465388908982	1.60999882221222	0.00267677125521004
1.61999881267548	39.0922546386719	1.61999881267548	45.694034576416	1.61999881267548	51.4719314575195	1.61999881267548	57.9615669250488	1.61999881267548	65.1886901855469	1.61999881267548	60.2633743286133	1.61999881267548	74.6734161376953	1.61999881267548	57.0637245178223	1.61999881267548	167.843658447266	1.61999881267548	0.906722962856293	1.61999881267548	3.44861698150635	1.61999881267548	4.62041807174683	1.61999881267548	5.75359106063843	1.61999881267548	5.71559572219849	1.61999881267548	4.52857685089111	1.61999881267548	5.94640731811523	1.61999881267548	6.98248481750488	1.61999881267548	4.84514188766479	1.61999881267548	7.14392375946045	1.61999881267548	-0.168919667601585	1.61999881267548	5.17120361328125	1.61999881267548	3.19456958770752	1.61999881267548	3.46002912521362	1.61999881267548	2.96007657051086	1.61999881267548	2.41064119338989	1.61999881267548	4.81650733947754	1.61999881267548	1.29706192016602	1.61999881267548	2.56688737869263	1.61999881267548	4.04682731628418	1.61999881267548	7.52336263656616	1.61999881267548	0.00545314839109778	1.61999881267548	0.00601011514663696	1.61999881267548	0.00624395767226815	1.61999881267548	0.00686637498438358	1.61999881267548	0.00748091330751777	1.61999881267548	0.00682676071301103	1.61999881267548	0.00707589741796255	1.61999881267548	0.00598735874518752	1.61999881267548	0.0113021535798907	1.61999881267548	0.00277750100940466
1.62999880313873	40.0637512207031	1.62999880313873	46.7847290039063	1.62999880313873	52.6052398681641	1.62999880313873	59.2069969177246	1.62999880313873	66.5448379516602	1.62999880313873	61.4993171691895	1.62999880313873	75.9579010009766	1.62999880313873	58.1517601013184	1.62999880313873	169.892059326172	1.62999880313873	1.41573905944824	1.62999880313873	3.45632982254028	1.62999880313873	4.63021564483643	1.62999880313873	5.76509141921997	1.62999880313873	5.71949148178101	1.62999880313873	4.5418701171875	1.62999880313873	5.94857883453369	1.62999880313873	6.98592185974121	1.62999880313873	4.85601091384888	1.62999880313873	7.0028133392334	1.62999880313873	-0.305714011192322	1.62999880313873	5.22097063064575	1.62999880313873	3.21463203430176	1.62999880313873	3.48159980773926	1.62999880313873	2.98831558227539	1.62999880313873	2.41561937332153	1.62999880313873	4.84179878234863	1.62999880313873	1.3193256855011	1.62999880313873	2.59780120849609	1.62999880313873	4.09393072128296	1.62999880313873	7.65962314605713	1.62999880313873	0.0053398497402668	1.62999880313873	0.00610710354521871	1.62999880313873	0.00634680083021522	1.62999880313873	0.00697103468701243	1.62999880313873	0.00758490618318319	1.62999880313873	0.00690556038171053	1.62999880313873	0.00719549087807536	1.62999880313873	0.00610002782195806	1.62999880313873	0.0114776585251093	1.62999880313873	0.00287961377762258
1.63999879360199	41.0147247314453	1.63999879360199	47.8927345275879	1.63999879360199	53.7569198608398	1.63999879360199	60.4712028503418	1.63999879360199	67.9194869995117	1.63999879360199	62.7494049072266	1.63999879360199	77.2638473510742	1.63999879360199	59.2599105834961	1.63999879360199	171.973831176758	1.63999879360199	1.94325995445251	1.63999879360199	3.45549154281616	1.63999879360199	4.64043521881103	1.63999879360199	5.77724075317383	1.63999879360199	5.72406768798828	1.63999879360199	4.55524158477783	1.63999879360199	5.9501633644104	1.63999879360199	6.99016666412354	1.63999879360199	4.86975955963135	1.63999879360199	6.85741090774536	1.63999879360199	-0.436680734157562	1.63999879360199	5.27114963531494	1.63999879360199	3.23481178283691	1.63999879360199	3.50328230857849	1.63999879360199	3.01696515083313	1.63999879360199	2.4206862449646	1.63999879360199	4.86761522293091	1.63999879360199	1.34191465377808	1.63999879360199	2.62846088409424	1.63999879360199	4.14159107208252	1.63999879360199	7.79489994049072	1.63999879360199	0.00522614363580942	1.63999879360199	0.00620243931189179	1.63999879360199	0.00644799089059234	1.63999879360199	0.00707494933158159	1.63999879360199	0.00768633931875229	1.63999879360199	0.00698408810421825	1.63999879360199	0.0073143457993865	1.63999879360199	0.00621016323566437	1.63999879360199	0.0116736171767116	1.63999879360199	0.00298305205069482
1.64999878406525	41.945198059082	1.64999878406525	49.0177574157715	1.64999878406525	54.9266662597656	1.64999878406525	61.7540435791016	1.64999878406525	69.3121566772461	1.64999878406525	64.0136108398438	1.64999878406525	78.5911254882813	1.64999878406525	60.3876495361328	1.64999878406525	174.092712402344	1.64999878406525	2.48951888084412	1.64999878406525	3.44636631011963	1.64999878406525	4.65105867385864	1.64999878406525	5.79001760482788	1.64999878406525	5.7293381690979	1.64999878406525	4.56864643096924	1.64999878406525	5.95118904113769	1.64999878406525	6.995192527771	1.64999878406525	4.88633441925049	1.64999878406525	6.7071475982666	1.64999878406525	-0.56163364648819	1.64999878406525	5.32175827026367	1.64999878406525	3.25510668754578	1.64999878406525	3.52508211135864	1.64999878406525	3.04606056213379	1.64999878406525	2.42586207389832	1.64999878406525	4.89398384094238	1.64999878406525	1.36485815048218	1.64999878406525	2.6589093208313	1.64999878406525	4.18991708755493	1.64999878406525	7.92911005020142	1.64999878406525	0.00511303031817079	1.64999878406525	0.00629605585709214	1.64999878406525	0.00654743984341621	1.64999878406525	0.0071780001744628	1.64999878406525	0.00778520340099931	1.64999878406525	0.00706242583692074	1.64999878406525	0.00743231317028403	1.64999878406525	0.00631718104705214	1.64999878406525	0.0118906712159514	1.64999878406525	0.00308775622397661
1.6599987745285	42.8553657531738	1.6599987745285	50.1594734191895	1.6599987745285	56.1141548156738	1.6599987745285	63.0553588867187	1.6599987745285	70.7223892211914	1.6599987745285	65.2919006347656	1.6599987745285	79.9395599365234	1.6599987745285	61.5343704223633	1.6599987745285	176.252578735352	1.6599987745285	3.05473852157593	1.6599987745285	3.42928552627563	1.6599987745285	4.6620717048645	1.6599987745285	5.8033971786499	1.6599987745285	5.73531627655029	1.6599987745285	4.5820369720459	1.6599987745285	5.9516978263855	1.6599987745285	7.00096988677978	1.6599987745285	4.9056568145752	1.6599987745285	6.55142545700073	1.6599987745285	-0.680400729179382	1.6599987745285	5.37280511856079	1.6599987745285	3.2755184173584	1.6599987745285	3.54700613021851	1.6599987745285	3.07563138008118	1.6599987745285	2.43116903305054	1.6599987745285	4.92093801498413	1.6599987745285	1.38819193840027	1.6599987745285	2.68918824195862	1.6599987745285	4.23901653289795	1.6599987745285	8.06206798553467	1.6599987745285	0.00500147603452206	1.6599987745285	0.00638788845390081	1.6599987745285	0.00664506293833256	1.6599987745285	0.00728006474673748	1.6599987745285	0.00788149610161781	1.6599987745285	0.0071406508795917	1.6599987745285	0.00754924863576889	1.6599987745285	0.00642050988972187	1.6599987745285	0.012129545211792	1.6599987745285	0.00319366506300867
1.66999876499176	43.7455902099609	1.66999876499176	51.3175582885742	1.66999876499176	57.3190574645996	1.66999876499176	64.3749618530273	1.66999876499176	72.1497344970703	1.66999876499176	66.5842590332031	1.66999876499176	81.308952331543	1.66999876499176	62.6993637084961	1.66999876499176	178.457397460938	1.66999876499176	3.63913035392761	1.66999876499176	3.40463733673096	1.66999876499176	4.6734561920166	1.66999876499176	5.81736087799072	1.66999876499176	5.74201107025146	1.66999876499176	4.595374584198	1.66999876499176	5.95173597335815	1.66999876499176	7.00746774673462	1.66999876499176	4.92764139175415	1.66999876499176	6.38960933685303	1.66999876499176	-0.792813003063202	1.66999876499176	5.42428970336914	1.66999876499176	3.29605054855347	1.66999876499176	3.56905913352966	1.66999876499176	3.10571098327637	1.66999876499176	2.43662786483765	1.66999876499176	4.9484977722168	1.66999876499176	1.41194725036621	1.66999876499176	2.71934151649475	1.66999876499176	4.28899574279785	1.66999876499176	8.19359016418457	1.66999876499176	0.00489240372553468	1.66999876499176	0.0064778751693666	1.66999876499176	0.00674077868461609	1.66999876499176	0.00738102057948708	1.66999876499176	0.00797522719949484	1.66999876499176	0.0072188344784081	1.66999876499176	0.00766501389443874	1.66999876499176	0.0065195974893868	1.66999876499176	0.0123910456895828	1.66999876499176	0.00330071547068655
1.67999875545502	44.6164054870605	1.67999875545502	52.4916725158691	1.67999875545502	58.5410118103027	1.67999875545502	65.7126235961914	1.67999875545502	73.5937118530273	1.67999875545502	67.8906860351562	1.67999875545502	82.6990737915039	1.67999875545502	63.8818054199219	1.67999875545502	180.711318969727	1.67999875545502	4.24289417266846	1.67999875545502	3.37286329269409	1.67999875545502	4.68520212173462	1.67999875545502	5.83188533782959	1.67999875545502	5.74943208694458	1.67999875545502	4.60861778259277	1.67999875545502	5.95136213302612	1.67999875545502	7.01464891433716	1.67999875545502	4.95218706130981	1.67999875545502	6.22103786468506	1.67999875545502	-0.898712694644928	1.67999875545502	5.4762110710144	1.67999875545502	3.3166995048523	1.67999875545502	3.59124374389648	1.67999875545502	3.13632440567017	1.67999875545502	2.44225716590881	1.67999875545502	4.97668933868408	1.67999875545502	1.43616008758545	1.67999875545502	2.7494068145752	1.67999875545502	4.33995628356934	1.67999875545502	8.32352352142334	1.67999875545502	0.00478668790310621	1.67999875545502	0.00656595686450601	1.67999875545502	0.00683450791984797	1.67999875545502	0.00748074194416404	1.67999875545502	0.00806641019880772	1.67999875545502	0.00729703949764371	1.67999875545502	0.00777947716414928	1.67999875545502	0.00661390880122781	1.67999875545502	0.0126760741695762	1.67999875545502	0.00340884318575263
1.68999874591827	45.4684944152832	1.68999874591827	53.6814727783203	1.68999874591827	59.7796592712402	1.68999874591827	67.0681304931641	1.68999874591827	75.0538635253906	1.68999874591827	69.2111892700195	1.68999874591827	84.1096801757812	1.68999874591827	65.0807952880859	1.68999874591827	183.018676757813	1.68999874591827	4.86621713638306	1.68999874591827	3.33446550369263	1.68999874591827	4.69729614257812	1.68999874591827	5.84695625305176	1.68999874591827	5.75758743286133	1.68999874591827	4.62173557281494	1.68999874591827	5.9506368637085	1.68999874591827	7.02247476577759	1.68999874591827	4.97918319702148	1.68999874591827	6.04500102996826	1.68999874591827	-0.997944414615631	1.68999874591827	5.52855730056763	1.68999874591827	3.33746290206909	1.68999874591827	3.61356163024902	1.68999874591827	3.16750526428223	1.68999874591827	2.44807696342468	1.68999874591827	5.00553894042969	1.68999874591827	1.46085548400879	1.68999874591827	2.77942132949829	1.68999874591827	4.39198589324951	1.68999874591827	8.45172119140625	1.68999874591827	0.00468514859676361	1.68999874591827	0.00665207579731941	1.68999874591827	0.00692617474123836	1.68999874591827	0.00757910311222076	1.68999874591827	0.00815506745129824	1.68999874591827	0.00737532135099173	1.68999874591827	0.00789251364767551	1.68999874591827	0.00670293299481273	1.68999874591827	0.0129856243729591	1.68999874591827	0.00351798208430409
1.69999873638153	46.3026847839355	1.69999873638153	54.8865966796875	1.69999873638153	61.0346260070801	1.69999873638153	68.4412231445313	1.69999873638153	76.5297622680664	1.69999873638153	70.5457916259766	1.69999873638153	85.5405044555664	1.69999873638153	66.2953338623047	1.69999873638153	185.383941650391	1.69999873638153	5.50927686691284	1.69999873638153	3.28999185562134	1.69999873638153	4.70973253250122	1.69999873638153	5.86255645751953	1.69999873638153	5.76648569107056	1.69999873638153	4.63469505310059	1.69999873638153	5.94963359832764	1.69999873638153	7.03091049194336	1.69999873638153	5.00851488113403	1.69999873638153	5.86075973510742	1.69999873638153	-1.09037065505981	1.69999873638153	5.58130598068237	1.69999873638153	3.35833930969238	1.69999873638153	3.63601636886597	1.69999873638153	3.19927906990051	1.69999873638153	2.45410013198853	1.69999873638153	5.03505849838257	1.69999873638153	1.4860692024231	1.69999873638153	2.8094208240509	1.69999873638153	4.44517660140991	1.69999873638153	8.57801055908203	1.69999873638153	0.00458854157477617	1.69999873638153	0.00673617655411363	1.69999873638153	0.00701570510864258	1.69999873638153	0.00767597602680326	1.69999873638153	0.00824122689664364	1.69999873638153	0.0074537256732583	1.69999873638153	0.00800400599837303	1.69999873638153	0.00678618159145117	1.69999873638153	0.0133207933977246	1.69999873638153	0.00362806464545429
1.70999872684479	47.119930267334	1.70999872684479	56.1066780090332	1.70999872684479	62.3055114746094	1.70999872684479	69.8316268920898	1.70999872684479	78.0209350585938	1.70999872684479	71.8945159912109	1.70999872684479	86.9912567138672	1.70999872684479	67.5243377685547	1.70999872684479	187.811859130859	1.70999872684479	6.17223596572876	1.70999872684479	3.24004888534546	1.70999872684479	4.72250699996948	1.70999872684479	5.87867450714111	1.70999872684479	5.77613925933838	1.70999872684479	4.64746904373169	1.70999872684479	5.9484395980835	1.70999872684479	7.0399169921875	1.70999872684479	5.04006242752075	1.70999872684479	5.66753149032593	1.70999872684479	-1.17583930492401	1.70999872684479	5.63442516326904	1.70999872684479	3.37931966781616	1.70999872684479	3.65860033035278	1.70999872684479	3.23167276382446	1.70999872684479	2.46034145355225	1.70999872684479	5.0652756690979	1.70999872684479	1.51183176040649	1.70999872684479	2.83943319320679	1.70999872684479	4.49960708618164	1.70999872684479	8.70218658447266	1.70999872684479	0.00449755555018783	1.70999872684479	0.00681820418685675	1.70999872684479	0.00710302777588367	1.70999872684479	0.00777123169973493	1.70999872684479	0.00832492206245661	1.70999872684479	0.00753228692337871	1.70999872684479	0.00811384525150061	1.70999872684479	0.00686319032683969	1.70999872684479	0.0136827807873487	1.70999872684479	0.00373902218416333
1.71999871730804	47.9212989807129	1.71999871730804	57.3413352966309	1.71999871730804	63.591911315918	1.71999871730804	71.2390213012695	1.71999871730804	79.5269622802734	1.71999871730804	73.2574005126953	1.71999871730804	88.4616317749023	1.71999871730804	68.7666473388672	1.71999871730804	190.307327270508	1.71999871730804	6.85524606704712	1.71999871730804	3.18528413772583	1.71999871730804	4.73562240600586	1.71999871730804	5.89530467987061	1.71999871730804	5.78655958175659	1.71999871730804	4.66004323959351	1.71999871730804	5.94714736938477	1.71999871730804	7.04946041107178	1.71999871730804	5.07371044158936	1.71999871730804	5.4644923210144	1.71999871730804	-1.25421833992004	1.71999871730804	5.68786382675171	1.71999871730804	3.40039348602295	1.71999871730804	3.68131017684937	1.71999871730804	3.26470732688904	1.71999871730804	2.46681499481201	1.71999871730804	5.09619569778442	1.71999871730804	1.538170337677	1.71999871730804	2.86947560310364	1.71999871730804	4.55534315109253	1.71999871730804	8.82410430908203	1.71999871730804	0.0044128056615591	1.71999871730804	0.00689810328185558	1.71999871730804	0.0071880710311234	1.71999871730804	0.00786473788321018	1.71999871730804	0.00840619299560785	1.71999871730804	0.00761102559044957	1.71999871730804	0.00822192616760731	1.71999871730804	0.00693352008238435	1.71999871730804	0.0140728978440166	1.71999871730804	0.0038507841527462
1.7299987077713	48.7079772949219	1.7299987077713	58.5901870727539	1.7299987077713	64.8934173583984	1.7299987077713	72.6630859375	1.7299987077713	81.0473861694336	1.7299987077713	74.6344757080078	1.7299987077713	89.9513168334961	1.7299987077713	70.0210113525391	1.7299987077713	192.875564575195	1.7299987077713	7.55844640731812	1.7299987077713	3.1263952255249	1.7299987077713	4.74908447265625	1.7299987077713	5.91244888305664	1.7299987077713	5.79776477813721	1.7299987077713	4.6724009513855	1.7299987077713	5.94586086273193	1.7299987077713	7.05950927734375	1.7299987077713	5.10934972763062	1.7299987077713	5.25077962875366	1.7299987077713	-1.32538199424744	1.7299987077713	5.74156951904297	1.7299987077713	3.42155337333679	1.7299987077713	3.70413637161255	1.7299987077713	3.29840588569641	1.7299987077713	2.47352766990662	1.7299987077713	5.12783050537109	1.7299987077713	1.56511318683624	1.7299987077713	2.89955949783325	1.7299987077713	4.61244106292725	1.7299987077713	8.94353199005127	1.7299987077713	0.00433482509106398	1.7299987077713	0.00697581935673952	1.7299987077713	0.00727076642215252	1.7299987077713	0.00795636139810085	1.7299987077713	0.00848507788032293	1.7299987077713	0.00768994959071279	1.7299987077713	0.00832815188914537	1.7299987077713	0.00699675502255559	1.7299987077713	0.0144925741478801	1.7299987077713	0.00396327907219529
1.73999869823456	49.4812278747559	1.73999869823456	59.8528327941895	1.73999869823456	66.2095947265625	1.73999869823456	74.1034774780273	1.73999869823456	82.5817947387695	1.73999869823456	76.0257720947266	1.73999869823456	91.4599380493164	1.73999869823456	71.2861251831055	1.73999869823456	195.522003173828	1.73999869823456	8.28196048736572	1.73999869823456	3.06411719322205	1.73999869823456	4.76290893554687	1.73999869823456	5.93011522293091	1.73999869823456	5.80978012084961	1.73999869823456	4.68453741073608	1.73999869823456	5.94469881057739	1.73999869823456	7.07003259658813	1.73999869823456	5.14688014984131	1.73999869823456	5.02548694610596	1.73999869823456	-1.38919579982758	1.73999869823456	5.79546070098877	1.73999869823456	3.44278049468994	1.73999869823456	3.7270655632019	1.73999869823456	3.33278322219849	1.73999869823456	2.48048639297485	1.73999869823456	5.16019010543823	1.73999869823456	1.59268271923065	1.73999869823456	2.92968416213989	1.73999869823456	4.67094135284424	1.73999869823456	9.06027030944824	1.73999869823456	0.00426406459882855	1.73999869823456	0.00705129513517022	1.73999869823456	0.00735104223713279	1.73999869823456	0.00804596580564976	1.73999869823456	0.00856162048876286	1.73999869823456	0.00776905054226518	1.73999869823456	0.00843243300914764	1.73999869823456	0.00705250119790435	1.73999869823456	0.0149433575570583	1.73999869823456	0.0040764338336885
1.74999868869782	50.2423896789551	1.74999868869782	61.1288566589356	1.74999868869782	67.5400085449219	1.74999868869782	75.5598220825195	1.74999868869782	84.1297760009766	1.74999868869782	77.4313125610352	1.74999868869782	92.9871597290039	1.74999868869782	72.5605850219727	1.74999868869782	198.252380371094	1.74999868869782	9.02590370178223	1.74999868869782	2.99922800064087	1.74999868869782	4.7771143913269	1.74999868869782	5.94832038879395	1.74999868869782	5.82263565063477	1.74999868869782	4.6964545249939	1.74999868869782	5.94378900527954	1.74999868869782	7.08101367950439	1.74999868869782	5.1862154006958	1.74999868869782	4.78766870498657	1.74999868869782	-1.44554376602173	1.74999868869782	5.84944343566895	1.74999868869782	3.46405434608459	1.74999868869782	3.75007820129395	1.74999868869782	3.36784887313843	1.74999868869782	2.48769187927246	1.74999868869782	5.19327068328857	1.74999868869782	1.62089991569519	1.74999868869782	2.95982599258423	1.74999868869782	4.73086309432983	1.74999868869782	9.17406940460205	1.74999868869782	0.00420088227838278	1.74999868869782	0.00712447054684162	1.74999868869782	0.00742882676422596	1.74999868869782	0.00813340861350298	1.74999868869782	0.00863586459308863	1.74999868869782	0.00784830190241337	1.74999868869782	0.0085346819832921	1.74999868869782	0.00710038281977177	1.74999868869782	0.0154269253835082	1.74999868869782	0.00419017486274242
1.75999867916107	50.992862701416	1.75999867916107	62.4178504943848	1.75999867916107	68.8841934204102	1.75999867916107	77.0317077636719	1.75999867916107	85.6909103393555	1.75999867916107	78.8511428833008	1.75999867916107	94.5326080322266	1.75999867916107	73.8429718017578	1.75999867916107	201.07275390625	1.75999867916107	9.79037189483643	1.75999867916107	2.93254137039185	1.75999867916107	4.79173564910889	1.75999867916107	5.96709156036377	1.75999867916107	5.83637475967407	1.75999867916107	4.70816421508789	1.75999867916107	5.94328022003174	1.75999867916107	7.09243440628052	1.75999867916107	5.22729682922363	1.75999867916107	4.53634166717529	1.75999867916107	-1.49431097507477	1.75999867916107	5.90339946746826	1.75999867916107	3.48535013198853	1.75999867916107	3.77314782142639	1.75999867916107	3.4036078453064	1.75999867916107	2.49514412879944	1.75999867916107	5.2270679473877	1.75999867916107	1.64978301525116	1.75999867916107	2.98995161056519	1.75999867916107	4.79220199584961	1.75999867916107	9.28468418121338	1.75999867916107	0.0041455440223217	1.75999867916107	0.00719528179615736	1.75999867916107	0.00750404363498092	1.75999867916107	0.00821854174137116	1.75999867916107	0.00870785303413868	1.75999867916107	0.0079276580363512	1.75999867916107	0.00863481499254703	1.75999867916107	0.00714004179462791	1.75999867916107	0.0159450825303793	1.75999867916107	0.00430442718788981
1.76999866962433	51.7340850830078	1.76999866962433	63.719367980957	1.76999866962433	70.2416915893555	1.76999866962433	78.5187072753906	1.76999866962433	87.2648086547852	1.76999866962433	80.2852630615234	1.76999866962433	96.0958862304687	1.76999866962433	75.1317520141602	1.76999866962433	203.989501953125	1.76999866962433	10.5754508972168	1.76999866962433	2.86489391326904	1.76999866962433	4.80681324005127	1.76999866962433	5.98647022247314	1.76999866962433	5.85105037689209	1.76999866962433	4.71968841552734	1.76999866962433	5.94333457946777	1.76999866962433	7.10429239273071	1.76999866962433	5.27008533477783	1.76999866962433	4.27048349380493	1.76999866962433	-1.53538584709167	1.76999866962433	5.95718097686768	1.76999866962433	3.50663566589355	1.76999866962433	3.79623937606812	1.76999866962433	3.44005918502808	1.76999866962433	2.50283217430115	1.76999866962433	5.26156663894653	1.76999866962433	1.67934155464172	1.76999866962433	3.01999855041504	1.76999866962433	4.85493040084839	1.76999866962433	9.3918514251709	1.76999866962433	0.00409821607172489	1.76999866962433	0.00726365856826305	1.76999866962433	0.0075766141526401	1.76999866962433	0.00830120872706175	1.76999866962433	0.008777623064816	1.76999866962433	0.00800705328583717	1.76999866962433	0.0087327528744936	1.76999866962433	0.007171128410846	1.76999866962433	0.0164997782558203	1.76999866962433	0.00441911397501826
1.77999866008759	52.4675025939941	1.77999866008759	65.0329818725586	1.77999866008759	71.6120071411133	1.77999866008759	80.0203628540039	1.77999866008759	88.8510589599609	1.77999866008759	81.7336807250977	1.77999866008759	97.6765975952148	1.77999866008759	76.4253463745117	1.77999866008759	207.009368896484	1.77999866008759	11.3812141418457	1.77999866008759	2.79715394973755	1.77999866008759	4.82240009307861	1.77999866008759	6.00650930404663	1.77999866008759	5.86672925949097	1.77999866008759	4.73106098175049	1.77999866008759	5.94413089752197	1.77999866008759	7.11659574508667	1.77999866008759	5.31457996368408	1.77999866008759	3.98904991149902	1.77999866008759	-1.56866097450256	1.77999866008759	6.01061391830444	1.77999866008759	3.52787208557129	1.77999866008759	3.81931352615356	1.77999866008759	3.47718811035156	1.77999866008759	2.51074576377869	1.77999866008759	5.29674911499023	1.77999866008759	1.7095764875412	1.77999866008759	3.04988598823547	1.77999866008759	4.91898012161255	1.77999866008759	9.49522495269775	1.77999866008759	0.00405896361917257	1.77999866008759	0.00732952356338501	1.77999866008759	0.0076464512385428	1.77999866008759	0.0083812428638339	1.77999866008759	0.00884521007537842	1.77999866008759	0.00808639358729124	1.77999866008759	0.0088284146040678	1.77999866008759	0.00719329807907343	1.77999866008759	0.0170930922031403	1.77999866008759	0.00453415885567665
1.78999865055084	53.1945838928223	1.78999865055084	66.3582229614258	1.78999865055084	72.9946594238281	1.78999865055084	81.5361938476563	1.78999865055084	90.4492797851562	1.78999865055084	83.1963729858398	1.78999865055084	99.2743148803711	1.78999865055084	77.7221450805664	1.78999865055084	210.139526367187	1.78999865055084	12.2077169418335	1.78999865055084	2.73021173477173	1.78999865055084	4.83856248855591	1.78999865055084	6.02728271484375	1.78999865055084	5.88350105285645	1.78999865055084	4.74232816696167	1.78999865055084	5.94587135314941	1.78999865055084	7.12936687469482	1.78999865055084	5.36081218719482	1.78999865055084	3.6909704208374	1.78999865055084	-1.59404051303864	1.78999865055084	6.06348896026611	1.78999865055084	3.54900979995728	1.78999865055084	3.84231853485107	1.78999865055084	3.51497268676758	1.78999865055084	2.51886081695557	1.78999865055084	5.33258152008057	1.78999865055084	1.74049079418182	1.78999865055084	3.07949066162109	1.78999865055084	4.98424673080444	1.78999865055084	9.59445762634277	1.78999865055084	0.00402774708345532	1.78999865055084	0.00739278923720121	1.78999865055084	0.00771345989778638	1.78999865055084	0.0084584653377533	1.78999865055084	0.00891063921153545	1.78999865055084	0.008165561594069	1.78999865055084	0.00892171543091536	1.78999865055084	0.00720620341598988	1.78999865055084	0.0177272502332926	1.78999865055084	0.00464948220178485
1.7999986410141	53.9167709350586	1.7999986410141	67.6946182250977	1.7999986410141	74.3891143798828	1.7999986410141	83.0656661987305	1.7999986410141	92.05908203125	1.7999986410141	84.6732940673828	1.7999986410141	100.888626098633	1.7999986410141	79.0204162597656	1.7999986410141	213.387512207031	1.7999986410141	13.0550022125244	1.7999986410141	2.66497182846069	1.7999986410141	4.85538387298584	1.7999986410141	6.04887580871582	1.7999986410141	5.90146827697754	1.7999986410141	4.75355100631714	1.7999986410141	5.94877862930298	1.7999986410141	7.14265012741089	1.7999986410141	5.40886163711548	1.7999986410141	3.37517547607422	1.7999986410141	-1.61144828796387	1.7999986410141	6.11555862426758	1.7999986410141	3.56999063491821	1.7999986410141	3.86518669128418	1.7999986410141	3.55337929725647	1.7999986410141	2.5271520614624	1.7999986410141	5.36902236938477	1.7999986410141	1.77207040786743	1.7999986410141	3.1086630821228	1.7999986410141	5.05058097839355	1.7999986410141	9.68917846679688	1.7999986410141	0.00400442024692893	1.7999986410141	0.00745335640385747	1.7999986410141	0.00777753489091992	1.7999986410141	0.00853268057107925	1.7999986410141	0.00897392630577087	1.7999986410141	0.00824440829455853	1.7999986410141	0.0090125659480691	1.7999986410141	0.00720948679372668	1.7999986410141	0.0184046234935522	1.7999986410141	0.00476500578224659
1.80999863147736	54.6354675292969	1.80999863147736	69.0416717529297	1.80999863147736	75.7948303222656	1.80999863147736	84.6082305908203	1.80999863147736	93.6800842285156	1.80999863147736	86.1643905639648	1.80999863147736	102.519058227539	1.80999863147736	80.3184204101562	1.80999863147736	216.761306762695	1.80999863147736	13.9231014251709	1.80999863147736	2.60234022140503	1.80999863147736	4.87296152114868	1.80999863147736	6.07139778137207	1.80999863147736	5.92076253890991	1.80999863147736	4.76480627059937	1.80999863147736	5.95310258865356	1.80999863147736	7.15650033950806	1.80999863147736	5.45885372161865	1.80999863147736	3.04059672355652	1.80999863147736	-1.62080097198486	1.80999863147736	6.16652822494507	1.80999863147736	3.59074974060059	1.80999863147736	3.88784170150757	1.80999863147736	3.59235382080078	1.80999863147736	2.5355806350708	1.80999863147736	5.40601062774658	1.80999863147736	1.80428671836853	1.80999863147736	3.13720464706421	1.80999863147736	5.11776924133301	1.80999863147736	9.77891731262207	1.80999863147736	0.00398872746154666	1.80999863147736	0.00751111097633839	1.80999863147736	0.00783855654299259	1.80999863147736	0.00860367249697447	1.80999863147736	0.0090350741520524	1.80999863147736	0.00832275114953518	1.80999863147736	0.00910086743533611	1.80999863147736	0.00720276823267341	1.80999863147736	0.0191277172416449	1.80999863147736	0.00488064996898174
1.81999862194061	55.3520240783691	1.81999862194061	70.3988723754883	1.81999862194061	77.2112655639648	1.81999862194061	86.1632919311523	1.81999862194061	95.311897277832	1.81999862194061	87.6695327758789	1.81999862194061	104.165161132813	1.81999862194061	81.6143112182617	1.81999862194061	220.269378662109	1.81999862194061	14.8120269775391	1.81999862194061	2.54323053359985	1.81999862194061	4.89140939712524	1.81999862194061	6.09498119354248	1.81999862194061	5.94154167175293	1.81999862194061	4.77618980407715	1.81999862194061	5.9591178894043	1.81999862194061	7.1710033416748	1.81999862194061	5.51097202301025	1.81999862194061	2.68621206283569	1.81999862194061	-1.62204885482788	1.81999862194061	6.21604919433594	1.81999862194061	3.61120295524597	1.81999862194061	3.91018962860107	1.81999862194061	3.63182353973389	1.81999862194061	2.54409742355347	1.81999862194061	5.44347381591797	1.81999862194061	1.83710193634033	1.81999862194061	3.1648736000061	1.81999862194061	5.18553400039673	1.81999862194061	9.86316967010498	1.81999862194061	0.00398030690848827	1.81999862194061	0.00756592163816094	1.81999862194061	0.00789638888090849	1.81999862194061	0.00867119990289211	1.81999862194061	0.00909407064318657	1.81999862194061	0.00840037036687136	1.81999862194061	0.00918650906533003	1.81999862194061	0.0071856384165585	1.81999862194061	0.019899183884263	1.81999862194061	0.00499633373692632
1.82999861240387	56.0677223205566	1.82999861240387	71.7656784057617	1.82999861240387	78.6378173828125	1.82999861240387	87.7301864624023	1.82999861240387	96.9541473388672	1.82999861240387	89.1885833740234	1.82999861240387	105.826446533203	1.82999861240387	82.9061889648438	1.82999861240387	223.920654296875	1.82999861240387	15.7217788696289	1.82999861240387	2.48854041099548	1.82999861240387	4.91086101531982	1.82999861240387	6.11977910995483	1.82999861240387	5.96398782730103	1.82999861240387	4.78781795501709	1.82999861240387	5.96713304519653	1.82999861240387	7.18626642227173	1.82999861240387	5.56545639038086	1.82999861240387	2.31105589866638	1.82999861240387	-1.61518108844757	1.82999861240387	6.2637186050415	1.82999861240387	3.63125038146973	1.82999861240387	3.93211650848389	1.82999861240387	3.67169857025146	1.82999861240387	2.55264186859131	1.82999861240387	5.48131275177002	1.82999861240387	1.87046086788178	1.82999861240387	3.19137525558472	1.82999861240387	5.25351715087891	1.82999861240387	9.94142436981201	1.82999861240387	0.00397868640720844	1.82999861240387	0.00761763658374548	1.82999861240387	0.00795087683945894	1.82999861240387	0.00873499270528555	1.82999861240387	0.00915088318288326	1.82999861240387	0.00847700610756874	1.82999861240387	0.0092693604528904	1.82999861240387	0.00715764379128814	1.82999861240387	0.020721796900034	1.82999861240387	0.00511197606101632
1.83999860286713	56.7837448120117	1.83999860286713	73.1415023803711	1.83999860286713	80.0738830566406	1.83999860286713	89.308219909668	1.83999860286713	98.6064147949219	1.83999860286713	90.7213516235352	1.83999860286713	107.502388000488	1.83999860286713	84.1920471191406	1.83999860286713	227.724609375	1.83999860286713	16.65234375	1.83999860286713	2.43915033340454	1.83999860286713	4.93147134780884	1.83999860286713	6.14597749710083	1.83999860286713	5.98832082748413	1.83999860286713	4.79982614517212	1.83999860286713	5.97749042510986	1.83999860286713	7.20242929458618	1.83999860286713	5.62260913848877	1.83999860286713	1.91427266597748	1.83999860286713	-1.60017478466034	1.83999860286713	6.30906391143799	1.83999860286713	3.65078401565552	1.83999860286713	3.95348787307739	1.83999860286713	3.71185636520386	1.83999860286713	2.56113767623901	1.83999860286713	5.51941108703613	1.83999860286713	1.90428805351257	1.83999860286713	3.2163405418396	1.83999860286713	5.32126569747925	1.83999860286713	10.0130205154419	1.83999860286713	0.0039832885377109	1.83999860286713	0.00766608165577054	1.83999860286713	0.0080018425360322	1.83999860286713	0.00879474729299545	1.83999860286713	0.00920545216649771	1.83999860286713	0.00855235196650028	1.83999860286713	0.00934927072376013	1.83999860286713	0.00711827585473657	1.83999860286713	0.0215984508395195	1.83999860286713	0.00522749638184905
1.84999859333038	57.501148223877	1.84999859333038	74.5257568359375	1.84999859333038	81.518798828125	1.84999859333038	90.8966522216797	1.84999859333038	100.268310546875	1.84999859333038	92.2675552368164	1.84999859333038	109.192451477051	1.84999859333038	85.4697952270508	1.84999859333038	231.69123840332	1.84999859333038	17.6036891937256	1.84999859333038	2.39590263366699	1.84999859333038	4.95341491699219	1.84999859333038	6.1737813949585	1.84999859333038	6.01480150222778	1.84999859333038	4.81237697601318	1.84999859333038	5.99056673049927	1.84999859333038	7.21966743469238	1.84999859333038	5.68280124664307	1.84999859333038	1.49515771865845	1.84999859333038	-1.57707178592682	1.84999859333038	6.35153722763062	1.84999859333038	3.66966390609741	1.84999859333038	3.97414493560791	1.84999859333038	3.75214385986328	1.84999859333038	2.56949424743652	1.84999859333038	5.55762052536011	1.84999859333038	1.93848180770874	1.84999859333038	3.23934388160706	1.84999859333038	5.38821268081665	1.84999859333038	10.0772523880005	1.84999859333038	0.0039934329688549	1.84999859333038	0.00771105429157615	1.84999859333038	0.00804907828569412	1.84999859333038	0.00885011814534664	1.84999859333038	0.00925769470632076	1.84999859333038	0.00862605031579733	1.84999859333038	0.00942605640739203	1.84999859333038	0.00706695625558495	1.84999859333038	0.0225321315228939	1.84999859333038	0.00534281367436051
1.85999858379364	58.2208786010742	1.85999858379364	75.9178009033203	1.85999858379364	82.9718856811523	1.85999858379364	92.4946517944336	1.85999858379364	101.939399719238	1.85999858379364	93.8268737792969	1.85999858379364	110.896049499512	1.85999858379364	86.7372283935547	1.85999858379364	235.8310546875	1.85999858379364	18.5757751464844	1.85999858379364	2.35958290100098	1.85999858379364	4.97688865661621	1.85999858379364	6.20342922210693	1.85999858379364	6.04372119903564	1.85999858379364	4.82565879821777	1.85999858379364	6.00677919387817	1.85999858379364	7.23818826675415	1.85999858379364	5.74646759033203	1.85999858379364	1.05324101448059	1.85999858379364	-1.54598474502563	1.85999858379364	6.3905029296875	1.85999858379364	3.68773698806763	1.85999858379364	3.99390411376953	1.85999858379364	3.79237174987793	1.85999858379364	2.57760286331177	1.85999858379364	5.59576034545898	1.85999858379364	1.97290825843811	1.85999858379364	3.25987148284912	1.85999858379364	5.45366430282593	1.85999858379364	10.1333780288696	1.85999858379364	0.00400834158062935	1.85999858379364	0.00775232305750251	1.85999858379364	0.00809234753251076	1.85999858379364	0.00890071131289005	1.85999858379364	0.00930749159306288	1.85999858379364	0.00869768671691418	1.85999858379364	0.00949950236827135	1.85999858379364	0.0070030246861279	1.85999858379364	0.0235258955508471	1.85999858379364	0.00545784784480929
1.8699985742569	58.943717956543	1.8699985742569	77.3169326782227	1.8699985742569	84.4323959350586	1.8699985742569	94.1013412475586	1.8699985742569	103.619232177734	1.8699985742569	95.3989028930664	1.8699985742569	112.612571716309	1.8699985742569	87.9920196533203	1.8699985742569	240.155166625977	1.8699985742569	19.5685405731201	1.8699985742569	2.33090496063232	1.8699985742569	5.00211048126221	1.8699985742569	6.235191822052	1.8699985742569	6.07541990280151	1.8699985742569	4.83988666534424	1.8699985742569	6.02658605575561	1.8699985742569	7.25824403762817	1.8699985742569	5.81410551071167	1.8699985742569	0.588342905044556	1.8699985742569	-1.50704455375671	1.8699985742569	6.42523527145386	1.8699985742569	3.70482707023621	1.8699985742569	4.01255035400391	1.8699985742569	3.83230757713318	1.8699985742569	2.58532762527466	1.8699985742569	5.63361024856567	1.8699985742569	2.007408618927	1.8699985742569	3.27732968330383	1.8699985742569	5.51677799224854	1.8699985742569	10.1804847717285	1.8699985742569	0.00402714498341084	1.8699985742569	0.00778962066397071	1.8699985742569	0.00813138112425804	1.8699985742569	0.00894607976078987	1.8699985742569	0.00935468543320894	1.8699985742569	0.0087667852640152	1.8699985742569	0.00956934690475464	1.8699985742569	0.00692572444677353	1.8699985742569	0.0245828274637461	1.8699985742569	0.00557252019643784
1.87999856472015	59.6703033447266	1.87999856472015	78.7224197387695	1.87999856472015	85.8995590209961	1.87999856472015	95.7157135009766	1.87999856472015	105.307327270508	1.87999856472015	96.9831390380859	1.87999856472015	114.341339111328	1.87999856472015	89.2316970825195	1.87999856472015	244.675186157227	1.87999856472015	20.5819149017334	1.87999856472015	2.31047892570496	1.87999856472015	5.0293116569519	1.87999856472015	6.26936769485474	1.87999856472015	6.11027812957764	1.87999856472015	4.85531091690063	1.87999856472015	6.0504903793335	1.87999856472015	7.28013134002686	1.87999856472015	5.88627052307129	1.87999856472015	0.10070276260376	1.87999856472015	-1.46051263809204	1.87999856472015	6.4549036026001	1.87999856472015	3.7207202911377	1.87999856472015	4.02983379364014	1.87999856472015	3.87166929244995	1.87999856472015	2.59251737594604	1.87999856472015	5.67090797424316	1.87999856472015	2.04177355766296	1.87999856472015	3.29102230072022	1.87999856472015	5.57653522491455	1.87999856472015	10.2176599502563	1.87999856472015	0.00404889555647969	1.87999856472015	0.00782264396548271	1.87999856472015	0.0081658661365509	1.87999856472015	0.00898571312427521	1.87999856472015	0.00939907599240541	1.87999856472015	0.00883280299603939	1.87999856472015	0.00963528081774712	1.87999856472015	0.00683418987318873	1.87999856472015	0.0257059931755066	1.87999856472015	0.00568675296381116
1.88999855518341	60.4010581970215	1.88999855518341	80.1334686279297	1.88999855518341	87.3725204467773	1.88999855518341	97.3367080688477	1.88999855518341	107.003150939941	1.88999855518341	98.578987121582	1.88999855518341	116.081634521484	1.88999855518341	90.45361328125	1.88999855518341	249.403350830078	1.88999855518341	21.6158103942871	1.88999855518341	2.29878902435303	1.88999855518341	5.05875587463379	1.88999855518341	6.30627822875977	1.88999855518341	6.14871835708618	1.88999855518341	4.87220859527588	1.88999855518341	6.07904005050659	1.88999855518341	7.30419683456421	1.88999855518341	5.96356534957886	1.88999855518341	-0.408920049667358	1.88999855518341	-1.40671944618225	1.88999855518341	6.4785590171814	1.88999855518341	3.73518776893616	1.88999855518341	4.04546737670898	1.88999855518341	3.91010880470276	1.88999855518341	2.59898805618286	1.88999855518341	5.70734119415283	1.88999855518341	2.07575082778931	1.88999855518341	3.30015754699707	1.88999855518341	5.63172101974487	1.88999855518341	10.2438354492187	1.88999855518341	0.00407257815822959	1.88999855518341	0.00785105116665363	1.88999855518341	0.00819544773548841	1.88999855518341	0.00901903118938208	1.88999855518341	0.00944041274487972	1.88999855518341	0.00889511965215206	1.88999855518341	0.00969693437218666	1.88999855518341	0.00672743562608957	1.88999855518341	0.0268983691930771	1.88999855518341	0.00580047257244587
1.89999854564667	61.1362571716309	1.89999854564667	81.5492172241211	1.89999854564667	88.8503646850586	1.89999854564667	98.963134765625	1.89999854564667	108.706146240234	1.89999854564667	100.18571472168	1.89999854564667	117.832633972168	1.89999854564667	91.6549377441406	1.89999854564667	254.35237121582	1.89999854564667	22.6701316833496	1.89999854564667	2.29614734649658	1.89999854564667	5.09070444107056	1.89999854564667	6.34627294540405	1.89999854564667	6.19120788574219	1.89999854564667	4.89089584350586	1.89999854564667	6.11282157897949	1.89999854564667	7.33083629608154	1.89999854564667	6.04662036895752	1.89999854564667	-0.939084529876709	1.89999854564667	-1.34614872932434	1.89999854564667	6.49513959884644	1.89999854564667	3.74795627593994	1.89999854564667	4.05912351608276	1.89999854564667	3.94722414016724	1.89999854564667	2.60452628135681	1.89999854564667	5.74252605438232	1.89999854564667	2.10903882980347	1.89999854564667	3.30383062362671	1.89999854564667	5.68090391159058	1.89999854564667	10.2579288482666	1.89999854564667	0.00409712875261903	1.89999854564667	0.007874452508986	1.89999854564667	0.00821972731500864	1.89999854564667	0.00904537830501795	1.89999854564667	0.00947838742285967	1.89999854564667	0.00895303580909967	1.89999854564667	0.00975386518985033	1.89999854564667	0.00660434644669294	1.89999854564667	0.0281627587974071	1.89999854564667	0.0059136082418263
1.90999853610992	61.8759498596191	1.90999853610992	82.9687194824219	1.90999853610992	90.3320999145508	1.90999853610992	100.593673706055	1.90999853610992	110.415679931641	1.90999853610992	101.802474975586	1.90999853610992	119.593460083008	1.90999853610992	92.8326416015625	1.90999853610992	259.535461425781	1.90999853610992	23.7447624206543	1.90999853610992	2.30264186859131	1.90999853610992	5.12543344497681	1.90999853610992	6.38971948623657	1.90999853610992	6.23824691772461	1.90999853610992	4.91171884536743	1.90999853610992	6.15246200561523	1.90999853610992	7.36049604415894	1.90999853610992	6.13606786727905	1.90999853610992	-1.48749494552612	1.90999853610992	-1.27942681312561	1.90999853610992	6.50344276428223	1.90999853610992	3.75872564315796	1.90999853610992	4.07043600082397	1.90999853610992	3.98252701759338	1.90999853610992	2.60888862609863	1.90999853610992	5.7760329246521	1.90999853610992	2.14126205444336	1.90999853610992	3.30103349685669	1.90999853610992	5.72240543365479	1.90999853610992	10.258716583252	1.90999853610992	0.00412145489826798	1.90999853610992	0.00789241772145033	1.90999853610992	0.00823825225234032	1.90999853610992	0.00906401220709085	1.90999853610992	0.0095126312226057	1.90999853610992	0.00900576636195183	1.90999853610992	0.00980555545538664	1.90999853610992	0.00646367436274886	1.90999853610992	0.0295016895979643	1.90999853610992	0.0060260952450335
1.91999852657318	62.620002746582	1.91999852657318	84.3909759521484	1.91999852657318	91.816650390625	1.91999852657318	102.226875305176	1.91999852657318	112.131034851074	1.91999852657318	103.428260803223	1.91999852657318	121.363121032715	1.91999852657318	93.9834518432617	1.91999852657318	264.966247558594	1.91999852657318	24.8395824432373	1.91999852657318	2.31810879707336	1.91999852657318	5.16321849822998	1.91999852657318	6.43699264526367	1.91999852657318	6.29036426544189	1.91999852657318	4.93505811691284	1.91999852657318	6.1986141204834	1.91999852657318	7.39368057250977	1.91999852657318	6.23250532150269	1.91999852657318	-2.0507984161377	1.91999852657318	-1.20734071731567	1.91999852657318	6.50215673446655	1.91999852657318	3.76716423034668	1.91999852657318	4.07899141311646	1.91999852657318	4.01545238494873	1.91999852657318	2.61179757118225	1.91999852657318	5.80733776092529	1.91999852657318	2.17198586463928	1.91999852657318	3.29064273834229	1.91999852657318	5.75428199768066	1.91999852657318	10.244945526123	1.91999852657318	0.00414446927607059	1.91999852657318	0.00790446903556585	1.91999852657318	0.00825051870197058	1.91999852657318	0.00907410308718681	1.91999852657318	0.00954270362854004	1.91999852657318	0.00905243214219809	1.91999852657318	0.00985139701515436	1.91999852657318	0.00630404008552432	1.91999852657318	0.0309172719717026	1.91999852657318	0.00613787630572915
1.92999851703644	63.3680801391602	1.92999851703644	85.8148651123047	1.92999851703644	93.302848815918	1.92999851703644	103.861122131348	1.92999851703644	113.851425170898	1.92999851703644	105.061897277832	1.92999851703644	123.140495300293	1.92999851703644	95.1038055419922	1.92999851703644	270.658782958984	1.92999851703644	25.9544620513916	1.92999851703644	2.34204149246216	1.92999851703644	5.20431661605835	1.92999851703644	6.48846340179443	1.92999851703644	6.34810447692871	1.92999851703644	4.96132278442383	1.92999851703644	6.25195264816284	1.92999851703644	7.43093776702881	1.92999851703644	6.3364405632019	1.92999851703644	-2.62435483932495	1.92999851703644	-1.13094115257263	1.92999851703644	6.48983478546143	1.92999851703644	3.77289748191833	1.92999851703644	4.08433055877686	1.92999851703644	4.04534196853638	1.92999851703644	2.61293458938599	1.92999851703644	5.83585596084595	1.92999851703644	2.20069527626038	1.92999851703644	3.27143955230713	1.92999851703644	5.77431440353394	1.92999851703644	10.2152986526489	1.92999851703644	0.00416511762887239	1.92999851703644	0.00791008397936821	1.92999851703644	0.0082559734582901	1.92999851703644	0.00907472334802151	1.92999851703644	0.00956809055060148	1.92999851703644	0.00909206084907055	1.92999851703644	0.00989068206399679	1.92999851703644	0.00612394418567419	1.92999851703644	0.0324110463261604	1.92999851703644	0.0062489015981555
1.93999850749969	64.1196594238281	1.93999850749969	87.2391891479492	1.93999850749969	94.789421081543	1.93999850749969	105.49462890625	1.93999850749969	115.575965881348	1.93999850749969	106.702033996582	1.93999850749969	124.924354553223	1.93999850749969	96.1899108886719	1.93999850749969	276.627197265625	1.93999850749969	27.0892562866211	1.93999850749969	2.37353563308716	1.93999850749969	5.24895572662354	1.93999850749969	6.54448175430298	1.93999850749969	6.41200160980225	1.93999850749969	4.99094343185425	1.93999850749969	6.31314516067505	1.93999850749969	7.47285890579224	1.93999850749969	6.44822788238525	1.93999850749969	-3.20196413993835	1.93999850749969	-1.05150294303894	1.93999850749969	6.46492528915405	1.93999850749969	3.77553033828735	1.93999850749969	4.08596229553223	1.93999850749969	4.07145071029663	1.93999850749969	2.61195039749146	1.93999850749969	5.86090803146362	1.93999850749969	2.22679042816162	1.93999850749969	3.24212741851807	1.93999850749969	5.7799973487854	1.93999850749969	10.1685266494751	1.93999850749969	0.00418242625892162	1.93999850749969	0.00790869910269976	1.93999850749969	0.00825400650501251	1.93999850749969	0.00906485319137573	1.93999850749969	0.00958819407969713	1.93999850749969	0.00912358239293098	1.93999850749969	0.00992259755730629	1.93999850749969	0.00592179084196687	1.93999850749969	0.0339837856590748	1.93999850749969	0.00635913433507085
1.94999849796295	64.8740539550781	1.94999849796295	88.6626281738281	1.94999849796295	96.2749633789063	1.94999849796295	107.125411987305	1.94999849796295	117.303665161133	1.94999849796295	108.347114562988	1.94999849796295	126.713287353516	1.94999849796295	97.2376327514648	1.94999849796295	282.885833740234	1.94999849796295	28.2438220977783	1.94999849796295	2.41121602058411	1.94999849796295	5.29731035232544	1.94999849796295	6.60534763336182	1.94999849796295	6.48255348205566	1.94999849796295	5.02437019348145	1.94999849796295	6.38282918930054	1.94999849796295	7.52006721496582	1.94999849796295	6.56797981262207	1.94999849796295	-3.77562403678894	1.94999849796295	-0.97059965133667	1.94999849796295	6.42579460144043	1.94999849796295	3.77463722229004	1.94999849796295	4.08335781097412	1.94999849796295	4.09293460845947	1.94999849796295	2.60845804214478	1.94999849796295	5.88173723220825	1.94999849796295	2.24958467483521	1.94999849796295	3.20134878158569	1.94999849796295	5.76854705810547	1.94999849796295	10.1033601760864	1.94999849796295	0.00419555231928825	1.94999849796295	0.00789971556514502	1.94999849796295	0.00824396498501301	1.94999849796295	0.00904337968677282	1.94999849796295	0.00960233621299267	1.94999849796295	0.00914583168923855	1.94999849796295	0.00994621310383081	1.94999849796295	0.0056959236972034	1.94999849796295	0.0356352627277374	1.94999849796295	0.00646855030208826
1.95999848842621	65.6304397583008	1.95999848842621	90.0837707519531	1.95999848842621	97.7579803466797	1.95999848842621	108.751289367676	1.95999848842621	119.033355712891	1.95999848842621	109.995361328125	1.95999848842621	128.505737304688	1.95999848842621	98.2425689697266	1.95999848842621	289.448822021484	1.95999848842621	29.4180107116699	1.95999848842621	2.45315861701965	1.95999848842621	5.34947681427002	1.95999848842621	6.67128372192383	1.95999848842621	6.56019020080566	1.95999848842621	5.06204462051392	1.95999848842621	6.46157455444336	1.95999848842621	7.57319831848145	1.95999848842621	6.69545555114746	1.95999848842621	-4.33523464202881	1.95999848842621	-0.890099048614502	1.95999848842621	6.37077379226685	1.95999848842621	3.76977682113647	1.95999848842621	4.07596206665039	1.95999848842621	4.10885667800903	1.95999848842621	2.60204267501831	1.95999848842621	5.89750146865845	1.95999848842621	2.26830863952637	1.95999848842621	3.14774608612061	1.95999848842621	5.73693752288818	1.95999848842621	10.0186548233032	1.95999848842621	0.00420384528115392	1.95999848842621	0.00788251217454672	1.95999848842621	0.00822515599429607	1.95999848842621	0.00900910422205925	1.95999848842621	0.00960974860936403	1.95999848842621	0.00915755517780781	1.95999848842621	0.00996048003435135	1.95999848842621	0.00544468499720097	1.95999848842621	0.037363987416029	1.95999848842621	0.006577143445611
1.96999847888947	66.3878707885742	1.96999847888947	91.5010681152344	1.96999847888947	99.2368087768555	1.96999847888947	110.369842529297	1.96999847888947	120.763786315918	1.96999847888947	111.644775390625	1.96999847888947	130.299911499023	1.96999847888947	99.2000045776367	1.96999847888947	296.329895019531	1.96999847888947	30.6116676330566	1.96999847888947	2.49679708480835	1.96999847888947	5.405442237854	1.96999847888947	6.74240064620972	1.96999847888947	6.64520883560181	1.96999847888947	5.1043963432312	1.96999847888947	6.54983377456665	1.96999847888947	7.6328706741333	1.96999847888947	6.82993268966675	1.96999847888947	-4.8683648109436	1.96999847888947	-0.812196493148804	1.96999847888947	6.29821062088013	1.96999847888947	3.76050901412964	1.96999847888947	4.06322622299194	1.96999847888947	4.11820888519287	1.96999847888947	2.59226775169373	1.96999847888947	5.9072904586792	1.96999847888947	2.2821044921875	1.96999847888947	3.08000993728638	1.96999847888947	5.68195819854736	1.96999847888947	9.91349315643311	1.96999847888947	0.0042069130577147	1.96999847888947	0.00785645376890898	1.96999847888947	0.00819686241447926	1.96999847888947	0.00896076299250126	1.96999847888947	0.00960958003997803	1.96999847888947	0.00915742199867964	1.96999847888947	0.0099642276763916	1.96999847888947	0.00516650034114718	1.96999847888947	0.0391669049859047	1.96999847888947	0.0066849272698164
1.97999846935272	67.145393371582	1.97999846935272	92.9128952026367	1.97999846935272	100.709701538086	1.97999846935272	111.97843170166	1.97999846935272	122.49348449707	1.97999846935272	113.293098449707	1.97999846935272	132.093795776367	1.97999846935272	100.104942321777	1.97999846935272	303.542236328125	1.97999846935272	31.8246593475342	1.97999846935272	2.5388879776001	1.97999846935272	5.46504211425781	1.97999846935272	6.8186411857605	1.97999846935272	6.73772525787353	1.97999846935272	5.15180397033691	1.97999846935272	6.64787912368774	1.97999846935272	7.69965600967407	1.97999846935272	6.97004842758179	1.97999846935272	-5.36007022857666	1.97999846935272	-0.739469051361084	1.97999846935272	6.2065691947937	1.97999846935272	3.74641466140747	1.97999846935272	4.0446081161499	1.97999846935272	4.11991786956787	1.97999846935272	2.57869005203247	1.97999846935272	5.91014862060547	1.97999846935272	2.29005312919617	1.97999846935272	2.9969756603241	1.97999846935272	5.60031318664551	1.97999846935272	9.78725814819336	1.97999846935272	0.00420470722019672	1.97999846935272	0.00782092101871967	1.97999846935272	0.0081583559513092	1.97999846935272	0.00889704748988152	1.97999846935272	0.00960089918226004	1.97999846935272	0.00914404634386301	1.97999846935272	0.00995617173612118	1.97999846935272	0.00485998718068004	1.97999846935272	0.0410390757024288	1.97999846935272	0.00679193856194615
1.98999845981598	67.9020385742188	1.98999845981598	94.3174591064453	1.98999845981598	102.174743652344	1.98999845981598	113.574165344238	1.98999845981598	124.22087097168	1.98999845981598	114.93782043457	1.98999845981598	133.885177612305	1.98999845981598	100.9521484375	1.98999845981598	311.097778320313	1.98999845981598	33.0568389892578	1.98999845981598	2.57544326782227	1.98999845981598	5.52792167663574	1.98999845981598	6.89973878860474	1.98999845981598	6.83758974075317	1.98999845981598	5.20457172393799	1.98999845981598	6.75572872161865	1.98999845981598	7.77402687072754	1.98999845981598	7.11362886428833	1.98999845981598	-5.79280185699463	1.98999845981598	-0.674744367599487	1.98999845981598	6.09453296661377	1.98999845981598	3.72711658477783	1.98999845981598	4.01963329315186	1.98999845981598	4.11290311813354	1.98999845981598	2.560875415802	1.98999845981598	5.90509605407715	1.98999845981598	2.29118800163269	1.98999845981598	2.8977255821228	1.98999845981598	5.48875761032105	1.98999845981598	9.63972568511963	1.98999845981598	0.00419760309159756	1.98999845981598	0.0077753309160471	1.98999845981598	0.00810893159359694	1.98999845981598	0.00881664548069239	1.98999845981598	0.0095827067270875	1.98999845981598	0.00911601446568966	1.98999845981598	0.0099349245429039	1.98999845981598	0.00452410476282239	1.98999845981598	0.0429733283817768	1.98999845981598	0.0068982420489192
1.99999845027924	68.6569671630859	1.99999845027924	95.7129135131836	1.99999845027924	103.629898071289	1.99999845027924	115.153930664062	1.99999845027924	125.944114685059	1.99999845027924	116.576179504395	1.99999845027924	135.67155456543	1.99999845027924	101.736259460449	1.99999845027924	319.007049560547	1.99999845027924	34.3080902099609	1.99999845027924	2.6017529964447	1.99999845027924	5.59348583221436	1.99999845027924	6.98514747619629	1.99999845027924	6.94430923461914	1.99999845027924	5.26288318634033	1.99999845027924	6.87305641174316	1.99999845027924	7.85629987716675	1.99999845027924	7.25751495361328	1.99999845027924	-6.14650678634644	1.99999845027924	-0.621111154556274	1.99999845027924	5.96116542816162	1.99999845027924	3.70231628417969	1.99999845027924	3.9879093170166	1.99999845027924	4.09610891342163	1.99999845027924	2.53843235969543	1.99999845027924	5.89118814468384	1.99999845027924	2.28453850746155	1.99999845027924	2.78172731399536	1.99999845027924	5.34431123733521	1.99999845027924	9.47128391265869	1.99999845027924	0.00418649334460497	1.99999845027924	0.00771917356178164	1.99999845027924	0.00804793275892734	1.99999845027924	0.00871829409152269	1.99999845027924	0.00955395214259624	1.99999845027924	0.00907192658632994	1.99999845027924	0.00989901926368475	1.99999845027924	0.00415833527222276	1.99999845027924	0.0449599102139473	1.99999845027924	0.00700393132865429
2.00999855995178	69.409538269043	2.00999855995178	97.0973129272461	2.00999855995178	105.073036193848	2.00999855995178	116.714370727539	2.00999855995178	127.661224365234	2.00999855995178	118.205154418945	2.00999855995178	137.450149536133	2.00999855995178	102.451843261719	2.00999855995178	327.278625488281	2.00999855995178	35.578311920166	2.00999855995178	2.61241292953491	2.00999855995178	5.66086483001709	2.00999855995178	7.07399463653564	2.00999855995178	7.05693912506104	2.00999855995178	5.32675790786743	2.00999855995178	6.99909782409668	2.00999855995178	7.94657039642334	2.00999855995178	7.39738512039185	2.00999855995178	-6.39894866943359	2.00999855995178	-0.581851005554199	2.00999855995178	5.80606365203857	2.00999855995178	3.67184448242188	2.00999855995178	3.94920063018799	2.00999855995178	4.0685863494873	2.00999855995178	2.51103329658508	2.00999855995178	5.86756324768066	2.00999855995178	2.26916861534119	2.00999855995178	2.64898681640625	2.00999855995178	5.1645073890686	2.00999855995178	9.28300189971924	2.00999855995178	0.00417287182062864	2.00999855995178	0.00765205640345812	2.00999855995178	0.00797479692846537	2.00999855995178	0.00860084034502506	2.00999855995178	0.00951356068253517	2.00999855995178	0.00901045650243759	2.00999855995178	0.00984694249927998	2.00999855995178	0.00376290804706514	2.00999855995178	0.0469861887395382	2.00999855995178	0.00710913212969899
2.01999855041504	70.159423828125	2.01999855041504	98.4686431884766	2.01999855041504	106.501922607422	2.01999855041504	118.251953125	2.01999855041504	129.370025634766	2.01999855041504	119.821502685547	2.01999855041504	139.217910766602	2.01999855041504	103.093574523926	2.01999855041504	335.918518066406	2.01999855041504	36.8674201965332	2.01999855041504	2.60150074958801	2.01999855041504	5.72886562347412	2.01999855041504	7.16501379013062	2.01999855041504	7.1740026473999	2.01999855041504	5.39599800109863	2.01999855041504	7.13255167007446	2.01999855041504	8.04461860656738	2.01999855041504	7.5276198387146	2.01999855041504	-6.52634859085083	2.01999855041504	-0.560202121734619	2.01999855041504	5.62958812713623	2.01999855041504	3.63569116592407	2.01999855041504	3.90347671508789	2.01999855041504	4.02957630157471	2.01999855041504	2.4784722328186	2.01999855041504	5.83353471755981	2.01999855041504	2.24426507949829	2.01999855041504	2.50022411346436	2.01999855041504	4.94772338867188	2.01999855041504	9.07680320739746	2.01999855041504	0.00415891362354159	2.01999855041504	0.00757375173270702	2.01999855041504	0.00788910686969757	2.01999855041504	0.00846333708614111	2.01999855041504	0.00946046970784664	2.01999855041504	0.00893041398376226	2.01999855041504	0.00977718271315098	2.01999855041504	0.00333905313163996	2.01999855041504	0.0490364022552967	2.01999855041504	0.00721400370821357
2.0299985408783	70.9067764282227	2.0299985408783	99.8248748779297	2.0299985408783	107.914245605469	2.0299985408783	119.762985229492	2.0299985408783	131.068130493164	2.0299985408783	121.421775817871	2.0299985408783	140.97151184082	2.0299985408783	103.656455993652	2.0299985408783	344.929595947266	2.0299985408783	38.1753807067871	2.0299985408783	2.56277894973755	2.0299985408783	5.79595279693603	2.0299985408783	7.25650930404663	2.0299985408783	7.29339456558228	2.0299985408783	5.47013902664185	2.0299985408783	7.27147579193115	2.0299985408783	8.14984703063965	2.0299985408783	7.64123821258545	2.0299985408783	-6.50441551208496	2.0299985408783	-0.559247016906738	2.0299985408783	5.43304872512817	2.0299985408783	3.59407234191895	2.0299985408783	3.85097932815552	2.0299985408783	3.97862243652344	2.0299985408783	2.44069719314575	2.0299985408783	5.78868007659912	2.0299985408783	2.20920586585999	2.0299985408783	2.33704948425293	2.0299985408783	4.69355487823486	2.0299985408783	8.85567283630371	2.0299985408783	0.00414752820506692	2.0299985408783	0.00748425209894776	2.0299985408783	0.00779064605012536	2.0299985408783	0.00830513425171375	2.0299985408783	0.00939367339015007	2.0299985408783	0.00883083138614893	2.0299985408783	0.00968829728662968	2.0299985408783	0.00288928765803575	2.0299985408783	0.051091518253088	2.0299985408783	0.00731873651966453
2.03999853134155	71.6522979736328	2.03999853134155	101.16397857666	2.03999853134155	109.30770111084	2.03999853134155	121.243675231934	2.03999853134155	132.752990722656	2.03999853134155	123.002365112305	2.03999853134155	142.707412719727	2.03999853134155	104.136047363281	2.03999853134155	354.31103515625	2.03999853134155	39.5021820068359	2.03999853134155	2.49007153511047	2.03999853134155	5.86024522781372	2.03999853134155	7.34633302688599	2.03999853134155	7.41231822967529	2.03999853134155	5.54839420318604	2.03999853134155	7.41322708129883	2.03999853134155	8.26118183135986	2.03999853134155	7.72993278503418	2.03999853134155	-6.30980253219604	2.03999853134155	-0.581553220748901	2.03999853134155	5.218909740448	2.03999853134155	3.54747676849365	2.03999853134155	3.79229331016541	2.03999853134155	3.91568183898926	2.03999853134155	2.39787292480469	2.03999853134155	5.73294258117676	2.03999853134155	2.16366720199585	2.03999853134155	2.16211891174316	2.03999853134155	4.40321159362793	2.03999853134155	8.62359142303467	2.03999853134155	0.00414238171651959	2.03999853134155	0.00738382991403341	2.03999853134155	0.00767946057021618	2.03999853134155	0.00812600087374449	2.03999853134155	0.00931227952241898	2.03999853134155	0.0087110623717308	2.03999853134155	0.00957899075001478	2.03999853134155	0.00241770292632282	2.03999853134155	0.0531292781233788	2.03999853134155	0.00742355175316334
2.04999852180481	72.3974685668945	2.04999852180481	102.484031677246	2.04999852180481	110.679992675781	2.04999852180481	122.690223693848	2.04999852180481	134.421890258789	2.04999852180481	124.559577941895	2.04999852180481	144.421783447266	2.04999852180481	104.528793334961	2.04999852180481	364.057678222656	2.04999852180481	40.8478507995605	2.04999852180481	2.37773036956787	2.04999852180481	5.91953992843628	2.04999852180481	7.43189668655395	2.04999852180481	7.52726650238037	2.04999852180481	5.62962436676025	2.04999852180481	7.55442333221436	2.04999852180481	8.37701225280762	2.04999852180481	7.78427267074585	2.04999852180481	-5.92201280593872	2.04999852180481	-0.628979206085205	2.04999852180481	4.99099397659302	2.04999852180481	3.49670076370239	2.04999852180481	3.72838926315308	2.04999852180481	3.84125733375549	2.04999852180481	2.35042238235474	2.04999852180481	5.666748046875	2.04999852180481	2.10772514343262	2.04999852180481	1.97923612594604	2.04999852180481	4.07992315292358	2.04999852180481	8.38568878173828	2.04999852180481	0.0041478700004518	2.04999852180481	0.00727309426292777	2.04999852180481	0.00755592808127403	2.04999852180481	0.00792624894529581	2.04999852180481	0.00921557657420635	2.04999852180481	0.00857088435441256	2.04999852180481	0.00944821164011955	2.04999852180481	0.00193023821339011	2.04999852180481	0.0551244542002678	2.04999852180481	0.00752869341522455
2.05999851226807	73.1445846557617	2.05999851226807	103.783226013184	2.05999851226807	112.028945922852	2.05999851226807	124.098976135254	2.05999851226807	136.071990966797	2.05999851226807	126.089721679688	2.05999851226807	146.110702514648	2.05999851226807	104.832359313965	2.05999851226807	374.15966796875	2.05999851226807	42.2124786376953	2.05999851226807	2.22122597694397	2.05999851226807	5.97138738632202	2.05999851226807	7.51023626327515	2.05999851226807	7.63406753540039	2.05999851226807	5.71231842041016	2.05999851226807	7.69095897674561	2.05999851226807	8.49514675140381	2.05999851226807	7.79410314559937	2.05999851226807	-5.32566165924072	2.05999851226807	-0.702241182327271	2.05999851226807	4.75453758239746	2.05999851226807	3.44288516044617	2.05999851226807	3.66067743301392	2.05999851226807	3.75650501251221	2.05999851226807	2.29907369613647	2.05999851226807	5.5910964012146	2.05999851226807	2.04195928573608	2.05999851226807	1.79340934753418	2.05999851226807	3.72926688194275	2.05999851226807	8.14816665649414	2.05999851226807	0.00416902638971806	2.05999851226807	0.0071530407294631	2.05999851226807	0.00742081319913268	2.05999851226807	0.00770686194300652	2.05999851226807	0.00910310074687004	2.05999851226807	0.00841061025857925	2.05999851226807	0.0092952586710453	2.05999851226807	0.00143489625770599	2.05999851226807	0.0570493973791599	2.05999851226807	0.00763441855087876
2.06999850273132	73.8969039916992	2.06999850273132	105.059967041016	2.06999850273132	113.352531433105	2.06999850273132	125.46647644043	2.06999850273132	137.700424194336	2.06999850273132	127.589210510254	2.06999850273132	147.770080566406	2.06999850273132	105.04606628418	2.06999850273132	384.601806640625	2.06999850273132	43.59619140625	2.06999850273132	2.01777291297913	2.06999850273132	6.01319360733032	2.06999850273132	7.57812023162842	2.06999850273132	7.72798776626587	2.06999850273132	5.79460287094116	2.06999850273132	7.81811428070068	2.06999850273132	8.6128101348877	2.06999850273132	7.74916648864746	2.06999850273132	-4.51297330856323	2.06999850273132	-0.800608158111572	2.06999850273132	4.51620769500732	2.06999850273132	3.3875162601471	2.06999850273132	3.59100461006165	2.06999850273132	3.66331124305725	2.06999850273132	2.24488425254822	2.06999850273132	5.50764608383179	2.06999850273132	1.96754717826843	2.06999850273132	1.61076819896698	2.06999850273132	3.35938143730164	2.06999850273132	7.91801452636719	2.06999850273132	0.00421135406941175	2.06999850273132	0.00702508725225926	2.06999850273132	0.00727531919255853	2.06999850273132	0.00746960053220391	2.06999850273132	0.00897471234202385	2.06999850273132	0.00823118537664413	2.06999850273132	0.00911989621818066	2.06999850273132	0.000941857288125902	2.06999850273132	0.0588748939335346	2.06999850273132	0.00774098839610815
2.07999849319458	74.6587600708008	2.07999849319458	106.312965393066	2.07999849319458	114.649002075195	2.07999849319458	126.789649963379	2.07999849319458	139.304321289062	2.07999849319458	129.054672241211	2.07999849319458	149.395874023438	2.07999849319458	105.171226501465	2.07999849319458	395.363586425781	2.07999849319458	44.9991645812988	2.07999849319458	1.7670042514801	2.07999849319458	6.04238605499268	2.07999849319458	7.63222885131836	2.07999849319458	7.80394792556763	2.07999849319458	5.87430334091187	2.07999849319458	7.93074560165405	2.07999849319458	8.72671413421631	2.07999849319458	7.63995313644409	2.07999849319458	-3.48619413375854	2.07999849319458	-0.921705961227417	2.07999849319458	4.28394269943237	2.07999849319458	3.33239030838013	2.07999849319458	3.52161812782288	2.07999849319458	3.56433629989624	2.07999849319458	2.18923878669739	2.07999849319458	5.41873264312744	2.07999849319458	1.886305809021	2.07999849319458	1.43834829330444	2.07999849319458	2.98094844818115	2.07999849319458	7.70278978347778	2.07999849319458	0.00428058113902807	2.07999849319458	0.00689108809456229	2.07999849319458	0.00712111499160528	2.07999849319458	0.0072170989587903	2.07999849319458	0.00883066188544035	2.07999849319458	0.00803427398204803	2.07999849319458	0.00892246048897505	2.07999849319458	0.000463442120235413	2.07999849319458	0.0605713687837124	2.07999849319458	0.00784864742308855
2.08999848365784	75.4354934692383	2.08999848365784	107.541297912598	2.08999848365784	115.916915893555	2.08999848365784	128.065994262695	2.08999848365784	140.880889892578	2.08999848365784	130.483139038086	2.08999848365784	150.984161376953	2.08999848365784	105.211585998535	2.08999848365784	406.419097900391	2.08999848365784	46.4216079711914	2.08999848365784	1.47150433063507	2.08999848365784	6.05661201477051	2.08999848365784	7.66937780380249	2.08999848365784	7.85685110092163	2.08999848365784	5.94902610778809	2.08999848365784	8.0235652923584	2.08999848365784	8.83316612243652	2.08999848365784	7.45871925354004	2.08999848365784	-2.25964069366455	2.08999848365784	-1.06118845939636	2.08999848365784	4.06660270690918	2.08999848365784	3.27955484390259	2.08999848365784	3.45508623123169	2.08999848365784	3.46295762062073	2.08999848365784	2.13382244110107	2.08999848365784	5.32733869552612	2.08999848365784	1.80068826675415	2.08999848365784	1.28375506401062	2.08999848365784	2.60694980621338	2.08999848365784	7.51009082794189	2.08999848365784	0.00438233278691769	2.08999848365784	0.00675331987440586	2.08999848365784	0.00696033705025911	2.08999848365784	0.00695290463045239	2.08999848365784	0.00867164228111506	2.08999848365784	0.0078223031014204	2.08999848365784	0.00870395265519619	2.08999848365784	1.38752366183326E-5	2.08999848365784	0.062110397964716	2.08999848365784	0.00795760937035084
2.09999847412109	76.2334747314453	2.09999847412109	108.744499206543	2.09999847412109	117.155296325684	2.09999847412109	129.293746948242	2.09999847412109	142.427459716797	2.09999847412109	131.8720703125	2.09999847412109	152.531188964844	2.09999847412109	105.173622131348	2.09999847412109	417.737487792969	2.09999847412109	47.8637847900391	2.09999847412109	1.13716280460358	2.09999847412109	6.05395078659058	2.09999847412109	7.68679618835449	2.09999847412109	7.88195180892944	2.09999847412109	6.01630163192749	2.09999847412109	8.09152221679688	2.09999847412109	8.92827033996582	2.09999847412109	7.20058727264404	2.09999847412109	-0.860894203186035	2.09999847412109	-1.21294975280762	2.09999847412109	3.87346386909485	2.09999847412109	3.2311806678772	2.09999847412109	3.39415836334229	2.09999847412109	3.36315894126892	2.09999847412109	2.08054256439209	2.09999847412109	5.23698616027832	2.09999847412109	1.71372652053833	2.09999847412109	1.15466272830963	2.09999847412109	2.25206804275513	2.09999847412109	7.34711456298828	2.09999847412109	0.00452174758538604	2.09999847412109	0.00661442754790187	2.09999847412109	0.00679555628448725	2.09999847412109	0.00668145436793566	2.09999847412109	0.00849882327020168	2.09999847412109	0.00759846298024058	2.09999847412109	0.00846610590815544	2.09999847412109	-0.000391182053135708	2.09999847412109	0.0634664371609688	2.09999847412109	0.00806803442537785
2.10999846458435	77.0599365234375	2.10999846458435	109.922592163086	2.10999846458435	118.363677978516	2.10999846458435	130.471969604492	2.10999846458435	143.941696166992	2.10999846458435	133.219650268555	2.10999846458435	154.03369140625	2.10999846458435	105.066749572754	2.10999846458435	429.283508300781	2.10999846458435	49.3259696960449	2.10999846458435	0.773240447044373	2.10999846458435	6.03313970565796	2.10999846458435	7.68238973617554	2.10999846458435	7.87527799606323	2.10999846458435	6.07375144958496	2.10999846458435	8.13021373748779	2.10999846458435	9.00817489624023	2.10999846458435	6.86454916000366	2.10999846458435	0.669138550758362	2.10999846458435	-1.36914730072021	2.10999846458435	3.71358728408814	2.10999846458435	3.18943405151367	2.10999846458435	3.34158563613892	2.10999846458435	3.26931762695313	2.10999846458435	2.0314199924469	2.10999846458435	5.1515474319458	2.10999846458435	1.62889122962952	2.10999846458435	1.0582150220871	2.10999846458435	1.93181979656219	2.10999846458435	7.2199764251709	2.10999846458435	0.0047030639834702	2.10999846458435	0.0064773359335959	2.10999846458435	0.0066296998411417	2.10999846458435	0.00640798360109329	2.10999846458435	0.00831385422497988	2.10999846458435	0.00736665306612849	2.10999846458435	0.00821140315383673	2.10999846458435	-0.000735336914658546	2.10999846458435	0.0646186470985413	2.10999846458435	0.00818001292645931
2.11999845504761	77.9228057861328	2.11999845504761	111.076179504395	2.11999845504761	119.542091369629	2.11999845504761	131.600799560547	2.11999845504761	145.421539306641	2.11999845504761	134.524780273438	2.11999845504761	155.488815307617	2.11999845504761	104.903419494629	2.11999845504761	441.0185546875	2.11999845504761	50.8084487915039	2.11999845504761	0.392039567232132	2.11999845504761	5.99375343322754	2.11999845504761	7.65498733520508	2.11999845504761	7.83410120010376	2.11999845504761	6.1192741394043	2.11999845504761	8.13631725311279	2.11999845504761	9.06936836242676	2.11999845504761	6.45423412322998	2.11999845504761	2.27764558792114	2.11999845504761	-1.5206401348114	2.11999845504761	3.59501600265503	2.11999845504761	3.15629482269287	2.11999845504761	3.29989838600159	2.11999845504761	3.18590331077576	2.11999845504761	1.98846209049225	2.11999845504761	5.07499504089355	2.11999845504761	1.54986882209778	2.11999845504761	1.00041699409485	2.11999845504761	1.66143715381622	2.11999845504761	7.13315391540527	2.11999845504761	0.00492921564728022	2.11999845504761	0.00634512584656477	2.11999845504761	0.00646594120189548	2.11999845504761	0.00613835686817765	2.11999845504761	0.0081188278272748	2.11999845504761	0.00713135674595833	2.11999845504761	0.00794305000454187	2.11999845504761	-0.00100237270817161	2.11999845504761	0.0655526220798492	2.11999845504761	0.00829355046153069
2.12999844551086	78.8304214477539	2.12999844551086	112.206398010254	2.12999844551086	120.691215515137	2.12999844551086	132.681442260742	2.12999844551086	146.865371704102	2.12999844551086	135.787246704102	2.12999844551086	156.894424438477	2.12999844551086	104.698959350586	2.12999844551086	452.902069091797	2.12999844551086	52.3115081787109	2.12999844551086	0.0082358717918396	2.12999844551086	5.93631839752197	2.12999844551086	7.60453987121582	2.12999844551086	7.75727462768555	2.12999844551086	6.15121984481812	2.12999844551086	8.1079797744751	2.12999844551086	9.10896682739258	2.12999844551086	5.97821807861328	2.12999844551086	3.90276694297791	2.12999844551086	-1.6575813293457	2.12999844551086	3.52407717704773	2.12999844551086	3.13339519500732	2.12999844551086	3.27120161056519	2.12999844551086	3.11715126037598	2.12999844551086	1.95348989963531	2.12999844551086	5.01109313964844	2.12999844551086	1.480309009552	2.12999844551086	0.985573768615723	2.12999844551086	1.45462667942047	2.12999844551086	7.08907175064087	2.12999844551086	0.0052014896646142	2.12999844551086	0.00622087996453047	2.12999844551086	0.00630755443125963	2.12999844551086	0.00587881077080965	2.12999844551086	0.00791621673852205	2.12999844551086	0.00689745787531137	2.12999844551086	0.00766488024964929	2.12999844551086	-0.00117729546036571	2.12999844551086	0.066261887550354	2.12999844551086	0.00840855482965708
2.13999843597412	79.7911987304687	2.13999843597412	113.314979553223	2.13999843597412	121.812324523926	2.13999843597412	133.716278076172	2.13999843597412	148.272048950195	2.13999843597412	137.007720947266	2.13999843597412	158.249069213867	2.13999843597412	104.471305847168	2.13999843597412	464.89306640625	2.13999843597412	53.8353996276855	2.13999843597412	-0.362131893634796	2.13999843597412	5.86235189437866	2.13999843597412	7.53219842910767	2.13999843597412	7.64549112319946	2.13999843597412	6.16855192184448	2.13999843597412	8.04506587982178	2.13999843597412	9.12498474121094	2.13999843597412	5.44980192184448	2.13999843597412	5.47771501541138	2.13999843597412	-1.7701587677002	2.13999843597412	3.50475263595581	2.13999843597412	3.12186527252197	2.13999843597412	3.2569785118103	2.13999843597412	3.0667200088501	2.13999843597412	1.92799627780914	2.13999843597412	4.96311092376709	2.13999843597412	1.42354559898376	2.13999843597412	1.01584708690643	2.13999843597412	1.32238471508026	2.13999843597412	7.08782768249512	2.13999843597412	0.00551928766071796	2.13999843597412	0.00610751891508698	2.13999843597412	0.00615774421021342	2.13999843597412	0.00563565129414201	2.13999843597412	0.00770876277238131	2.13999843597412	0.00667000515386462	2.13999843597412	0.0073812180198729	2.13999843597412	-0.00124739902094007	2.13999843597412	0.0667488500475884	2.13999843597412	0.0085248313844204
2.14999842643738	80.8132781982422	2.14999842643738	114.404136657715	2.14999842643738	122.907234191895	2.14999842643738	134.708801269531	2.14999842643738	149.640960693359	2.14999842643738	138.187866210938	2.14999842643738	159.552154541016	2.14999842643738	104.240463256836	2.14999842643738	476.95166015625	2.14999842643738	55.3803329467773	2.14999842643738	-0.702850997447967	2.14999842643738	5.77429246902466	2.14999842643738	7.44028615951538	2.14999842643738	7.50135183334351	2.14999842643738	6.17093324661255	2.14999842643738	7.94928884506226	2.14999842643738	9.11651611328125	2.14999842643738	4.88620853424072	2.14999842643738	6.93562030792236	2.14999842643738	-1.84926772117615	2.14999842643738	3.53823637962341	2.14999842643738	3.12223672866821	2.14999842643738	3.25795412063599	2.14999842643738	3.03738379478455	2.14999842643738	1.91301810741425	2.14999842643738	4.93354034423828	2.14999842643738	1.38232946395874	2.14999842643738	1.09104371070862	2.14999842643738	1.27203285694122	2.14999842643738	7.12699365615845	2.14999842643738	0.00588002661243081	2.14999842643738	0.0060076336376369	2.14999842643738	0.00601947447285056	2.14999842643738	0.00541490782052279	2.14999842643738	0.00749935209751129	2.14999842643738	0.00645394949242473	2.14999842643738	0.00709667941555381	2.14999842643738	-0.00120323151350021	2.14999842643738	0.0670251622796059	2.14999842643738	0.00864209048449993
2.15999841690063	81.9041442871094	2.15999841690063	115.476516723633	2.15999841690063	123.978286743164	2.15999841690063	135.663619995117	2.15999841690063	150.97200012207	2.15999841690063	139.330108642578	2.15999841690063	160.803955078125	2.15999841690063	104.027862548828	2.15999841690063	489.041046142578	2.15999841690063	56.946460723877	2.15999841690063	-0.99873822927475	2.15999841690063	5.67533349990845	2.15999841690063	7.33215236663818	2.15999841690063	7.32927942276001	2.15999841690063	6.15876293182373	2.15999841690063	7.82412958145142	2.15999841690063	9.08383560180664	2.15999841690063	4.3072943687439	2.15999841690063	8.21447849273682	2.15999841690063	-1.88717842102051	2.15999841690063	3.62282800674438	2.15999841690063	3.13438129425049	2.15999841690063	3.27403497695923	2.15999841690063	3.03081560134888	2.15999841690063	1.90905201435089	2.15999841690063	4.92390823364258	2.15999841690063	1.35861396789551	2.15999841690063	1.2086386680603	2.15999841690063	1.30660879611969	2.15999841690063	7.20201826095581	2.15999841690063	0.00627919239923358	2.15999841690063	0.00592334009706974	2.15999841690063	0.00589530542492867	2.15999841690063	0.00522199738770723	2.15999841690063	0.00729086995124817	2.15999841690063	0.00625386834144592	2.15999841690063	0.00681595457717776	2.15999841690063	-0.00103933282662183	2.15999841690063	0.0671114176511764	2.15999841690063	0.00875995308160782
2.16999840736389	83.0703277587891	2.16999840736389	116.535125732422	2.16999840736389	125.028266906738	2.16999840736389	136.586227416992	2.16999840736389	152.265579223633	2.16999840736389	140.437805175781	2.16999840736389	162.00553894043	2.16999840736389	103.855537414551	2.16999840736389	501.128845214844	2.16999840736389	58.5338592529297	2.16999840736389	-1.23671770095825	2.16999840736389	5.56920766830444	2.16999840736389	7.21193552017212	2.16999840736389	7.13521003723145	2.16999840736389	6.13313293457031	2.16999840736389	7.67463397979736	2.16999840736389	9.02837753295898	2.16999840736389	3.7339608669281	2.16999840736389	9.26149749755859	2.16999840736389	-1.87805128097534	2.16999840736389	3.75405740737915	2.16999840736389	3.15755224227905	2.16999840736389	3.30431795120239	2.16999840736389	3.04748487472534	2.16999840736389	1.91602110862732	2.16999840736389	4.9346718788147	2.16999840736389	1.35343027114868	2.16999840736389	1.36402714252472	2.16999840736389	1.42470812797546	2.16999840736389	7.30640840530396	2.16999840736389	0.00671053770929575	2.16999840736389	0.00585616892203689	2.16999840736389	0.00578726315870881	2.16999840736389	0.00506141083315015	2.16999840736389	0.00708605675026774	2.16999840736389	0.00607371935620904	2.16999840736389	0.00654357764869928	2.16999840736389	-0.00075464992551133	2.16999840736389	0.0670361816883087	2.16999840736389	0.00887797400355339
2.17999839782715	84.3170394897461	2.17999839782715	117.583206176758	2.17999839782715	126.060256958008	2.17999839782715	137.482818603516	2.17999839782715	153.522659301758	2.17999839782715	141.514862060547	2.17999839782715	163.158874511719	2.17999839782715	103.745315551758	2.17999839782715	513.188598632812	2.17999839782715	60.1425132751465	2.17999839782715	-1.40659892559052	2.17999839782715	5.45991182327271	2.17999839782715	7.08425951004028	2.17999839782715	6.92620134353638	2.17999839782715	6.09574174880982	2.17999839782715	7.50700569152832	2.17999839782715	8.95262336730957	2.17999839782715	3.18651628494263	2.17999839782715	10.0362787246704	2.17999839782715	-1.81821966171265	2.17999839782715	3.92513132095337	2.17999839782715	3.19043850898743	2.17999839782715	3.34719753265381	2.17999839782715	3.08665943145752	2.17999839782715	1.93330121040344	2.17999839782715	4.96524524688721	2.17999839782715	1.36684799194336	2.17999839782715	1.55093932151794	2.17999839782715	1.62077307701111	2.17999839782715	7.43235301971436	2.17999839782715	0.00716640334576368	2.17999839782715	0.00580699276179075	2.17999839782715	0.00569674326106906	2.17999839782715	0.00493647530674934	2.17999839782715	0.00688738189637661	2.17999839782715	0.00591662898659706	2.17999839782715	0.00628370651975274	2.17999839782715	-0.000352587143424898	2.17999839782715	0.0668344870209694	2.17999839782715	0.00899565685540438
2.18999838829041	85.6480178833008	2.18999838829041	118.624046325684	2.18999838829041	127.077514648438	2.18999838829041	138.360137939453	2.18999838829041	154.744506835938	2.18999838829041	142.565719604492	2.18999838829041	164.266555786133	2.18999838829041	103.718032836914	2.18999838829041	525.20068359375	2.18999838829041	61.7723274230957	2.18999838829041	-1.50148928165436	2.18999838829041	5.35145139694214	2.18999838829041	6.95392942428589	2.18999838829041	6.70994567871094	2.18999838829041	6.04874229431152	2.18999838829041	7.32821941375732	2.18999838829041	8.85989952087402	2.18999838829041	2.68324661254883	2.18999838829041	10.512523651123	2.18999838829041	-1.70631408691406	2.18999838829041	4.12750101089478	2.18999838829041	3.23128843307495	2.18999838829041	3.4005012512207	2.18999838829041	3.14653635025024	2.18999838829041	1.95978951454163	2.18999838829041	5.01407909393311	2.18999838829041	1.39802479743958	2.18999838829041	1.76198518276215	2.18999838829041	1.88571739196777	2.18999838829041	7.57127189636231	2.18999838829041	0.00763810658827424	2.18999838829041	0.00577600672841072	2.18999838829041	0.00562446564435959	2.18999838829041	0.00484918896108866	2.18999838829041	0.00669693388044834	2.18999838829041	0.00578475557267666	2.18999838829041	0.00603993935510516	2.18999838829041	0.000159295159392059	2.18999838829041	0.0665459781885147	2.18999838829041	0.00911248195916414
2.19999837875366	87.0653381347656	2.19999837875366	119.660942077637	2.19999837875366	128.083419799805	2.19999837875366	139.225128173828	2.19999837875366	155.932815551758	2.19999837875366	143.595108032227	2.19999837875366	165.331802368164	2.19999837875366	103.792778015137	2.19999837875366	537.153015136719	2.19999837875366	63.4230880737305	2.19999837875366	-1.51786208152771	2.19999837875366	5.24760341644287	2.19999837875366	6.82563400268555	2.19999837875366	6.49429607391357	2.19999837875366	5.99459600448608	2.19999837875366	7.14555406570435	2.19999837875366	8.75414848327637	2.19999837875366	2.23931622505188	2.19999837875366	10.6782655715942	2.19999837875366	-1.54298901557922	2.19999837875366	4.35155391693115	2.19999837875366	3.27806186676025	2.19999837875366	3.46166467666626	2.19999837875366	3.22441816329956	2.19999837875366	1.99401247501373	2.19999837875366	5.07883358001709	2.19999837875366	1.44532418251038	2.19999837875366	1.98918449878693	2.19999837875366	2.20782041549683	2.19999837875366	7.71440887451172	2.19999837875366	0.00811636168509722	2.19999837875366	0.00576274702325463	2.19999837875366	0.00557046988978982	2.19999837875366	0.00480015436187386	2.19999837875366	0.00651634717360139	2.19999837875366	0.00567920552566648	2.19999837875366	0.00581517023965716	2.19999837875366	0.000769860867876559	2.19999837875366	0.0662129446864128	2.19999837875366	0.00922792684286833
2.20999836921692	88.5693283081055	2.20999836921692	120.697036743164	2.20999836921692	129.081237792969	2.20999836921692	140.084762573242	2.20999836921692	157.089508056641	2.20999836921692	144.607879638672	2.20999836921692	166.358306884766	2.20999836921692	103.986305236816	2.20999836921692	549.041381835937	2.20999836921692	65.0945129394531	2.20999836921692	-1.45531070232391	2.20999836921692	5.15176153182983	2.20999836921692	6.7037353515625	2.20999836921692	6.2868275642395	2.20999836921692	5.93592262268066	2.20999836921692	6.96618843078613	2.20999836921692	8.63967895507812	2.20999836921692	1.8661744594574	2.20999836921692	10.5348243713379	2.20999836921692	-1.33072352409363	2.20999836921692	4.58725547790527	2.20999836921692	3.32854652404785	2.20999836921692	3.52791810035706	2.20999836921692	3.31695747375488	2.20999836921692	2.03422951698303	2.20999836921692	5.15659046173096	2.20999836921692	1.50648427009583	2.20999836921692	2.22446060180664	2.20999836921692	2.57366418838501	2.20999836921692	7.85321044921875	2.20999836921692	0.00859168358147144	2.20999836921692	0.00576614728197455	2.20999836921692	0.00553414970636368	2.20999836921692	0.00478858826681972	2.20999836921692	0.0063467575237155	2.20999836921692	0.00560002168640494	2.20999836921692	0.00561149418354034	2.20999836921692	0.00146517320536077	2.20999836921692	0.0658783614635468	2.20999836921692	0.00934148579835892
2.21999835968018	90.1586074829102	2.21999835968018	121.735252380371	2.21999835968018	130.074111938477	2.21999835968018	140.945663452148	2.21999835968018	158.216659545898	2.21999835968018	145.608734130859	2.21999835968018	167.350051879883	2.21999835968018	104.312614440918	2.21999835968018	560.869384765625	2.21999835968018	66.7862014770508	2.21999835968018	-1.31607460975647	2.21999835968018	5.06681108474731	2.21999835968018	6.59208488464355	2.21999835968018	6.09451961517334	2.21999835968018	5.87536144256592	2.21999835968018	6.79687261581421	2.21999835968018	8.52094841003418	2.21999835968018	1.57139492034912	2.21999835968018	10.0948925018311	2.21999835968018	-1.07340598106384	2.21999835968018	4.8247127532959	2.21999835968018	3.38050270080566	2.21999835968018	3.59642744064331	2.21999835968018	3.42037963867188	2.21999835968018	2.07855463027954	2.21999835968018	5.24405336380005	2.21999835968018	1.57879710197449	2.21999835968018	2.46000719070435	2.21999835968018	2.96901702880859	2.21999835968018	7.97972822189331	2.21999835968018	0.00905473995953798	2.21999835968018	0.00578461633995175	2.21999835968018	0.00551431626081467	2.21999835968018	0.00481240963563323	2.21999835968018	0.00618878658860922	2.21999835968018	0.00554622570052743	2.21999835968018	0.00543016148731113	2.21999835968018	0.00222934130579233	2.21999835968018	0.0655841901898384	2.21999835968018	0.00945268664509058
2.22999835014343	91.8301391601562	2.22999835014343	122.778144836426	2.22999835014343	131.064910888672	2.22999835014343	141.814041137695	2.22999835014343	159.316421508789	2.22999835014343	146.60221862793	2.22999835014343	168.311157226562	2.22999835014343	104.782676696777	2.22999835014343	572.648071289063	2.22999835014343	68.497688293457	2.22999835014343	-1.10448932647705	2.22999835014343	4.99509286880493	2.22999835014343	6.49394750595093	2.22999835014343	5.92352867126465	2.22999835014343	5.81547927856445	2.22999835014343	6.6437349319458	2.22999835014343	8.40236759185791	2.22999835014343	1.35889863967896	2.22999835014343	9.38023376464844	2.22999835014343	-0.775936365127564	2.22999835014343	5.0545654296875	2.22999835014343	3.43173480033874	2.22999835014343	3.66442680358887	2.22999835014343	3.53069019317627	2.22999835014343	2.12505102157593	2.22999835014343	5.33771753311157	2.22999835014343	1.65925931930542	2.22999835014343	2.68853664398193	2.22999835014343	3.37956357002258	2.22999835014343	8.08679103851318	2.22999835014343	0.00949663762003183	2.22999835014343	0.00581612903624773	2.22999835014343	0.00550927966833115	2.22999835014343	0.00486837141215801	2.22999835014343	0.00604254752397537	2.22999835014343	0.0055159037001431	2.22999835014343	0.00527156749740243	2.22999835014343	0.00304535054601729	2.22999835014343	0.0653699412941933	2.22999835014343	0.00956110376864672
2.23999834060669	93.5792999267578	2.23999834060669	123.82788848877	2.23999834060669	132.056121826172	2.23999834060669	142.695388793945	2.23999834060669	160.390914916992	2.23999834060669	147.592346191406	2.23999834060669	169.245758056641	2.23999834060669	105.404281616211	2.23999834060669	584.395385742188	2.23999834060669	70.2284469604492	2.23999834060669	-0.826413989067078	2.23999834060669	4.93840169906616	2.23999834060669	6.4119815826416	2.23999834060669	5.7790675163269	2.23999834060669	5.75870513916016	2.23999834060669	6.51212358474731	2.23999834060669	8.28818702697754	2.23999834060669	1.22942686080933	2.23999834060669	8.41940689086914	2.23999834060669	-0.443817853927612	2.23999834060669	5.26824569702148	2.23999834060669	3.48016238212585	2.23999834060669	3.72928905487061	2.23999834060669	3.64382982254028	2.23999834060669	2.1717963218689	2.23999834060669	5.43400526046753	2.23999834060669	1.74471926689148	2.23999834060669	2.90339422225952	2.23999834060669	3.79141139984131	2.23999834060669	8.16810607910156	2.23999834060669	0.00990913435816765	2.23999834060669	0.00585832120850682	2.23999834060669	0.00551693607121706	2.23999834060669	0.00495222304016352	2.23999834060669	0.00590767059475183	2.23999834060669	0.00550630781799555	2.23999834060669	0.00513527821749449	2.23999834060669	0.00389580428600311	2.23999834060669	0.0652715787291527	2.23999834060669	0.00966636370867491
2.24999833106995	95.4000701904297	2.24999833106995	124.886184692383	2.24999833106995	133.049880981445	2.24999833106995	143.594329833984	2.24999833106995	161.442153930664	2.24999833106995	148.582626342773	2.24999833106995	170.157836914062	2.24999833106995	106.182060241699	2.24999833106995	596.135437011719	2.24999833106995	71.9778594970703	2.24999833106995	-0.488745033740997	2.24999833106995	4.89801740646362	2.24999833106995	6.34825420379639	2.24999833106995	5.66538047790527	2.24999833106995	5.70729732513428	2.24999833106995	6.40658950805664	2.24999833106995	8.18240928649902	2.24999833106995	1.1811375617981	2.24999833106995	7.24582862854004	2.24999833106995	-0.0829691886901855	2.24999833106995	5.45805549621582	2.24999833106995	3.52384901046753	2.24999833106995	3.78856039047241	2.24999833106995	3.75576996803284	2.24999833106995	2.21693181991577	2.24999833106995	5.52937364578247	2.24999833106995	1.83196640014648	2.24999833106995	3.09856629371643	2.24999833106995	4.19138050079346	2.24999833106995	8.21814918518066	2.24999833106995	0.0102847740054131	2.24999833106995	0.00590857909992337	2.24999833106995	0.00553485378623009	2.24999833106995	0.00505888927727938	2.24999833106995	0.00578333390876651	2.24999833106995	0.00551398051902652	2.24999833106995	0.00502007454633713	2.24999833106995	0.00476353382691741	2.24999833106995	0.0653206929564476	2.24999833106995	0.00976815167814493
2.2599983215332	97.2851333618164	2.2599983215332	125.954254150391	2.2599983215332	134.047775268555	2.2599983215332	144.514526367187	2.2599983215332	162.471969604492	2.2599983215332	149.575820922852	2.2599983215332	171.051086425781	2.2599983215332	107.11759185791	2.2599983215332	607.897583007812	2.2599983215332	73.7452926635742	2.2599983215332	-0.0990601181983948	2.2599983215332	4.87475490570068	2.2599983215332	6.3042688369751	2.2599983215332	5.58576726913452	2.2599983215332	5.66333770751953	2.2599983215332	6.33087968826294	2.2599983215332	8.0887393951416	2.2599983215332	1.21019899845123	2.2599983215332	5.89640045166016	2.2599983215332	0.300538778305054	2.2599983215332	5.61717510223389	2.2599983215332	3.5609974861145	2.2599983215332	3.83997368812561	2.2599983215332	3.86256194114685	2.2599983215332	2.25868940353394	2.2599983215332	5.62032699584961	2.2599983215332	1.91777515411377	2.2599983215332	3.26862096786499	2.2599983215332	4.56709909439087	2.2599983215332	8.23216438293457	2.2599983215332	0.0106169879436493	2.2599983215332	0.00596412131562829	2.2599983215332	0.00556035619229078	2.2599983215332	0.00518264109268785	2.2599983215332	0.00566829973831773	2.2599983215332	0.00553487008437514	2.2599983215332	0.00492400210350752	2.2599983215332	0.00563207222148776	2.2599983215332	0.0655439272522926	2.2599983215332	0.00986621435731649
2.26999831199646	99.2260971069336	2.26999831199646	127.032791137695	2.26999831199646	135.050933837891	2.26999831199646	145.458541870117	2.26999831199646	163.481903076172	2.26999831199646	150.573989868164	2.26999831199646	171.928756713867	2.26999831199646	108.209533691406	2.26999831199646	619.715576171875	2.26999831199646	75.5300369262695	2.26999831199646	0.334612607955933	2.26999831199646	4.8690037727356	2.26999831199646	6.2810173034668	2.26999831199646	5.54261875152588	2.26999831199646	5.62872219085693	2.26999831199646	6.2879695892334	2.26999831199646	8.01058101654053	2.26999831199646	1.31130027770996	2.26999831199646	4.41073703765869	2.26999831199646	0.700487017631531	2.26999831199646	5.73957395553589	2.26999831199646	3.58994388580322	2.26999831199646	3.88143157958984	2.26999831199646	3.96033525466919	2.26999831199646	2.29539203643799	2.26999831199646	5.70344591140747	2.26999831199646	1.99893927574158	2.26999831199646	3.40859317779541	2.26999831199646	4.9069652557373	2.26999831199646	8.20601749420166	2.26999831199646	0.0109001407399774	2.26999831199646	0.00602207193151116	2.26999831199646	0.00559059623628855	2.26999831199646	0.00531725864857435	2.26999831199646	0.00556094758212566	2.26999831199646	0.00556444609537721	2.26999831199646	0.00484443502500653	2.26999831199646	0.00648599723353982	2.26999831199646	0.0659625977277756	2.26999831199646	0.00996035803109407
2.27999830245972	101.213607788086	2.27999830245972	128.121994018555	2.27999830245972	136.059951782227	2.27999830245972	146.427764892578	2.27999830245972	164.473205566406	2.27999830245972	151.578262329102	2.27999830245972	172.793594360352	2.27999830245972	109.45386505127	2.27999830245972	631.626525878906	2.27999830245972	77.3313751220703	2.27999830245972	0.803835451602936	2.27999830245972	4.88074779510498	2.27999830245972	6.27898931503296	2.27999830245972	5.53747320175171	2.27999830245972	5.60516929626465	2.27999830245972	6.28008890151978	2.27999830245972	7.9510087966919	2.27999830245972	1.47803175449371	2.27999830245972	2.83102941513062	2.27999830245972	1.11053037643433	2.27999830245972	5.81990718841553	2.27999830245972	3.60913705825806	2.27999830245972	3.91098380088806	2.27999830245972	4.04529809951782	2.27999830245972	2.3254566192627	2.27999830245972	5.77535533905029	2.27999830245972	2.07224988937378	2.27999830245972	3.5138943195343	2.27999830245972	5.20002746582031	2.27999830245972	8.13615322113037	2.27999830245972	0.011129567399621	2.27999830245972	0.00607952615246177	2.27999830245972	0.00562262488529086	2.27999830245972	0.00545619009062648	2.27999830245972	0.00545931095257401	2.27999830245972	0.00559780932962894	2.27999830245972	0.00477813323959708	2.27999830245972	0.00731117371469736	2.27999830245972	0.066592313349247	2.27999830245972	0.0100504513829947
2.28999829292297	103.237579345703	2.28999829292297	129.221466064453	2.28999829292297	137.074905395508	2.28999829292297	147.422393798828	2.28999829292297	165.446731567383	2.28999829292297	152.5888671875	2.28999829292297	173.647689819336	2.28999829292297	110.844146728516	2.28999829292297	643.669799804687	2.28999829292297	79.1485595703125	2.28999829292297	1.29969000816345	2.28999829292297	4.90955352783203	2.28999829292297	6.29816770553589	2.28999829292297	5.57100915908814	2.28999829292297	5.59419536590576	2.28999829292297	6.3087100982666	2.28999829292297	7.91275405883789	2.28999829292297	1.70309925079346	2.28999829292297	1.20242822170258	2.28999829292297	1.5240318775177	2.28999829292297	5.85344457626343	2.28999829292297	3.61712551116943	2.28999829292297	3.92680859565735	2.28999829292297	4.11368560791016	2.28999829292297	2.3473846912384	2.28999829292297	5.83270978927612	2.28999829292297	2.13449501991272	2.28999829292297	3.58023262023926	2.28999829292297	5.43585252761841	2.28999829292297	8.01951122283935	2.28999829292297	0.0113016190007329	2.28999829292297	0.00613361597061157	2.28999829292297	0.0056534600444138	2.28999829292297	0.00559269217774272	2.28999829292297	0.00536111230030656	2.28999829292297	0.00562979420647025	2.28999829292297	0.00472130486741662	2.28999829292297	0.00809493474662304	2.28999829292297	0.0674426034092903	2.28999829292297	0.0101364273577929
2.29999828338623	105.287353515625	2.29999828338623	130.33039855957	2.29999828338623	138.095291137695	2.29999828338623	148.441360473633	2.29999828338623	166.402893066406	2.29999828338623	153.605102539062	2.29999828338623	174.492416381836	2.29999828338623	112.371772766113	2.29999828338623	655.886047363281	2.29999828338623	80.9808578491211	2.29999828338623	1.81257271766663	2.29999828338623	4.95453310012817	2.29999828338623	6.33795642852783	2.29999828338623	5.64300441741943	2.29999828338623	5.59708595275879	2.29999828338623	6.3744740486145	2.29999828338623	7.89812517166138	2.29999828338623	1.97840023040771	2.29999828338623	-0.426327228546143	2.29999828338623	1.93397307395935	2.29999828338623	5.83608055114746	2.29999828338623	3.61256265640259	2.29999828338623	3.92722702026367	2.29999828338623	4.1617751121521	2.29999828338623	2.35978364944458	2.29999828338623	5.87218952178955	2.29999828338623	2.18243789672852	2.29999828338623	3.60361957550049	2.29999828338623	5.60447692871094	2.29999828338623	7.85364198684692	2.29999828338623	0.0114137148484588	2.29999828338623	0.00618157954886556	2.29999828338623	0.00568015826866031	2.29999828338623	0.00571998255327344	2.29999828338623	0.00526379980146885	2.29999828338623	0.00565508147701621	2.29999828338623	0.00466967653483152	2.29999828338623	0.00882622413337231	2.29999828338623	0.0685165077447891	2.29999828338623	0.0102182859554887
2.30999827384949	107.351913452148	2.30999827384949	131.447387695312	2.30999827384949	139.120132446289	2.30999827384949	149.482421875	2.30999827384949	167.341613769531	2.30999827384949	154.625305175781	2.30999827384949	175.328308105469	2.30999827384949	114.026313781738	2.30999827384949	668.315673828125	2.30999827384949	82.827507019043	2.30999827384949	2.33191108703613	2.30999827384949	5.01425123214722	2.30999827384949	6.39708995819092	2.30999827384949	5.75221490859985	2.30999827384949	5.61480808258057	2.30999827384949	6.47705841064453	2.30999827384949	7.90890598297119	2.30999827384949	2.29494619369507	2.30999827384949	-2.00208377838135	2.30999827384949	2.33273887634277	2.30999827384949	5.76443433761597	2.30999827384949	3.5942370891571	2.30999827384949	3.91072702407837	2.30999827384949	4.18589878082275	2.30999827384949	2.36138391494751	2.30999827384949	5.89051914215088	2.30999827384949	2.21285128593445	2.30999827384949	3.58046269416809	2.30999827384949	5.6964864730835	2.30999827384949	7.63694190979004	2.30999827384949	0.0114644365385175	2.30999827384949	0.00622083805501461	2.30999827384949	0.00569989904761314	2.30999827384949	0.00583140086382627	2.30999827384949	0.00516459904611111	2.30999827384949	0.0056683192960918	2.30999827384949	0.00461857626214623	2.30999827384949	0.00949574913829565	2.30999827384949	0.0698100700974464	2.30999827384949	0.0102960979565978
2.31999826431274	109.420074462891	2.31999826431274	132.570663452148	2.31999826431274	140.147872924805	2.31999826431274	150.542098999023	2.31999826431274	168.262313842773	2.31999826431274	155.646789550781	2.31999826431274	176.155044555664	2.31999826431274	115.79581451416	2.31999826431274	680.997863769531	2.31999826431274	84.6878128051758	2.31999826431274	2.84585857391357	2.31999826431274	5.0866265296936	2.31999826431274	6.47348213195801	2.31999826431274	5.89620542526245	2.31999826431274	5.64789867401123	2.31999826431274	6.6149320602417	2.31999826431274	7.94617986679077	2.31999826431274	2.64272022247314	2.31999826431274	-3.46674537658691	2.31999826431274	2.71203947067261	2.31999826431274	5.63609027862549	2.31999826431274	3.56113600730896	2.31999826431274	3.87604832649231	2.31999826431274	4.18254613876343	2.31999826431274	2.3511061668396	2.31999826431274	5.88456678390503	2.31999826431274	2.22257137298584	2.31999826431274	3.5077953338623	2.31999826431274	5.70329093933105	2.31999826431274	7.36885786056519	2.31999826431274	0.0114536574110389	2.31999826431274	0.00624909345060587	2.31999826431274	0.00571008445695043	2.31999826431274	0.00592059176415205	2.31999826431274	0.00506057916209102	2.31999826431274	0.00566427083685994	2.31999826431274	0.0045630456879735	2.31999826431274	0.0100961476564407	2.31999826431274	0.0713117197155953	2.31999826431274	0.0103700133040547
2.329998254776	111.480758666992	2.329998254776	133.698059082031	2.329998254776	141.176620483398	2.329998254776	151.615814208984	2.329998254776	169.163864135742	2.329998254776	156.665985107422	2.329998254776	176.971389770508	2.329998254776	117.667152404785	2.329998254776	693.969116210937	2.329998254776	86.5610656738281	2.329998254776	3.34102320671082	2.329998254776	5.16879177093506	2.329998254776	6.56405782699585	2.329998254776	6.07108402252197	2.329998254776	5.69629669189453	2.329998254776	6.7850866317749	2.329998254776	8.01009273529053	2.329998254776	3.01047277450562	2.329998254776	-4.75732183456421	2.329998254776	3.06285333633423	2.329998254776	5.45003175735474	2.329998254776	3.51255822181702	2.329998254776	3.82231855392456	2.329998254776	4.14854526519775	2.329998254776	2.3281455039978	2.329998254776	5.85149478912354	2.329998254776	2.2086443901062	2.329998254776	3.3836350440979	2.329998254776	5.61767148971558	2.329998254776	7.05036067962647	2.329998254776	0.0113827055320144	2.329998254776	0.00626444118097425	2.329998254776	0.00570846255868673	2.329998254776	0.00598172983154654	2.329998254776	0.00494874641299248	2.329998254776	0.0056380033493042	2.329998254776	0.00449798768386245	2.329998254776	0.0106222089380026	2.329998254776	0.0730016231536865	2.329998254776	0.0104402648285031
2.33999824523926	113.52326965332	2.33999824523926	134.827041625977	2.33999824523926	142.203994750977	2.33999824523926	152.698028564453	2.33999824523926	170.044570922852	2.33999824523926	157.678466796875	2.33999824523926	177.775192260742	2.33999824523926	119.626502990723	2.33999824523926	707.261535644531	2.33999824523926	88.4466323852539	2.33999824523926	3.80235052108765	2.33999824523926	5.25698375701904	2.33999824523926	6.66457939147949	2.33999824523926	6.27126741409302	2.33999824523926	5.75915670394897	2.33999824523926	6.98268413543701	2.33999824523926	8.09955215454102	2.33999824523926	3.38559174537659	2.33999824523926	-5.80694246292114	2.33999824523926	3.37559342384338	2.33999824523926	5.20715618133545	2.33999824523926	3.44825911521912	2.33999824523926	3.74922132492065	2.33999824523926	4.08134078979492	2.33999824523926	2.29210424423218	2.33999824523926	5.78902244567871	2.33999824523926	2.16853451728821	2.33999824523926	3.20749664306641	2.33999824523926	5.43461227416992	2.33999824523926	6.68456983566284	2.33999824523926	0.0112545676529408	2.33999824523926	0.00626551220193505	2.33999824523926	0.00569327734410763	2.33999824523926	0.006009791046381	2.33999824523926	0.00482617458328605	2.33999824523926	0.00558511912822723	2.33999824523926	0.00441836239770055	2.33999824523926	0.0110711297020316	2.33999824523926	0.0748511403799057	2.33999824523926	0.0105071822181344
2.34999823570251	115.537551879883	2.34999823570251	135.954925537109	2.34999823570251	143.227416992188	2.34999823570251	153.782318115234	2.34999823570251	170.902267456055	2.34999823570251	158.67903137207	2.34999823570251	178.563323974609	2.34999823570251	121.659713745117	2.34999823570251	720.901184082031	2.34999823570251	90.3439483642578	2.34999823570251	4.21321868896484	2.34999823570251	5.34646081924438	2.34999823570251	6.76952123641968	2.34999823570251	6.48920917510986	2.34999823570251	5.83463382720947	2.34999823570251	7.20074033737183	2.34999823570251	8.21190547943115	2.34999823570251	3.75404930114746	2.34999823570251	-6.54733848571777	2.34999823570251	3.64048075675964	2.34999823570251	4.9109673500061	2.34999823570251	3.36863398551941	2.34999823570251	3.65724229812622	2.34999823570251	3.97938466072082	2.34999823570251	2.2431492805481	2.34999823570251	5.69576120376587	2.34999823570251	2.10043430328369	2.34999823570251	2.98102474212646	2.34999823570251	5.15241241455078	2.34999823570251	6.27711629867554	2.34999823570251	0.0110740922391415	2.34999823570251	0.00625162664800882	2.34999823570251	0.00566344149410725	2.34999823570251	0.00600086618214846	2.34999823570251	0.00469017215073109	2.34999823570251	0.00550203770399094	2.34999823570251	0.00431945314630866	2.34999823570251	0.0114428009837866	2.34999823570251	0.0768224969506264	2.34999823570251	0.0105711882933974
2.35999822616577	117.514663696289	2.35999822616577	137.078948974609	2.35999822616577	144.244155883789	2.35999822616577	154.861663818359	2.35999822616577	171.734252929687	2.35999822616577	159.661926269531	2.35999822616577	179.331924438477	2.35999822616577	123.752868652344	2.35999822616577	734.906677246094	2.35999822616577	92.2525177001953	2.35999822616577	4.55596542358398	2.35999822616577	5.43153190612793	2.35999822616577	6.87205410003662	2.35999822616577	6.71527671813965	2.35999822616577	5.91969013214111	2.35999822616577	7.42988300323486	2.35999822616577	8.34263515472412	2.35999822616577	4.10063743591309	2.35999822616577	-6.91314220428467	2.35999822616577	3.84818601608276	2.35999822616577	4.5682897567749	2.35999822616577	3.27492642402649	2.35999822616577	3.54790711402893	2.35999822616577	3.84260606765747	2.35999822616577	2.1821882724762	2.35999822616577	5.57165431976318	2.35999822616577	2.00364422798157	2.35999822616577	2.70868110656738	2.35999822616577	4.77401447296143	2.35999822616577	5.83694362640381	2.35999822616577	0.0108481701463461	2.35999822616577	0.00622296240180731	2.35999822616577	0.00561872310936451	2.35999822616577	0.00595252448692918	2.35999822616577	0.00453849509358406	2.35999822616577	0.0053863269276917	2.35999822616577	0.0041971867904067	2.35999822616577	0.0117400884628296	2.35999822616577	0.0788688585162163	2.35999822616577	0.0106328055262566
2.36999821662903	119.446990966797	2.36999821662903	138.196502685547	2.36999821662903	145.251495361328	2.36999821662903	155.928771972656	2.36999821662903	172.537521362305	2.36999821662903	160.621047973633	2.36999821662903	180.076416015625	2.36999821662903	125.89282989502	2.36999821662903	749.287292480469	2.36999821662903	94.1719741821289	2.36999821662903	4.81284141540527	2.36999821662903	5.50570201873779	2.36999821662903	6.96418857574463	2.36999821662903	6.93781042098999	2.36999821662903	6.00997638702393	2.36999821662903	7.65832710266113	2.36999821662903	8.48514842987061	2.36999821662903	4.40950012207031	2.36999821662903	-6.84809303283691	2.36999821662903	3.99079585075378	2.36999821662903	4.18986225128174	2.36999821662903	3.16942024230957	2.36999821662903	3.4240128993988	2.36999821662903	3.67293405532837	2.36999821662903	2.11104226112366	2.36999821662903	5.41841411590576	2.36999821662903	1.8790168762207	2.36999821662903	2.39838552474976	2.36999821662903	4.30837965011597	2.36999821662903	5.37644386291504	2.36999821662903	0.0105858342722058	2.36999821662903	0.00618070689961314	2.36999821662903	0.00555992964655161	2.36999821662903	0.00586418528109789	2.36999821662903	0.00436959275975823	2.36999821662903	0.00523706199601293	2.36999821662903	0.00404851417988539	2.36999821662903	0.0119690513238311	2.36999821662903	0.0809351578354835	2.36999821662903	0.0106926476582885
2.37999820709229	121.328834533691	2.37999820709229	139.305236816406	2.37999820709229	146.246994018555	2.37999820709229	156.976379394531	2.37999820709229	173.308853149414	2.37999820709229	161.55029296875	2.37999820709229	180.791748046875	2.37999820709229	128.067886352539	2.37999820709229	764.041625976563	2.37999820709229	96.1020431518555	2.37999820709229	4.96756458282471	2.37999820709229	5.56201934814453	2.37999820709229	7.03714275360107	2.37999820709229	7.14348268508911	2.37999820709229	6.09984302520752	2.37999820709229	7.87216186523437	2.37999820709229	8.63075065612793	2.37999820709229	4.66508197784424	2.37999820709229	-6.31295442581177	2.37999820709229	4.06301116943359	2.37999820709229	3.79067587852478	2.37999820709229	3.05556392669678	2.37999820709229	3.28980016708374	2.37999820709229	3.4747474193573	2.37999820709229	2.032555103302	2.37999820709229	5.23995780944824	2.37999820709229	1.72935366630554	2.37999820709229	2.06193780899048	2.37999820709229	3.77165460586548	2.37999820709229	4.91162061691284	2.37999820709229	0.0102982204407454	2.37999820709229	0.00612717866897583	2.37999820709229	0.00548905739560723	2.37999820709229	0.00573746534064412	2.37999820709229	0.00418287189677358	2.37999820709229	0.00505516910925508	2.37999820709229	0.00387182272970676	2.37999820709229	0.0121390176936984	2.37999820709229	0.082959845662117	2.37999820709229	0.0107513964176178
2.38999819755554	123.156631469727	2.38999819755554	140.4033203125	2.38999819755554	147.228637695313	2.38999819755554	157.997711181641	2.38999819755554	174.044952392578	2.38999819755554	162.44384765625	2.38999819755554	181.472778320313	2.38999819755554	130.268203735352	2.38999819755554	779.156616210937	2.38999819755554	98.0425872802734	2.38999819755554	5.00730419158936	2.38999819755554	5.59362363815308	2.38999819755554	7.08199453353882	2.38999819755554	7.31807851791382	2.38999819755554	6.18253612518311	2.38999819755554	8.05606842041016	2.38999819755554	8.76891803741455	2.38999819755554	4.85348510742188	2.38999819755554	-5.29429960250854	2.38999819755554	4.06347179412842	2.38999819755554	3.38981485366821	2.38999819755554	2.93798756599426	2.38999819755554	3.150954246521	2.38999819755554	3.25518846511841	2.38999819755554	1.95062303543091	2.38999819755554	5.04266214370728	2.38999819755554	1.55971217155457	2.38999819755554	1.71504032611847	2.38999819755554	3.18776297569275	2.38999819755554	4.46144485473633	2.38999819755554	0.00999830290675163	2.38999819755554	0.00606587482616305	2.38999819755554	0.00540937809273601	2.38999819755554	0.00557643920183182	2.38999819755554	0.00397894345223904	2.38999819755554	0.00484371371567249	2.38999819755554	0.00366733432747424	2.38999819755554	0.0122624253854156	2.38999819755554	0.084877721965313	2.38999819755554	0.0108097763732076
2.3999981880188	124.929336547852	2.3999981880188	141.489654541016	2.3999981880188	148.195159912109	2.3999981880188	158.98698425293	2.3999981880188	174.742828369141	2.3999981880188	163.296691894531	2.3999981880188	182.114501953125	2.3999981880188	132.486541748047	2.3999981880188	794.607238769531	2.3999981880188	99.9935913085938	2.3999981880188	4.92495012283325	2.3999981880188	5.59448528289795	2.3999981880188	7.09056949615479	2.3999981880188	7.44764423370361	2.3999981880188	6.25063896179199	2.3999981880188	8.19451427459717	2.3999981880188	8.88792133331299	2.3999981880188	4.9641432762146	2.3999981880188	-3.81276679039001	2.3999981880188	3.9959454536438	2.3999981880188	3.00964307785034	2.3999981880188	2.82233572006226	2.3999981880188	3.0144214630127	2.3999981880188	3.02415418624878	2.3999981880188	1.87005877494812	2.3999981880188	4.83535766601562	2.3999981880188	1.37748861312866	2.3999981880188	1.37674582004547	2.3999981880188	2.58804750442505	2.3999981880188	4.04690170288086	2.3999981880188	0.00970038492232561	2.3999981880188	0.00600140960887074	2.3999981880188	0.0053254128433764	2.3999981880188	0.00538772996515036	2.3999981880188	0.00375981745310128	2.3999981880188	0.00460805185139179	2.3999981880188	0.00343742850236595	2.3999981880188	0.0123543571680784	2.3999981880188	0.0866240039467812	2.3999981880188	0.0108685027807951
2.40999817848206	126.648597717285	2.40999817848206	142.564117431641	2.40999817848206	149.146179199219	2.40999817848206	159.939788818359	2.40999817848206	175.399871826172	2.40999817848206	164.104934692383	2.40999817848206	182.712539672852	2.40999817848206	134.71858215332	2.40999817848206	810.356689453125	2.40999817848206	101.955207824707	2.40999817848206	4.72129917144775	2.40999817848206	5.56023550033569	2.40999817848206	7.0565013885498	2.40999817848206	7.52004528045654	2.40999817848206	6.29673957824707	2.40999817848206	8.27337741851807	2.40999817848206	8.97582626342773	2.40999817848206	4.99157285690308	2.40999817848206	-1.9287896156311	2.40999817848206	3.87018537521362	2.40999817848206	2.67418813705444	2.40999817848206	2.71492314338684	2.40999817848206	2.8879542350769	2.40999817848206	2.79386568069458	2.40999817848206	1.79629516601562	2.40999817848206	4.62896251678467	2.40999817848206	1.19214129447937	2.40999817848206	1.0681848526001	2.40999817848206	2.00968599319458	2.40999817848206	3.68910384178162	2.40999817848206	0.00941928569227457	2.40999817848206	0.00593932019546628	2.40999817848206	0.00524276914075017	2.40999817848206	0.00518036540597677	2.40999817848206	0.00352899054996669	2.40999817848206	0.00435577938333154	2.40999817848206	0.00318681169301271	2.40999817848206	0.0124316941946745	2.40999817848206	0.0881392732262611	2.40999817848206	0.0109282303601503
2.41999816894531	128.318771362305	2.41999816894531	143.62760925293	2.41999816894531	150.082427978516	2.41999816894531	160.853591918945	2.41999816894531	176.014312744141	2.41999816894531	164.866271972656	2.41999816894531	183.263610839844	2.41999816894531	136.963256835938	2.41999816894531	826.358154296875	2.41999816894531	103.927665710449	2.41999816894531	4.40658569335937	2.41999816894531	5.48897075653076	2.41999816894531	6.97627925872803	2.41999816894531	7.52658748626709	2.41999816894531	6.314284324646	2.41999816894531	8.28176689147949	2.41999816894531	9.02180671691895	2.41999816894531	4.93685913085937	2.41999816894531	0.256180018186569	2.41999816894531	3.7020092010498	2.41999816894531	2.40688800811768	2.41999816894531	2.62216019630432	2.41999816894531	2.77943277359009	2.41999816894531	2.5779721736908	2.41999816894531	1.73489427566528	2.41999816894531	4.43566226959229	2.41999816894531	1.01456522941589	2.41999816894531	0.810659289360046	2.41999816894531	1.49275827407837	2.41999816894531	3.40728449821472	2.41999816894531	0.00916928332298994	2.41999816894531	0.0058857249096036	2.41999816894531	0.00516781397163868	2.41999816894531	0.00496533326804638	2.41999816894531	0.00329138175584376	2.41999816894531	0.00409641955047846	2.41999816894531	0.00292246695607901	2.41999816894531	0.0125119108706713	2.41999816894531	0.0893750414252281	2.41999816894531	0.0109894862398505
2.42999815940857	129.946746826172	2.42999815940857	144.682205200195	2.42999815940857	151.005905151367	2.42999815940857	161.728012084961	2.42999815940857	176.585388183594	2.42999815940857	165.580291748047	2.42999815940857	183.765869140625	2.42999815940857	139.222625732422	2.42999815940857	842.556884765625	2.42999815940857	105.911285400391	2.42999815940857	4.00088500976562	2.42999815940857	5.3818359375	2.42999815940857	6.85009241104126	2.42999815940857	7.46357727050781	2.42999815940857	6.29845380783081	2.42999815940857	8.21380043029785	2.42999815940857	9.01754093170166	2.42999815940857	4.80846166610718	2.42999815940857	2.6045138835907	2.42999815940857	3.51256132125854	2.42999815940857	2.22788953781128	2.42999815940857	2.54987096786499	2.42999815940857	2.69601058959961	2.42999815940857	2.39023113250732	2.42999815940857	1.69094729423523	2.42999815940857	4.26773929595947	2.42999815940857	0.856074333190918	2.42999815940857	0.623268604278564	2.42999815940857	1.07623219490051	2.42999815940857	3.21622800827026	2.42999815940857	0.00896290224045515	2.42999815940857	0.00584685476496816	2.42999815940857	0.005107207223773	2.42999815940857	0.00475484319031239	2.42999815940857	0.00305308867245913	2.42999815940857	0.00384083180688322	2.42999815940857	0.00265332427807152	2.42999815940857	0.0126115856692195	2.42999815940857	0.090299054980278	2.42999815940857	0.011052611283958
2.43999814987183	131.541488647461	2.43999814987183	145.731140136719	2.43999814987183	151.919738769531	2.43999814987183	162.56494140625	2.43999814987183	177.113494873047	2.43999814987183	166.248641967773	2.43999814987183	184.21923828125	2.43999814987183	141.501678466797	2.43999814987183	858.893920898438	2.43999814987183	107.906440734863	2.43999814987183	3.53306698799133	2.43999814987183	5.24324703216553	2.43999814987183	6.68221282958984	2.43999814987183	7.3332986831665	2.43999814987183	6.24693536758423	2.43999814987183	8.0698823928833	2.43999814987183	8.95849800109863	2.43999814987183	4.62209177017212	2.43999814987183	4.95353221893311	2.43999814987183	3.32658624649048	2.43999814987183	2.15145516395569	2.43999814987183	2.50257062911987	2.43999814987183	2.64323019981384	2.43999814987183	2.24294900894165	2.43999814987183	1.66844296455383	2.43999814987183	4.13620185852051	2.43999814987183	0.727156162261963	2.43999814987183	0.520498871803284	2.43999814987183	0.793444395065308	2.43999814987183	3.12451553344727	2.43999814987183	0.00880972482264042	2.43999814987183	0.00582850258797407	2.43999814987183	0.00506732519716024	2.43999814987183	0.00456132413819432	2.43999814987183	0.00282097281888127	2.43999814987183	0.0036003717686981	2.43999814987183	0.00238965917378664	2.43999814987183	0.0127448262646794	2.43999814987183	0.0908995941281319	2.43999814987183	0.0111177116632462
2.44999814033508	133.11344909668	2.44999814033508	146.778610229492	2.44999814033508	152.828277587891	2.44999814033508	163.368560791016	2.44999814033508	177.600372314453	2.44999814033508	166.875061035156	2.44999814033508	184.62565612793	2.44999814033508	143.807739257812	2.44999814033508	875.309875488281	2.44999814033508	109.91349029541	2.44999814033508	3.03830099105835	2.44999814033508	5.08062219619751	2.44999814033508	6.4808349609375	2.44999814033508	7.14424991607666	2.44999814033508	6.16038942337036	2.44999814033508	7.857177734375	2.44999814033508	8.84475708007812	2.44999814033508	4.39945507049561	2.44999814033508	7.131667137146	2.44999814033508	3.17011547088623	2.44999814033508	2.18393015861511	2.44999814033508	2.48288202285767	2.44999814033508	2.62429285049438	2.44999814033508	2.14547824859619	2.44999814033508	1.66971850395203	2.44999814033508	4.04941463470459	2.44999814033508	0.636218547821045	2.44999814033508	0.510231018066406	2.44999814033508	0.667950630187988	2.44999814033508	3.13303256034851	2.44999814033508	0.00871540606021881	2.44999814033508	0.00583546748384833	2.44999814033508	0.0050536678172648	2.44999814033508	0.0043962961062789	2.44999814033508	0.00260210572741926	2.44999814033508	0.00338589772582054	2.44999814033508	0.00214225612580776	2.44999814033508	0.0129217999055982	2.44999814033508	0.0911879315972328	2.44999814033508	0.0111846299842
2.45999813079834	134.673736572266	2.45999813079834	147.829635620117	2.45999813079834	153.736709594727	2.45999813079834	164.145050048828	2.45999813079834	178.049057006836	2.45999813079834	167.465209960938	2.45999813079834	184.988983154297	2.45999813079834	146.149597167969	2.45999813079834	891.749633789063	2.45999813079834	111.932746887207	2.45999813079834	2.55443716049194	2.45999813079834	4.90367889404297	2.45999813079834	6.25729942321777	2.45999813079834	6.91045618057251	2.45999813079834	6.04249954223633	2.45999813079834	7.58912563323975	2.45999813079834	8.68123531341553	2.45999813079834	4.16606378555298	2.45999813079834	8.97680377960205	2.45999813079834	3.06770038604736	2.45999813079834	2.32277345657349	2.45999813079834	2.49116587638855	2.45999813079834	2.63962960243225	2.45999813079834	2.10303854942322	2.45999813079834	1.69514179229736	2.45999813079834	4.01206588745117	2.45999813079834	0.588558673858643	2.45999813079834	0.592621326446533	2.45999813079834	0.710537433624268	2.45999813079834	3.2348644733429	2.45999813079834	0.00868106726557016	2.45999813079834	0.00587108451873064	2.45999813079834	0.00507032312452793	2.45999813079834	0.00426926650106907	2.45999813079834	0.00240315310657024	2.45999813079834	0.00320676597766578	2.45999813079834	0.00192145968321711	2.45999813079834	0.0131476456299424	2.45999813079834	0.0911983996629715	2.45999813079834	0.0112529443576932
2.4699981212616	136.23323059082	2.4699981212616	148.889633178711	2.4699981212616	154.650863647461	2.4699981212616	164.902084350586	2.4699981212616	178.463714599609	2.4699981212616	168.026306152344	2.4699981212616	185.314987182617	2.4699981212616	148.536499023438	2.4699981212616	908.166320800781	2.4699981212616	113.964424133301	2.4699981212616	2.11803960800171	2.4699981212616	4.72340774536133	2.4699981212616	6.0248908996582	2.4699981212616	6.64999198913574	2.4699981212616	5.89959573745727	2.4699981212616	7.28402996063232	2.4699981212616	8.47719669342041	2.4699981212616	3.94854545593262	2.4699981212616	10.3533363342285	2.4699981212616	3.04011869430542	2.4699981212616	2.55684518814087	2.4699981212616	2.5254967212677	2.4699981212616	2.68684244155884	2.4699981212616	2.11613035202026	2.4699981212616	1.74305176734924	2.4699981212616	4.02463054656982	2.4699981212616	0.585753679275513	2.4699981212616	0.76004147529602	2.4699981212616	0.918068885803223	2.4699981212616	3.41592025756836	2.4699981212616	0.00870319548994303	2.4699981212616	0.00593690201640129	2.4699981212616	0.00511957984417677	2.4699981212616	0.00418682023882866	2.4699981212616	0.0022297881077975	2.4699981212616	0.00306996237486601	2.4699981212616	0.00173623603768647	2.4699981212616	0.0134219247847795	2.4699981212616	0.0909859836101532	2.4699981212616	0.0113220000639558
2.47999811172485	137.801803588867	2.47999811172485	149.964202880859	2.47999811172485	155.57682800293	2.47999811172485	165.648284912109	2.47999811172485	178.849472045898	2.47999811172485	168.566589355469	2.47999811172485	185.61083984375	2.47999811172485	150.977142333984	2.47999811172485	924.524658203125	2.47999811172485	116.008605957031	2.47999811172485	1.76082468032837	2.47999811172485	4.5509181022644	2.47999811172485	5.79743194580078	2.47999811172485	6.38300609588623	2.47999811172485	5.73993349075317	2.47999811172485	6.96304702758789	2.47999811172485	8.24521160125732	2.47999811172485	3.7719554901123	2.47999811172485	11.1648626327515	2.47999811172485	3.10251927375793	2.47999811172485	2.86779284477234	2.47999811172485	2.58191013336182	2.47999811172485	2.76103687286377	2.47999811172485	2.18059253692627	2.47999811172485	1.80998432636261	2.47999811172485	4.08341979980469	2.47999811172485	0.625590085983276	2.47999811172485	0.998072385787964	2.47999811172485	1.27420127391815	2.47999811172485	3.65671324729919	2.47999811172485	0.00877402722835541	2.47999811172485	0.00603255955502391	2.47999811172485	0.00520174391567707	2.47999811172485	0.00415203953161836	2.47999811172485	0.00208621821366251	2.47999811172485	0.00297950115054846	2.47999811172485	0.00159339199308306	2.47999811172485	0.013738670386374	2.47999811172485	0.0906217768788338	2.47999811172485	0.0113909542560577
2.48999810218811	139.387512207031	2.48999810218811	151.058670043945	2.48999810218811	156.520538330078	2.48999810218811	166.392517089844	2.48999810218811	179.212066650391	2.48999810218811	169.094757080078	2.48999810218811	185.884796142578	2.48999810218811	153.478607177734	2.48999810218811	940.803894042969	2.48999810218811	118.06517791748	2.48999810218811	1.50706505775452	2.48999810218811	4.39640474319458	2.48999810218811	5.58794116973877	2.48999810218811	6.12962818145752	2.48999810218811	5.57279396057129	2.48999810218811	6.64794969558716	2.48999810218811	7.99975395202637	2.48999810218811	3.65762090682983	2.48999810218811	11.3607721328735	2.48999810218811	3.26357388496399	2.48999810218811	3.23220753669739	2.48999810218811	2.65489888191223	2.48999810218811	2.85542678833008	2.48999810218811	2.28823685646057	2.48999810218811	1.89111340045929	2.48999810218811	4.18114376068115	2.48999810218811	0.702467441558838	2.48999810218811	1.28723287582397	2.48999810218811	1.75171303749084	2.48999810218811	3.9343786239624	2.48999810218811	0.00888233631849289	2.48999810218811	0.00615586014464498	2.48999810218811	0.00531515944749117	2.48999810218811	0.00416431156918406	2.48999810218811	0.00197488069534302	2.48999810218811	0.00293615669943392	2.48999810218811	0.0014970435295254	2.48999810218811	0.0140869943425059	2.48999810218811	0.0901871100068092	2.48999810218811	0.0114588420838118
2.49999809265137	140.996078491211	2.49999809265137	152.177825927734	2.49999809265137	157.48747253418	2.49999809265137	167.143203735352	2.49999809265137	179.557525634766	2.49999809265137	169.619369506836	2.49999809265137	186.145584106445	2.49999809265137	156.045608520508	2.49999809265137	956.998474121094	2.49999809265137	120.13387298584	2.49999809265137	1.37226033210754	2.49999809265137	4.26836395263672	2.49999809265137	5.40759944915771	2.49999809265137	5.90815925598145	2.49999809265137	5.4075779914856	2.49999809265137	6.35912132263184	2.49999809265137	7.75575923919678	2.49999809265137	3.62178635597229	2.49999809265137	10.9365825653076	2.49999809265137	3.52547073364258	2.49999809265137	3.62401270866394	2.49999809265137	2.73799562454224	2.49999809265137	2.96204590797424	2.49999809265137	2.42785882949829	2.49999809265137	1.98077130317688	2.49999809265137	4.30781841278076	2.49999809265137	0.808143973350525	2.49999809265137	1.60501194000244	2.49999809265137	2.31570506095886	2.49999809265137	4.22479391098022	2.49999809265137	0.00901446957141161	2.49999809265137	0.0063030100427568	2.49999809265137	0.00545641500502825	2.49999809265137	0.00421951292082667	2.49999809265137	0.00189633143600076	2.49999809265137	0.00293753249570727	2.49999809265137	0.00144838425330818	2.49999809265137	0.01445207092911	2.49999809265137	0.0897671207785606	2.49999809265137	0.0115246446803212
2.50999808311462	142.630584716797	2.50999808311462	153.325607299805	2.50999808311462	158.482345581055	2.50999808311462	167.907684326172	2.50999808311462	179.891815185547	2.50999808311462	170.148239135742	2.50999808311462	186.401916503906	2.50999808311462	158.679840087891	2.50999808311462	973.118713378906	2.50999808311462	122.214241027832	2.50999808311462	1.36306929588318	2.50999808311462	4.17312860488892	2.50999808311462	5.26507377624512	2.50999808311462	5.73375844955444	2.50999808311462	5.25302982330322	2.50999808311462	6.11397361755371	2.50999808311462	7.52734088897705	2.50999808311462	3.67513656616211	2.50999808311462	9.92951011657715	2.50999808311462	3.88456130027771	2.50999808311462	4.01669645309448	2.50999808311462	2.82434749603271	2.50999808311462	3.07247018814087	2.50999808311462	2.5863881111145	2.50999808311462	2.07299447059631	2.50999808311462	4.45176792144775	2.50999808311462	0.93262767791748	2.50999808311462	1.92785632610321	2.50999808311462	2.92704319953918	2.50999808311462	4.50437927246094	2.50999808311462	0.00915547087788582	2.50999808311462	0.00646896148100495	2.50999808311462	0.00562067329883575	2.50999808311462	0.00431048823520541	2.50999808311462	0.00184930686373264	2.50999808311462	0.00297840475104749	2.50999808311462	0.00144573242869228	2.50999808311462	0.0148163167759776	2.50999808311462	0.0894446074962616	2.50999808311462	0.0115873562172055
2.51999807357788	144.291259765625	2.51999807357788	154.504959106445	2.51999807357788	159.508834838867	2.51999807357788	168.691757202148	2.51999807357788	180.220443725586	2.51999807357788	170.688034057617	2.51999807357788	186.661911010742	2.51999807357788	161.379577636719	2.51999807357788	989.189636230469	2.51999807357788	124.305603027344	2.51999807357788	1.47799432277679	2.51999807357788	4.11472415924072	2.51999807357788	5.16624164581299	2.51999807357788	5.61766576766968	2.51999807357788	5.1166729927063	2.51999807357788	5.92600679397583	2.51999807357788	7.32681322097778	2.51999807357788	3.82302856445313	2.51999807357788	8.41129684448242	2.51999807357788	4.33240795135498	2.51999807357788	4.38500261306763	2.51999807357788	2.90719270706177	2.51999807357788	3.17839574813843	2.51999807357788	2.74994945526123	2.51999807357788	2.16195631027222	2.51999807357788	4.6005916595459	2.51999807357788	1.06503736972809	2.51999807357788	2.23274755477905	2.51999807357788	3.54533791542053	2.51999807357788	4.75130224227905	2.51999807357788	0.00929012522101402	2.51999807357788	0.00664780754595995	2.51999807357788	0.00580206979066134	2.51999807357788	0.00442771520465612	2.51999807357788	0.00183092441875488	2.51999807357788	0.00305126421153545	2.51999807357788	0.00148480804637074	2.51999807357788	0.015160571783781	2.51999807357788	0.0892947688698769	2.51999807357788	0.0116460332646966
2.52999806404114	145.975601196289	2.52999806404114	155.717651367187	2.52999806404114	160.569534301758	2.52999806404114	169.499298095703	2.52999806404114	180.548370361328	2.52999806404114	171.24382019043	2.52999806404114	186.932693481445	2.52999806404114	164.139465332031	2.52999806404114	1005.24920654297	2.52999806404114	126.407173156738	2.52999806404114	1.70856559276581	2.52999806404114	4.0949125289917	2.52999806404114	5.11418914794922	2.52999806404114	5.56693744659424	2.52999806404114	5.00445461273193	2.52999806404114	5.80431747436523	2.52999806404114	7.16406345367432	2.52999806404114	4.06612253189087	2.52999806404114	6.48050975799561	2.52999806404114	4.85676670074463	2.52999806404114	4.70606708526611	2.52999806404114	2.98019790649414	2.52999806404114	3.27206420898438	2.52999806404114	2.90473198890686	2.52999806404114	2.24229431152344	2.52999806404114	4.74193000793457	2.52999806404114	1.19431304931641	2.52999806404114	2.49833178520203	2.52999806404114	4.13121557235718	2.52999806404114	4.94635009765625	2.52999806404114	0.00940388720482588	2.52999806404114	0.0068331747315824	2.52999806404114	0.0059941210784018	2.52999806404114	0.00456005800515413	2.52999806404114	0.00183697137981653	2.52999806404114	0.00314694573171437	2.52999806404114	0.00155916705261916	2.52999806404114	0.0154651580378413	2.52999806404114	0.0893809348344803	2.52999806404114	0.0116998413577676
2.53999805450439	147.67854309082	2.53999805450439	156.964309692383	2.53999805450439	161.665771484375	2.53999805450439	170.332015991211	2.53999805450439	180.87956237793	2.53999805450439	171.818878173828	2.53999805450439	187.220031738281	2.53999805450439	166.950607299805	2.53999805450439	1021.34552001953	2.53999805450439	128.517974853516	2.53999805450439	2.04045629501343	2.53999805450439	4.11336469650269	2.53999805450439	5.10934448242188	2.53999805450439	5.58443546295166	2.53999805450439	4.92054271697998	2.53999805450439	5.75349617004395	2.53999805450439	7.04618072509766	2.53999805450439	4.40113830566406	2.53999805450439	4.25584650039673	2.53999805450439	5.44249820709229	2.53999805450439	4.96007966995239	2.53999805450439	3.03767681121826	2.53999805450439	3.34651756286621	2.53999805450439	3.03762078285217	2.53999805450439	2.30931305885315	2.53999805450439	4.86402797698975	2.53999805450439	1.30977618694305	2.53999805450439	2.70562648773193	2.53999805450439	4.64786386489868	2.53999805450439	5.0731725692749	2.53999805450439	0.00948362518101931	2.53999805450439	0.00701859081164002	2.53999805450439	0.00619011232629418	2.53999805450439	0.00469552166759968	2.53999805450439	0.00186224281787872	2.53999805450439	0.00325529929250479	2.53999805450439	0.00166072277352214	2.53999805450439	0.015710761770606	2.53999805450439	0.0897514224052429	2.53999805450439	0.0117480866611004
2.54999804496765	149.392776489258	2.54999804496765	158.244354248047	2.54999804496765	162.797622680664	2.54999804496765	171.189407348633	2.54999804496765	181.217025756836	2.54999804496765	172.414581298828	2.54999804496765	187.528106689453	2.54999804496765	169.800643920898	2.54999804496765	1037.5341796875	2.54999804496765	130.636978149414	2.54999804496765	2.45433354377747	2.54999804496765	4.16780757904053	2.54999804496765	5.1496639251709	2.54999804496765	5.66899108886719	2.54999804496765	4.86721420288086	2.54999804496765	5.77366065979004	2.54999804496765	6.97725009918213	2.54999804496765	4.82143688201904	2.54999804496765	1.87102329730988	2.54999804496765	6.07213497161865	2.54999804496765	5.13063049316406	2.54999804496765	3.07474255561829	2.54999804496765	3.39578914642334	2.54999804496765	3.13668513298035	2.54999804496765	2.35912036895752	2.54999804496765	4.95616436004639	2.54999804496765	1.40150845050812	2.54999804496765	2.83848762512207	2.54999804496765	5.06203174591064	2.54999804496765	5.11861848831177	2.54999804496765	0.00951824709773064	2.54999804496765	0.00719781359657645	2.54999804496765	0.0063834604807198	2.54999804496765	0.00482198549434543	2.54999804496765	0.0019009035313502	2.54999804496765	0.0033658433239907	2.54999804496765	0.0017803133232519	2.54999804496765	0.0158791430294514	2.54999804496765	0.090437151491642	2.54999804496765	0.0117902373895049
2.55999803543091	151.109176635742	2.55999803543091	159.556091308594	2.55999803543091	163.964065551758	2.55999803543091	172.068740844727	2.55999803543091	181.562683105469	2.55999803543091	173.030395507813	2.55999803543091	187.859329223633	2.55999803543091	172.674026489258	2.55999803543091	1053.87451171875	2.55999803543091	132.76301574707	2.55999803543091	2.92635226249695	2.55999803543091	4.25414276123047	2.55999803543091	5.23074150085449	2.55999803543091	5.81545257568359	2.55999803543091	4.84475135803223	2.55999803543091	5.860511302948	2.55999803543091	6.95817756652832	2.55999803543091	5.31728363037109	2.55999803543091	-0.528729677200317	2.55999803543091	6.72608995437622	2.55999803543091	5.20506048202515	2.55999803543091	3.08744144439697	2.55999803543091	3.4150595664978	2.55999803543091	3.19156646728516	2.55999803543091	2.38871812820435	2.55999803543091	5.00900459289551	2.55999803543091	1.46070504188538	2.55999803543091	2.88402915000916	2.55999803543091	5.34483861923218	2.55999803543091	5.07302093505859	2.55999803543091	0.00949922855943441	2.55999803543091	0.00736513687297702	2.55999803543091	0.00656804209575057	2.55999803543091	0.00492788897827268	2.55999803543091	0.00194686325266957	2.55999803543091	0.00346840475685894	2.55999803543091	0.00190829194616526	2.55999803543091	0.0159537475556135	2.55999803543091	0.0914499238133431	2.55999803543091	0.0118259461596608
2.56999802589417	152.817321777344	2.56999802589417	160.896865844727	2.56999802589417	165.16291809082	2.56999802589417	172.965301513672	2.56999802589417	181.917251586914	2.56999802589417	173.663909912109	2.56999802589417	188.214340209961	2.56999802589417	175.552429199219	2.56999802589417	1070.4267578125	2.56999802589417	134.894897460938	2.56999802589417	3.42835187911987	2.56999802589417	4.36646318435669	2.56999802589417	5.3458423614502	2.56999802589417	6.01474761962891	2.56999802589417	4.85130977630615	2.56999802589417	6.00527477264404	2.56999802589417	6.98653984069824	2.56999802589417	5.87573575973511	2.56999802589417	-2.78978133201599	2.56999802589417	7.38283395767212	2.56999802589417	5.1749439239502	2.56999802589417	3.07291126251221	2.56999802589417	3.40085744857788	2.56999802589417	3.19396209716797	2.56999802589417	2.39613723754883	2.56999802589417	5.01502084732056	2.56999802589417	1.48004007339478	2.56999802589417	2.83321905136108	2.56999802589417	5.47276973724365	2.56999802589417	4.93059349060059	2.56999802589417	0.00942111853510141	2.56999802589417	0.00751568004488945	2.56999802589417	0.00673851417377591	2.56999802589417	0.00500291911885142	2.56999802589417	0.00199417001567781	2.56999802589417	0.00355374673381448	2.56999802589417	0.00203514588065445	2.56999802589417	0.0159202832728624	2.56999802589417	0.0927811712026596	2.56999802589417	0.0118550704792142
2.57999801635742	154.506088256836	2.57999801635742	162.263244628906	2.57999801635742	166.391204833984	2.57999801635742	173.87255859375	2.57999801635742	182.280456542969	2.57999801635742	174.311264038086	2.57999801635742	188.592071533203	2.57999801635742	178.415054321289	2.57999801635742	1087.24719238281	2.57999801635742	137.031448364258	2.57999801635742	3.92797040939331	2.57999801635742	4.49705696105957	2.57999801635742	5.48588275909424	2.57999801635742	6.25373697280884	2.57999801635742	4.8827748298645	2.57999801635742	6.19463920593262	2.57999801635742	7.05633401870728	2.57999801635742	6.48015785217285	2.57999801635742	-4.75376415252686	2.57999801635742	8.01907539367676	2.57999801635742	5.03694152832031	2.57999801635742	3.02965116500854	2.57999801635742	3.35137891769409	2.57999801635742	3.13821840286255	2.57999801635742	2.38059520721436	2.57999801635742	4.9690113067627	2.57999801635742	1.45414173603058	2.57999801635742	2.68179368972778	2.57999801635742	5.42913818359375	2.57999801635742	4.69036817550659	2.57999801635742	0.00928202923387289	2.57999801635742	0.00764567870646715	2.57999801635742	0.00689063174650073	2.57999801635742	0.00503868283703923	2.57999801635742	0.00203743041492999	2.57999801635742	0.00361421168781817	2.57999801635742	0.00215214001946151	2.57999801635742	0.0157673750072718	2.57999801635742	0.0944011434912682	2.57999801635742	0.0118776904419065
2.58999800682068	156.164337158203	2.58999800682068	163.651184082031	2.58999800682068	167.64518737793	2.58999800682068	174.782760620117	2.58999800682068	182.651077270508	2.58999800682068	174.96728515625	2.58999800682068	188.989990234375	2.58999800682068	181.23942565918	2.58999800682068	1104.38513183594	2.58999800682068	139.171463012695	2.58999800682068	4.3891487121582	2.58999800682068	4.63642692565918	2.58999800682068	5.63947486877441	2.58999800682068	6.51524877548218	2.58999800682068	4.93264102935791	2.58999800682068	6.41072750091553	2.58999800682068	7.15783739089966	2.58999800682068	7.10959768295288	2.58999800682068	-6.26404571533203	2.58999800682068	8.6101541519165	2.58999800682068	4.79398822784424	2.58999800682068	2.95787811279297	2.58999800682068	3.26691007614136	2.58999800682068	3.02217078208923	2.58999800682068	2.34274482727051	2.58999800682068	4.86885499954224	2.58999800682068	1.38024497032166	2.58999800682068	2.43146848678589	2.58999800682068	5.20622491836548	2.58999800682068	4.35731935501099	2.58999800682068	0.00908412411808968	2.58999800682068	0.00775278033688664	2.58999800682068	0.00702157430350781	2.58999800682068	0.00502942316234112	2.58999800682068	0.00207226048223674	2.58999800682068	0.00364437233656645	2.58999800682068	0.00225201621651649	2.58999800682068	0.0154873449355364	2.58999800682068	0.0962587594985962	2.58999800682068	0.0118941236287355
2.59999799728394	157.781677246094	2.59999799728394	165.05632019043	2.59999799728394	168.920867919922	2.59999799728394	175.687225341797	2.59999799728394	183.027236938477	2.59999799728394	175.625991821289	2.59999799728394	189.404342651367	2.59999799728394	184.001937866211	2.59999799728394	1121.87890625	2.59999799728394	141.313873291016	2.59999799728394	4.77336025238037	2.59999799728394	4.77349662780762	2.59999799728394	5.79316139221191	2.59999799728394	6.77828884124756	2.59999799728394	4.99203014373779	2.59999799728394	6.63141965866089	2.59999799728394	7.2776050567627	2.59999799728394	7.73827219009399	2.59999799728394	-7.17594718933105	2.59999799728394	9.13129806518555	2.59999799728394	4.45663833618164	2.59999799728394	2.85991144180298	2.59999799728394	3.15031218528748	2.59999799728394	2.84807348251343	2.59999799728394	2.28492164611816	2.59999799728394	4.71635341644287	2.59999799728394	1.25896716117859	2.59999799728394	2.09138989448547	2.59999799728394	4.80794858932495	2.59999799728394	3.94350004196167	2.59999799728394	0.00883403047919273	2.59999799728394	0.00783633347600698	2.59999799728394	0.00713026151061058	2.59999799728394	0.00497271586209536	2.59999799728394	0.00209575425833464	2.59999799728394	0.00364168640226126	2.59999799728394	0.00232970737852156	2.59999799728394	0.0150771411135793	2.59999799728394	0.098282516002655	2.59999799728394	0.011904938146472
2.60999798774719	159.34928894043	2.60999798774719	166.474395751953	2.60999798774719	170.214096069336	2.60999798774719	176.577194213867	2.60999798774719	183.406585693359	2.60999798774719	176.28125	2.60999798774719	189.830673217773	2.60999798774719	186.678894042969	2.60999798774719	1139.751953125	2.60999798774719	143.457733154297	2.60999798774719	5.04209613800049	2.60999798774719	4.89612007141113	2.60999798774719	5.9320068359375	2.60999798774719	7.018874168396	2.60999798774719	5.0499906539917	2.60999798774719	6.83128261566162	2.60999798774719	7.39888095855713	2.60999798774719	8.33555603027344	2.60999798774719	-7.37173271179199	2.60999798774719	9.55938720703125	2.60999798774719	4.04432582855225	2.60999798774719	2.74056482315063	2.60999798774719	3.00747966766357	2.60999798774719	2.62354898452759	2.60999798774719	2.21138167381287	2.60999798774719	4.51805686950684	2.60999798774719	1.09509670734406	2.60999798774719	1.67943024635315	2.60999798774719	4.25267553329468	2.60999798774719	3.46921491622925	2.60999798774719	0.00854306574910879	2.60999798774719	0.00789762660861015	2.60999798774719	0.00721762049943209	2.60999798774719	0.00487011251971126	2.60999798774719	0.00210693711414933	2.60999798774719	0.00360707798972726	2.60999798774719	0.00238303816877306	2.60999798774719	0.0145393731072545	2.60999798774719	0.100383087992668	2.60999798774719	0.011910947971046
2.61999797821045	160.86083984375	2.61999797821045	167.901473999023	2.61999797821045	171.521133422852	2.61999797821045	177.444580078125	2.61999797821045	183.786834716797	2.61999797821045	176.92741394043	2.61999797821045	190.264419555664	2.61999797821045	189.247589111328	2.61999797821045	1158.00988769531	2.61999797821045	145.602249145508	2.61999797821045	5.16080570220947	2.61999797821045	4.99198198318481	2.61999797821045	6.04071807861328	2.61999797821045	7.211669921875	2.61999797821045	5.09421586990356	2.61999797821045	6.98342180252075	2.61999797821045	7.50263214111328	2.61999797821045	8.86699295043945	2.61999797821045	-6.77961492538452	2.61999797821045	9.87574195861816	2.61999797821045	3.58588743209839	2.61999797821045	2.60731077194214	2.61999797821045	2.84756016731262	2.61999797821045	2.36215496063232	2.61999797821045	2.12835121154785	2.61999797821045	4.28584957122803	2.61999797821045	0.898169279098511	2.61999797821045	1.22278809547424	2.61999797821045	3.57535409927368	2.61999797821045	2.96312808990479	2.61999797821045	0.00822710059583187	2.61999797821045	0.00794002506881952	2.61999797821045	0.00728674978017807	2.61999797821045	0.00472759222611785	2.61999797821045	0.00210713408887386	2.61999797821045	0.00354534643702209	2.61999797821045	0.00241331080906093	2.61999797821045	0.0138833113014698	2.61999797821045	0.102458097040653	2.61999797821045	0.0119131878018379
2.62999796867371	162.313293457031	2.62999796867371	169.334487915039	2.62999796867371	172.838973999023	2.62999796867371	178.282730102539	2.62999796867371	184.166137695313	2.62999796867371	177.560012817383	2.62999796867371	190.701553344727	2.62999796867371	191.687545776367	2.62999796867371	1176.63916015625	2.62999796867371	147.746841430664	2.62999796867371	5.10409069061279	2.62999796867371	5.04995536804199	2.62999796867371	6.10528945922852	2.62999796867371	7.3325891494751	2.62999796867371	5.11228084564209	2.62999796867371	7.06231355667114	2.62999796867371	7.56936407089233	2.62999796867371	9.29669952392578	2.62999796867371	-5.39391899108887	2.62999796867371	10.0693969726562	2.62999796867371	3.11872720718384	2.62999796867371	2.47010469436646	2.62999796867371	2.6827220916748	2.62999796867371	2.08327388763428	2.62999796867371	2.0438175201416	2.62999796867371	4.03684139251709	2.62999796867371	0.682515382766724	2.62999796867371	0.757294416427612	2.62999796867371	2.82783961296082	2.62999796867371	2.46128702163696	2.62999796867371	0.0079058688133955	2.62999796867371	0.00796891935169697	2.62999796867371	0.00734289176762104	2.62999796867371	0.00455565843731165	2.62999796867371	0.00210016220808029	2.62999796867371	0.00346524431370199	2.62999796867371	0.00242563686333597	2.62999796867371	0.0131255881860852	2.62999796867371	0.104399584233761	2.62999796867371	0.0119128525257111
2.63999795913696	163.707443237305	2.63999795913696	170.771499633789	2.63999795913696	174.165740966797	2.63999795913696	179.087265014648	2.63999795913696	184.543533325195	2.63999795913696	178.176544189453	2.63999795913696	191.139282226562	2.63999795913696	193.981964111328	2.63999795913696	1195.60583496094	2.63999795913696	149.891128540039	2.63999795913696	4.86136102676392	2.63999795913696	5.06175231933594	2.63999795913696	6.11505699157715	2.63999795913696	7.36215448379517	2.63999795913696	5.09330368041992	2.63999795913696	7.04749250411987	2.63999795913696	7.58160257339478	2.63999795913696	9.59125137329102	2.63999795913696	-3.29160404205322	2.63999795913696	10.1402225494385	2.63999795913696	2.68618440628052	2.63999795913696	2.34071159362793	2.63999795913696	2.5273265838623	2.63999795913696	1.81088101863861	2.63999795913696	1.96691715717316	2.63999795913696	3.79236102104187	2.63999795913696	0.466488122940063	2.63999795913696	0.324859499931335	2.63999795913696	2.07637405395508	2.63999795913696	2.00437307357788	2.63999795913696	0.00760158989578486	2.63999795913696	0.00799142383038998	2.63999795913696	0.00739313941448927	2.63999795913696	0.00436890078708529	2.63999795913696	0.00209223362617195	2.63999795913696	0.00337908254005015	2.63999795913696	0.00242885225452483	2.63999795913696	0.0122902868315578	2.63999795913696	0.10610394179821	2.63999795913696	0.011911210604012
2.64999794960022	165.04833984375	2.64999794960022	172.211975097656	2.64999794960022	175.501037597656	2.64999794960022	179.856872558594	2.64999794960022	184.919418334961	2.64999794960022	178.77702331543	2.64999794960022	191.576751708984	2.64999794960022	196.119033813477	2.64999794960022	1214.85803222656	2.64999794960022	152.03498840332	2.64999794960022	4.44159364700317	2.64999794960022	5.02356958389282	2.64999794960022	6.06474637985229	2.64999794960022	7.28913307189941	2.64999794960022	5.02982091903687	2.64999794960022	6.92738771438599	2.64999794960022	7.52679014205933	2.64999794960022	9.72480964660644	2.64999794960022	-0.63874363899231	2.64999794960022	10.1012353897095	2.64999794960022	2.33286285400391	2.64999794960022	2.23144817352295	2.64999794960022	2.39639973640442	2.64999794960022	1.57110476493835	2.64999794960022	1.9069105386734	2.64999794960022	3.57578825950623	2.64999794960022	0.270655989646912	2.64999794960022	-0.0310941934585571	2.64999794960022	1.3954930305481	2.64999794960022	1.63320446014404	2.64999794960022	0.00733688985928893	2.64999794960022	0.00801577605307102	2.64999794960022	0.00744582945480943	2.64999794960022	0.00418491009622812	2.64999794960022	0.00209150114096701	2.64999794960022	0.00330174434930086	2.64999794960022	0.00243490352295339	2.64999794960022	0.0114080971106887	2.64999794960022	0.107483617961407	2.64999794960022	0.0119094746187329
2.65999794006348	166.345169067383	2.65999794006348	173.656997680664	2.65999794006348	176.84602355957	2.65999794006348	180.593597412109	2.65999794006348	185.295822143555	2.65999794006348	179.364364624023	2.65999794006348	192.015579223633	2.65999794006348	198.09309387207	2.65999794006348	1234.3291015625	2.65999794006348	154.17854309082	2.65999794006348	3.87551784515381	2.65999794006348	4.93730211257935	2.65999794006348	5.95605087280273	2.65999794006348	7.11349773406982	2.65999794006348	4.91944694519043	2.65999794006348	6.70245218276978	2.65999794006348	7.39990711212158	2.65999794006348	9.684401512146	2.65999794006348	2.31813669204712	2.65999794006348	9.97886848449707	2.65999794006348	2.09854435920715	2.65999794006348	2.15352058410645	2.65999794006348	2.30360269546509	2.65999794006348	1.38871848583221	2.65999794006348	1.87189114093781	2.65999794006348	3.40948343276978	2.65999794006348	0.115176975727081	2.65999794006348	-0.271680235862732	2.65999794006348	0.8587766289711	2.65999794006348	1.38319778442383	2.65999794006348	0.00713220005854964	2.65999794006348	0.00805046875029802	2.65999794006348	0.00750965578481555	2.65999794006348	0.00402252795174718	2.65999794006348	0.00210722186602652	2.65999794006348	0.00324913905933499	2.65999794006348	0.00245764455758035	2.65999794006348	0.0105142993852496	2.65999794006348	0.108478836715221	2.65999794006348	0.0119086671620607
2.66999793052673	167.610549926758	2.66999793052673	175.10920715332	2.66999793052673	178.203506469727	2.66999793052673	181.303039550781	2.66999793052673	185.676528930664	2.66999793052673	179.944488525391	2.66999793052673	192.460006713867	2.66999793052673	199.905227661133	2.66999793052673	1253.94494628906	2.66999793052673	156.322036743164	2.66999793052673	3.21384453773499	2.66999793052673	4.81090116500854	2.66999793052673	5.79812622070312	2.66999793052673	6.8477783203125	2.66999793052673	4.76578760147095	2.66999793052673	6.38650798797607	2.66999793052673	7.20507574081421	2.66999793052673	9.47407150268555	2.66999793052673	5.27816867828369	2.66999793052673	9.81082248687744	2.66999793052673	2.01178407669067	2.66999793052673	2.11526036262512	2.66999793052673	2.25905609130859	2.66999793052673	1.28327798843384	2.66999793052673	1.86743319034576	2.66999793052673	3.31130599975586	2.66999793052673	0.0166957974433899	2.66999793052673	-0.368887037038803	2.66999793052673	0.52791178226471	2.66999793052673	1.27873086929321	2.66999793052673	0.00700304144993424	2.66999793052673	0.00810321792960167	2.66999793052673	0.00759259192273021	2.66999793052673	0.00389963877387345	2.66999793052673	0.00214862264692783	2.66999793052673	0.00323625281453133	2.66999793052673	0.00251116487197578	2.66999793052673	0.00964563246816397	2.66999793052673	0.109067112207413	2.66999793052673	0.0119094802066684
2.67999792098999	168.859481811523	2.67999792098999	176.572525024414	2.67999792098999	179.57763671875	2.67999792098999	181.993911743164	2.67999792098999	186.067016601562	2.67999792098999	180.525848388672	2.67999792098999	192.916839599609	2.67999792098999	201.563262939453	2.67999792098999	1273.6298828125	2.67999792098999	158.465805053711	2.67999792098999	2.52134370803833	2.67999792098999	4.65762567520142	2.67999792098999	5.60676622390747	2.67999792098999	6.5161623954773	2.67999792098999	4.57833528518677	2.67999792098999	6.00560092926025	2.67999792098999	6.95559024810791	2.67999792098999	9.1164722442627	2.67999792098999	7.92577981948852	2.67999792098999	9.64165210723877	2.67999792098999	2.08486771583557	2.67999792098999	2.12068772315979	2.67999792098999	2.26760935783386	2.67999792098999	1.26577877998352	2.67999792098999	1.89559400081635	2.67999792098999	3.29160857200623	2.67999792098999	-0.0144248008728027	2.67999792098999	-0.310594499111176	2.67999792098999	0.442686140537262	2.67999792098999	1.32906889915466	2.67999792098999	0.00695775263011455	2.67999792098999	0.00817993935197592	2.67999792098999	0.00770082231611013	2.67999792098999	0.00383085780777037	2.67999792098999	0.00222366070374846	2.67999792098999	0.00327513227239251	2.67999792098999	0.00260790763422847	2.67999792098999	0.00883641187101603	2.67999792098999	0.109268382191658	2.67999792098999	0.0119121810421348
2.68999791145325	170.107788085938	2.68999791145325	178.051818847656	2.68999791145325	180.973526000977	2.68999791145325	182.677276611328	2.68999791145325	186.474029541016	2.68999791145325	181.118865966797	2.68999791145325	193.394958496094	2.68999791145325	203.081008911133	2.68999791145325	1293.31628417969	2.68999791145325	160.610244750977	2.68999791145325	1.86783850193024	2.68999791145325	4.49430227279663	2.68999791145325	5.40229892730713	2.68999791145325	6.15127086639404	2.68999791145325	4.37117958068848	2.68999791145325	5.59449577331543	2.68999791145325	6.67218160629272	2.68999791145325	8.65105628967285	2.68999791145325	9.97570896148682	2.68999791145325	9.51679134368897	2.68999791145325	2.31147694587708	2.68999791145325	2.16880989074707	2.68999791145325	2.32795405387878	2.68999791145325	1.33675837516785	2.68999791145325	1.95448279380798	2.68999791145325	3.35144281387329	2.68999791145325	0.0241478085517883	2.68999791145325	-0.102871656417847	2.68999791145325	0.61440771818161	2.68999791145325	1.52659320831299	2.68999791145325	0.006996164098382	2.68999791145325	0.00828394014388323	2.68999791145325	0.0078378776088357	2.68999791145325	0.00382556905969977	2.68999791145325	0.00233790231868625	2.68999791145325	0.00337321124970913	2.68999791145325	0.00275692832656205	2.68999791145325	0.00811453815549612	2.68999791145325	0.109144277870655	2.68999791145325	0.0119165582582355
2.6999979019165	171.370574951172	2.6999979019165	179.552291870117	2.6999979019165	182.396667480469	2.6999979019165	183.36540222168	2.6999979019165	186.905136108398	2.6999979019165	181.73486328125	2.6999979019165	193.90461730957	2.6999979019165	204.476654052734	2.6999979019165	1312.95104980469	2.6999979019165	162.755630493164	2.6999979019165	1.31837344169617	2.6999979019165	4.33897066116333	2.6999979019165	5.20674800872803	2.6999979019165	5.78943538665772	2.6999979019165	4.16093301773071	2.6999979019165	5.19156932830811	2.6999979019165	6.37995290756226	2.6999979019165	8.1292028427124	2.6999979019165	11.2123556137085	2.6999979019165	9.47672939300537	2.6999979019165	2.66755962371826	2.6999979019165	2.25377202033997	2.6999979019165	2.43284606933594	2.6999979019165	1.48627352714539	2.6999979019165	2.03854942321777	2.6999979019165	3.48247313499451	2.6999979019165	0.126437157392502	2.6999979019165	0.231014430522919	2.6999979019165	1.02441024780273	2.6999979019165	1.8480703830719	2.6999979019165	0.00710952840745449	2.6999979019165	0.00841548107564449	2.6999979019165	0.00800415500998497	2.6999979019165	0.00388673017732799	2.6999979019165	0.00249376241117716	2.6999979019165	0.00353230768814683	2.6999979019165	0.00296265352517366	2.6999979019165	0.0074982070364058	2.6999979019165	0.108791396021843	2.6999979019165	0.0119219506159425
2.70999789237976	172.66047668457	2.70999789237976	181.078918457031	2.70999789237976	183.852386474609	2.70999789237976	184.070526123047	2.70999789237976	187.368041992187	2.70999789237976	182.384994506836	2.70999789237976	194.456405639648	2.70999789237976	205.770858764648	2.70999789237976	1332.50170898438	2.70999789237976	164.902069091797	2.70999789237976	0.924772500991821	2.70999789237976	4.20853996276855	2.70999789237976	5.04091835021973	2.70999789237976	5.46557712554932	2.70999789237976	3.96433115005493	2.70999789237976	4.83340454101562	2.70999789237976	6.10473489761353	2.70999789237976	7.60736227035522	2.70999789237976	11.51526927948	2.70999789237976	9.55241107940674	2.70999789237976	3.11515617370605	2.70999789237976	2.36583638191223	2.70999789237976	2.57030415534973	2.70999789237976	1.69568133354187	2.70999789237976	2.13948678970337	2.70999789237976	3.66847372055054	2.70999789237976	0.279294639825821	2.70999789237976	0.654442548751831	2.70999789237976	1.62768077850342	2.70999789237976	2.25821447372437	2.70999789237976	0.00728167733177543	2.70999789237976	0.00857176538556814	2.70999789237976	0.00819687731564045	2.70999789237976	0.00401063356548548	2.70999789237976	0.002690221183002	2.70999789237976	0.00374847464263439	2.70999789237976	0.0032243428286165	2.70999789237976	0.00699390796944499	2.70999789237976	0.108329877257347	2.70999789237976	0.0119273196905851
2.71999788284302	173.986679077148	2.71999788284302	182.635894775391	2.71999788284302	185.345169067383	2.71999788284302	184.803588867187	2.71999788284302	187.86994934082	2.71999788284302	183.079177856445	2.71999788284302	195.060333251953	2.71999788284302	206.984375	2.71999788284302	1351.95959472656	2.71999788284302	167.049468994141	2.71999788284302	0.720454394817352	2.71999788284302	4.11689329147339	2.71999788284302	4.92204856872559	2.71999788284302	5.20889234542847	2.71999788284302	3.79611539840698	2.71999788284302	4.55029487609863	2.71999788284302	5.86976051330566	2.71999788284302	7.13992834091187	2.71999788284302	10.8670206069946	2.71999788284302	9.76248455047607	2.71999788284302	3.60779428482056	2.71999788284302	2.49280309677124	2.71999788284302	2.72534942626953	2.71999788284302	1.94055128097534	2.71999788284302	2.24743413925171	2.71999788284302	3.88786196708679	2.71999788284302	0.46455916762352	2.71999788284302	1.12286341190338	2.71999788284302	2.3600697517395	2.71999788284302	2.71445560455322	2.71999788284302	0.0074910968542099	2.71999788284302	0.00874732527881861	2.71999788284302	0.00841047149151564	2.71999788284302	0.00418760301545262	2.71999788284302	0.00292303296737373	2.71999788284302	0.00401264987885952	2.71999788284302	0.00353630329482257	2.71999788284302	0.00659604789689183	2.71999788284302	0.10788955539465	2.71999788284302	0.0119313690811396
2.72999787330627	175.353927612305	2.72999787330627	184.226226806641	2.72999787330627	186.878295898438	2.72999787330627	185.573287963867	2.72999787330627	188.417053222656	2.72999787330627	183.825241088867	2.72999787330627	195.724960327148	2.72999787330627	208.135848999023	2.72999787330627	1371.34008789062	2.72999787330627	169.197479248047	2.72999787330627	0.718626499176025	2.72999787330627	4.0737681388855	2.72999787330627	4.86237668991089	2.72999787330627	5.04002952575684	2.72999787330627	3.66753768920898	2.72999787330627	4.3633861541748	2.72999787330627	5.69325590133667	2.72999787330627	6.77327489852905	2.72999787330627	9.34594631195068	2.72999787330627	10.1129570007324	2.72999787330627	4.09608364105225	2.72999787330627	2.62151503562927	2.72999787330627	2.88187146186829	2.72999787330627	2.19388651847839	2.72999787330627	2.35220885276794	2.72999787330627	4.1165771484375	2.72999787330627	0.661496102809906	2.72999787330627	1.58939933776855	2.72999787330627	3.14689135551453	2.72999787330627	3.17183041572571	2.72999787330627	0.00771342543885112	2.72999787330627	0.00893467105925083	2.72999787330627	0.00863722804933786	2.72999787330627	0.00440337415784597	2.72999787330627	0.00318531645461917	2.72999787330627	0.00431188801303506	2.72999787330627	0.00388870108872652	2.72999787330627	0.00628806930035353	2.72999787330627	0.107596069574356	2.72999787330627	0.0119326775893569
2.73999786376953	176.762344360352	2.73999786376953	185.851318359375	2.73999786376953	188.453384399414	2.73999786376953	186.385299682617	2.73999786376953	189.014007568359	2.73999786376953	184.628295898438	2.73999786376953	196.456634521484	2.73999786376953	209.239990234375	2.73999786376953	1390.68103027344	2.73999786376953	171.345458984375	2.73999786376953	0.913321375846863	2.73999786376953	4.0842981338501	2.73999786376953	4.86855459213257	2.73999786376953	4.96983957290649	2.73999786376953	3.58555746078491	2.73999786376953	4.28346729278564	2.73999786376953	5.58709383010864	2.73999786376953	6.54168844223022	2.73999786376953	7.10942411422729	2.73999786376953	10.5979080200195	2.73999786376953	4.53254461288452	2.73999786376953	2.73916959762573	2.73999786376953	3.02422332763672	2.73999786376953	2.42900776863098	2.73999786376953	2.44432091712952	2.73999786376953	4.33064985275269	2.73999786376953	0.849118530750275	2.73999786376953	2.00949549674988	2.73999786376953	3.91100907325745	2.73999786376953	3.586918592453	2.73999786376953	0.00792395602911711	2.73999786376953	0.00912506598979235	2.73999786376953	0.00886809453368187	2.73999786376953	0.00464084045961499	2.73999786376953	0.00346837285906076	2.73999786376953	0.00463088508695364	2.73999786376953	0.00426874589174986	2.73999786376953	0.00604469934478402	2.73999786376953	0.10755867511034	2.73999786376953	0.0119298305362463
2.74999785423279	178.207611083984	2.74999785423279	187.510971069336	2.74999785423279	190.070434570313	2.74999785423279	187.24201965332	2.74999785423279	189.663787841797	2.74999785423279	185.490570068359	2.74999785423279	197.259216308594	2.74999785423279	210.30615234375	2.74999785423279	1410.03820800781	2.74999785423279	173.492568969727	2.74999785423279	1.28185367584229	2.74999785423279	4.14909601211548	2.74999785423279	4.94172048568726	2.74999785423279	4.99933576583862	2.74999785423279	3.55264139175415	2.74999785423279	4.31107091903687	2.74999785423279	5.55639123916626	2.74999785423279	6.46514987945557	2.74999785423279	4.37405920028687	2.74999785423279	11.2011384963989	2.74999785423279	4.87510633468628	2.74999785423279	2.83427596092224	2.74999785423279	3.13840651512146	2.74999785423279	2.62176156044006	2.74999785423279	2.51568698883057	2.74999785423279	4.50820302963257	2.74999785423279	1.0079630613327	2.74999785423279	2.34426331520081	2.74999785423279	4.57925271987915	2.74999785423279	3.92078447341919	2.74999785423279	0.00809984281659126	2.74999785423279	0.00930931512266397	2.74999785423279	0.00909349322319031	2.74999785423279	0.00488187372684479	2.74999785423279	0.00376258930191398	2.74999785423279	0.00495355296880007	2.74999785423279	0.00466202339157462	2.74999785423279	0.00583484396338463	2.74999785423279	0.107860796153545	2.74999785423279	0.0119215259328485
2.75999784469604	179.681411743164	2.75999784469604	189.203216552734	2.75999784469604	191.727554321289	2.75999784469604	188.142440795898	2.75999784469604	190.367538452148	2.75999784469604	186.411254882813	2.75999784469604	198.133773803711	2.75999784469604	211.337539672852	2.75999784469604	1429.48034667969	2.75999784469604	175.637725830078	2.75999784469604	1.78766429424286	2.75999784469604	4.26452779769897	2.75999784469604	5.07781600952148	2.75999784469604	5.12031650543213	2.75999784469604	3.56689834594727	2.75999784469604	4.43722438812256	2.75999784469604	5.59965658187866	2.75999784469604	6.54841184616089	2.75999784469604	1.39693379402161	2.75999784469604	11.8976984024048	2.75999784469604	5.08952474594116	2.75999784469604	2.89733076095581	2.75999784469604	3.21290445327759	2.75999784469604	2.75208854675293	2.75999784469604	2.56008744239807	2.75999784469604	4.63085126876831	2.75999784469604	1.12139296531677	2.75999784469604	2.56267786026001	2.75999784469604	5.08717107772827	2.75999784469604	4.14099311828613	2.75999784469604	0.00822191964834929	2.75999784469604	0.0094785001128912	2.75999784469604	0.00930408015847206	2.75999784469604	0.00510904472321272	2.75999784469604	0.00405832193791866	2.75999784469604	0.00526448199525476	2.75999784469604	0.00505381682887673	2.75999784469604	0.00562475342303514	2.75999784469604	0.108553275465965	2.75999784469604	0.0119066750630736
2.7699978351593	181.172348022461	2.7699978351593	190.924575805664	2.7699978351593	193.421234130859	2.7699978351593	189.08251953125	2.7699978351593	191.124664306641	2.7699978351593	187.386856079102	2.7699978351593	199.078735351562	2.7699978351593	212.331085205078	2.7699978351593	1449.08215332031	2.7699978351593	177.779586791992	2.7699978351593	2.38280367851257	2.7699978351593	4.42303085327148	2.7699978351593	5.26797342300415	2.7699978351593	5.31621551513672	2.7699978351593	3.62235403060913	2.7699978351593	4.64441394805908	2.7699978351593	5.70916032791138	2.7699978351593	6.78069353103638	2.7699978351593	-1.54071390628815	2.7699978351593	12.6550760269165	2.7699978351593	5.15125608444214	2.7699978351593	2.9213330745697	2.7699978351593	3.23928880691528	2.7699978351593	2.80519866943359	2.7699978351593	2.57347917556763	2.7699978351593	4.68480157852173	2.7699978351593	1.17657434940338	2.7699978351593	2.64315605163574	2.7699978351593	5.38270711898804	2.7699978351593	4.22323322296143	2.7699978351593	0.00827615987509489	2.7699978351593	0.00962465163320303	2.7699978351593	0.00949143897742033	2.7699978351593	0.00530716683715582	2.7699978351593	0.00434671808034182	2.7699978351593	0.00555024389177561	2.7699978351593	0.00543033424764872	2.7699978351593	0.00538123538717628	2.7699978351593	0.109650194644928	2.7699978351593	0.011884480714798
2.77999782562256	182.666946411133	2.77999782562256	192.670166015625	2.77999782562256	195.146545410156	2.77999782562256	190.055633544922	2.77999782562256	191.933029174805	2.77999782562256	188.411590576172	2.77999782562256	200.090057373047	2.77999782562256	213.277786254883	2.77999782562256	1468.91796875	2.77999782562256	179.916793823242	2.77999782562256	3.01013779640198	2.77999782562256	4.61333990097046	2.77999782562256	5.49881172180176	2.77999782562256	5.56299352645874	2.77999782562256	3.70926547050476	2.77999782562256	4.90757703781128	2.77999782562256	5.87138319015503	2.77999782562256	7.13552951812744	2.77999782562256	-4.14904356002808	2.77999782562256	13.4343147277832	2.77999782562256	5.04728937149048	2.77999782562256	2.9022798538208	2.77999782562256	3.21284794807434	2.77999782562256	2.7726366519928	2.77999782562256	2.5542893409729	2.77999782562256	4.66180992126465	2.77999782562256	1.16538465023041	2.77999782562256	2.57509660720825	2.77999782562256	5.42972660064697	2.77999782562256	4.15306949615479	2.77999782562256	0.00825486145913601	2.77999782562256	0.00974135845899582	2.77999782562256	0.00964871887117624	2.77999782562256	0.00546467443928122	2.77999782562256	0.004620470572263	2.77999782562256	0.00580053729936481	2.77999782562256	0.0057798488996923	2.77999782562256	0.00507486518472433	2.77999782562256	0.111126847565174	2.77999782562256	0.0118544986471534
2.78999781608582	184.150894165039	2.78999781608582	194.434112548828	2.78999781608582	196.897476196289	2.78999781608582	191.053451538086	2.78999781608582	192.789337158203	2.78999781608582	189.478210449219	2.78999781608582	201.161895751953	2.78999781608582	214.163681030273	2.78999781608582	1489.0537109375	2.78999781608582	182.047897338867	2.78999781608582	3.60585141181946	2.78999781608582	4.82078647613525	2.78999781608582	5.75278091430664	2.78999781608582	5.83020401000977	2.78999781608582	3.81455302238464	2.78999781608582	5.19526433944702	2.78999781608582	6.06755304336548	2.78999781608582	7.57086372375488	2.78999781608582	-6.1477222442627	2.78999781608582	14.1912832260132	2.78999781608582	4.77831554412842	2.78999781608582	2.83975625038147	2.78999781608582	3.13328576087952	2.78999781608582	2.65346312522888	2.78999781608582	2.50373435020447	2.78999781608582	4.56027221679687	2.78999781608582	1.0853967666626	2.78999781608582	2.3606481552124	2.78999781608582	5.21205854415894	2.78999781608582	3.92812252044678	2.78999781608582	0.00815759412944317	2.78999781608582	0.00982435699552298	2.78999781608582	0.00977123435586691	2.78999781608582	0.00557483173906803	2.78999781608582	0.00487450370565057	2.78999781608582	0.00600918708369136	2.78999781608582	0.00609373999759555	2.78999781608582	0.00468319887295365	2.78999781608582	0.112919867038727	2.78999781608582	0.0118167074397206
2.79999780654907	185.610504150391	2.79999780654907	196.209976196289	2.79999780654907	198.667343139648	2.79999780654907	192.066833496094	2.79999780654907	193.68962097168	2.79999780654907	190.578659057617	2.79999780654907	202.287017822266	2.79999780654907	214.971405029297	2.79999780654907	1509.54064941406	2.79999780654907	184.171493530273	2.79999780654907	4.10323286056519	2.79999780654907	5.02783584594727	2.79999780654907	6.00880241394043	2.79999780654907	6.082679271698	2.79999780654907	3.92249774932861	2.79999780654907	5.47137832641602	2.79999780654907	6.27452754974365	2.79999780654907	8.03003787994385	2.79999780654907	-7.29008388519287	2.79999780654907	14.8789730072021	2.79999780654907	4.36103200912476	2.79999780654907	2.73755359649658	2.79999780654907	3.00547075271606	2.79999780654907	2.45545291900635	2.79999780654907	2.42615270614624	2.79999780654907	4.38636922836304	2.79999780654907	0.940923154354095	2.79999780654907	2.01658916473389	2.79999780654907	4.73806715011597	2.79999780654907	3.56047749519348	2.79999780654907	0.00799183640629053	2.79999780654907	0.00987205188721418	2.79999780654907	0.00985701289027929	2.79999780654907	0.00563675118610263	2.79999780654907	0.00510657019913197	2.79999780654907	0.00617496389895678	2.79999780654907	0.0063674203120172	2.79999780654907	0.00419395323842764	2.79999780654907	0.114930115640163	2.79999780654907	0.0117715429514647
2.80999779701233	187.034118652344	2.80999779701233	197.991241455078	2.80999779701233	200.449325561523	2.80999779701233	193.087020874023	2.80999779701233	194.629684448242	2.80999779701233	191.705062866211	2.80999779701233	203.457778930664	2.80999779701233	215.682281494141	2.80999779701233	1530.40893554687	2.80999779701233	186.286315917969	2.80999779701233	4.43863868713379	2.80999779701233	5.21517896652222	2.80999779701233	6.24356079101562	2.80999779701233	6.28329801559448	2.80999779701233	4.01594257354736	2.80999779701233	5.697998046875	2.80999779701233	6.46638536453247	2.80999779701233	8.44475936889648	2.80999779701233	-7.39482164382935	2.80999779701233	15.4513416290283	2.80999779701233	3.8299195766449	2.80999779701233	2.60415530204773	2.80999779701233	2.84001207351685	2.80999779701233	2.19594049453735	2.80999779701233	2.32918286323547	2.80999779701233	4.15490245819092	2.80999779701233	0.743861138820648	2.80999779701233	1.57560229301453	2.80999779701233	4.04485321044922	2.80999779701233	3.07847881317139	2.80999779701233	0.00777310691773891	2.80999779701233	0.00988594722002745	2.80999779701233	0.00990723725408316	2.80999779701233	0.00565606076270342	2.80999779701233	0.00531768100336194	2.80999779701233	0.00630211969837546	2.80999779701233	0.00660106958821416	2.80999779701233	0.00360790197737515	2.80999779701233	0.117029190063477	2.80999779701233	0.0117199216037989
2.81999778747559	188.413604736328	2.81999778747559	199.77197265625	2.81999778747559	202.237152099609	2.81999778747559	194.106842041016	2.81999778747559	195.605865478516	2.81999778747559	192.850891113281	2.81999778747559	204.667007446289	2.81999778747559	216.27897644043	2.81999778747559	1551.6630859375	2.81999778747559	188.391250610352	2.81999778747559	4.55993747711182	2.81999778747559	5.36359310150146	2.81999778747559	6.4337100982666	2.81999778747559	6.39719772338867	2.81999778747559	4.07817077636719	2.81999778747559	5.83964443206787	2.81999778747559	6.61699724197388	2.81999778747559	8.74130725860596	2.81999778747559	-6.3827395439148	2.81999778747559	15.868968963623	2.81999778747559	3.23709797859192	2.81999778747559	2.45275235176086	2.81999778747559	2.65323972702026	2.81999778747559	1.90171730518341	2.81999778747559	2.22356605529785	2.81999778747559	3.88933181762695	2.81999778747559	0.513829112052918	2.81999778747559	1.08580088615417	2.81999778747559	3.20016717910767	2.81999778747559	2.52737712860107	2.81999778747559	0.00752426637336612	2.81999778747559	0.00987084209918976	2.81999778747559	0.00992646720260382	2.81999778747559	0.00564500410109758	2.81999778747559	0.00551226362586021	2.81999778747559	0.00640044314786792	2.81999778747559	0.00679999822750688	2.81999778747559	0.00294098956510425	2.81999778747559	0.119070380926132	2.81999778747559	0.0116632096469402
2.82999777793884	189.745590209961	2.82999777793884	201.547348022461	2.82999777793884	204.025650024414	2.82999777793884	195.121963500977	2.82999777793884	196.615585327148	2.82999777793884	194.011825561523	2.82999777793884	205.908905029297	2.82999777793884	216.748321533203	2.82999777793884	1573.27954101562	2.82999777793884	190.485534667969	2.82999777793884	4.43661546707153	2.82999777793884	5.45655870437622	2.82999777793884	6.55901050567627	2.82999777793884	6.39725112915039	2.82999777793884	4.09538507461548	2.82999777793884	5.86875104904175	2.82999777793884	6.70360994338989	2.82999777793884	8.85050106048584	2.82999777793884	-4.31058740615845	2.82999777793884	16.1060409545898	2.82999777793884	2.64898157119751	2.82999777793884	2.30041599273682	2.82999777793884	2.46615934371948	2.82999777793884	1.60715281963348	2.82999777793884	2.1223201751709	2.82999777793884	3.62025475502014	2.82999777793884	0.276994109153748	2.82999777793884	0.607239723205566	2.82999777793884	2.29958057403564	2.82999777793884	1.96648681163788	2.82999777793884	0.00727367354556918	2.82999777793884	0.0098346658051014	2.82999777793884	0.00992248579859734	2.82999777793884	0.0056216842494905	2.82999777793884	0.00569789623841643	2.82999777793884	0.00648460350930691	2.82999777793884	0.00697444332763553	2.82999777793884	0.00222486676648259	2.82999777793884	0.120904505252838	2.82999777793884	0.0116031318902969
2.8399977684021	191.032302856445	2.8399977684021	203.314331054687	2.8399977684021	205.811340332031	2.8399977684021	196.131759643555	2.8399977684021	197.657913208008	2.8399977684021	195.186614990234	2.8399977684021	207.18000793457	2.8399977684021	217.084365844727	2.8399977684021	1595.20751953125	2.8399977684021	192.56867980957	2.8399977684021	4.06913423538208	2.8399977684021	5.48329734802246	2.8399977684021	6.60596513748169	2.8399977684021	6.269850730896	2.8399977684021	4.05940628051758	2.8399977684021	5.77143430709839	2.8399977684021	6.71092653274536	2.8399977684021	8.72067070007324	2.8399977684021	-1.38950705528259	2.8399977684021	16.156946182251	2.8399977684021	2.13875603675842	2.8399977684021	2.16620302200317	2.8399977684021	2.30209159851074	2.8399977684021	1.35024154186249	2.8399977684021	2.03914785385132	2.8399977684021	3.38196349143982	2.8399977684021	0.0631989240646362	2.8399977684021	0.204757809638977	2.8399977684021	1.45697462558746	2.8399977684021	1.46322667598724	2.8399977684021	0.00705204717814922	2.8399977684021	0.00978782679885626	2.8399977684021	0.00990566052496433	2.8399977684021	0.00560825038701296	2.8399977684021	0.00588450860232115	2.8399977684021	0.00657263677567244	2.8399977684021	0.00713859125971794	2.8399977684021	0.00150500936433673	2.8399977684021	0.122399471700191	2.8399977684021	0.0115415984764695
2.84999775886536	192.281723022461	2.84999775886536	205.071929931641	2.84999775886536	207.592834472656	2.84999775886536	197.140029907227	2.84999775886536	198.733917236328	2.84999775886536	196.37760925293	2.84999775886536	208.479736328125	2.84999775886536	217.290481567383	2.84999775886536	1617.37390136719	2.84999775886536	194.640640258789	2.84999775886536	3.4941885471344	2.84999775886536	5.44141387939453	2.84999775886536	6.57105779647827	2.84999775886536	6.01938819885254	2.84999775886536	3.96984529495239	2.84999775886536	5.55189037322998	2.84999775886536	6.63471269607544	2.84999775886536	8.33071994781494	2.84999775886536	2.02485370635986	2.84999775886536	16.0405864715576	2.84999775886536	1.7751190662384	2.84999775886536	2.06829261779785	2.84999775886536	2.18313360214233	2.84999775886536	1.16672813892364	2.84999775886536	1.9862562417984	2.84999775886536	3.2072594165802	2.84999775886536	-0.0985149145126343	2.84999775886536	-0.0622704029083252	2.84999775886536	0.788224637508392	2.84999775886536	1.0832347869873	2.84999775886536	0.00688825035467744	2.84999775886536	0.00974202621728182	2.84999775886536	0.00988775864243507	2.84999775886536	0.00562804378569126	2.84999775886536	0.00608304981142282	2.84999775886536	0.00668357545509934	2.84999775886536	0.00730879465118051	2.84999775886536	0.000835853046737611	2.84999775886536	0.123460933566093	2.84999775886536	0.0114804776385427
2.85999774932861	193.506866455078	2.85999774932861	206.821365356445	2.85999774932861	209.371017456055	2.85999774932861	198.154876708984	2.85999774932861	199.846740722656	2.85999774932861	197.590637207031	2.85999774932861	209.810623168945	2.85999774932861	217.380706787109	2.85999774932861	1639.6923828125	2.85999774932861	196.701614379883	2.85999774932861	2.78271269798279	2.85999774932861	5.33829307556152	2.85999774932861	6.46247816085815	2.85999774932861	5.66957950592041	2.85999774932861	3.83497190475464	2.85999774932861	5.23365211486816	2.85999774932861	6.48366737365723	2.85999774932861	7.69912767410278	2.85999774932861	5.47728872299194	2.85999774932861	15.8000574111938	2.85999774932861	1.60959041118622	2.85999774932861	2.02070045471191	2.85999774932861	2.1261568069458	2.85999774932861	1.08354437351227	2.85999774932861	1.97201299667358	2.85999774932861	3.12147688865662	2.85999774932861	-0.185113906860352	2.85999774932861	-0.151107549667358	2.85999774932861	0.390800833702087	2.85999774932861	0.879053592681885	2.85999774932861	0.00680467905476689	2.85999774932861	0.00970867555588484	2.85999774932861	0.00988034531474113	2.85999774932861	0.00570207601413131	2.85999774932861	0.00630379002541304	2.85999774932861	0.00683455727994442	2.85999774932861	0.00750115187838674	2.85999774932861	0.000273184705292806	2.85999774932861	0.124049618840218	2.85999774932861	0.011421331204474
2.86999773979187	194.724182128906	2.86999773979187	208.565933227539	2.86999773979187	211.148834228516	2.86999773979187	199.187911987305	2.86999773979187	201.00129699707	2.86999773979187	198.834457397461	2.86999773979187	211.178161621094	2.86999773979187	217.379241943359	2.86999773979187	1662.07434082031	2.86999773979187	198.752136230469	2.86999773979187	2.02963423728943	2.86999773979187	5.19049596786499	2.86999773979187	6.29950666427612	2.86999773979187	5.26053524017334	2.86999773979187	3.67072939872742	2.86999773979187	4.85665082931519	2.86999773979187	6.27867984771729	2.86999773979187	6.88469457626343	2.86999773979187	8.4870719909668	2.86999773979187	15.4970502853394	2.86999773979187	1.66584086418152	2.86999773979187	2.03052520751953	2.86999773979187	2.13941740989685	2.86999773979187	1.11341619491577	2.86999773979187	1.99916553497314	2.86999773979187	3.13746452331543	2.86999773979187	-0.184127569198608	2.86999773979187	-0.0444262027740479	2.86999773979187	0.324689388275146	2.86999773979187	0.880276203155518	2.86999773979187	0.00681330962106585	2.86999773979187	0.00969718210399151	2.86999773979187	0.00989304296672344	2.86999773979187	0.00584554485976696	2.86999773979187	0.00655458262190223	2.86999773979187	0.00703796744346619	2.86999773979187	0.00772889656946063	2.86999773979187	-0.000134966147015803	2.86999773979187	0.124190777540207	2.86999773979187	0.0113651733845472
2.87999773025513	195.951370239258	2.87999773025513	210.310394287109	2.87999773025513	212.930709838867	2.87999773025513	200.253036499023	2.87999773025513	202.203674316406	2.87999773025513	200.119598388672	2.87999773025513	212.58984375	2.87999773025513	217.318222045898	2.87999773025513	1684.44140625	2.87999773025513	200.792816162109	2.87999773025513	1.33753430843353	2.87999773025513	5.02118349075317	2.87999773025513	6.1095027923584	2.87999773025513	4.84204006195068	2.87999773025513	3.49803400039673	2.87999773025513	4.4705114364624	2.87999773025513	6.04936027526855	2.87999773025513	5.97749805450439	2.87999773025513	10.632791519165	2.87999773025513	15.2020587921143	2.87999773025513	1.93446934223175	2.87999773025513	2.0964879989624	2.87999773025513	2.22088217735291	2.87999773025513	1.25226056575775	2.87999773025513	2.0641815662384	2.87999773025513	3.25299906730652	2.87999773025513	-0.0960884094238281	2.87999773025513	0.246062159538269	2.87999773025513	0.60038423538208	2.87999773025513	1.0877890586853	2.87999773025513	0.00691345054656267	2.87999773025513	0.0097134942188859	2.87999773025513	0.00993203930556774	2.87999773025513	0.00606523035094142	2.87999773025513	0.00683949049562216	2.87999773025513	0.00729930819943547	2.87999773025513	0.00800017733126879	2.87999773025513	-0.000356795906554908	2.87999773025513	0.12397263199091	2.87999773025513	0.0113123171031475
2.88999772071838	197.204803466797	2.88999772071838	212.060287475586	2.88999772071838	214.721984863281	2.88999772071838	201.364532470703	2.88999772071838	203.460433959961	2.88999772071838	201.456985473633	2.88999772071838	214.054290771484	2.88999772071838	217.234039306641	2.88999772071838	1706.73693847656	2.88999772071838	202.824279785156	2.88999772071838	0.798773467540741	2.88999772071838	4.85622882843018	2.88999772071838	5.9233021736145	2.88999772071838	4.46479511260986	2.88999772071838	3.33909845352173	2.88999772071838	4.12593650817871	2.88999772071838	5.82886743545532	2.88999772071838	5.08215522766113	2.88999772071838	11.6242256164551	2.88999772071838	14.9829788208008	2.88999772071838	2.37482833862305	2.88999772071838	2.20928978919983	2.88999772071838	2.3587007522583	2.88999772071838	1.48019933700562	2.88999772071838	2.15793800354004	2.88999772071838	3.45140552520752	2.88999772071838	0.0657788515090942	2.88999772071838	0.682287335395813	2.88999772071838	1.17753982543945	2.88999772071838	1.47410726547241	2.88999772071838	0.00709180114790797	2.88999772071838	0.00975923426449299	2.88999772071838	0.00999917928129435	2.88999772071838	0.00635839952155948	2.88999772071838	0.00715810246765614	2.88999772071838	0.00761629873886704	2.88999772071838	0.00831674877554178	2.88999772071838	-0.000382332684239373	2.88999772071838	0.123533494770527	2.88999772071838	0.011262334883213
2.89999771118164	198.497375488281	2.89999771118164	213.821075439453	2.89999771118164	216.527893066406	2.89999771118164	202.535430908203	2.89999771118164	204.777572631836	2.89999771118164	202.8564453125	2.89999771118164	215.579803466797	2.89999771118164	217.16291809082	2.89999771118164	1728.93334960938	2.89999771118164	204.84700012207	2.89999771118164	0.481110870838165	2.89999771118164	4.72013187408447	2.89999771118164	5.770339012146	2.89999771118164	4.17221593856812	2.89999771118164	3.21381330490112	2.89999771118164	3.86658239364624	2.89999771118164	5.64846706390381	2.89999771118164	4.29847240447998	2.89999771118164	11.3429889678955	2.89999771118164	14.8951845169067	2.89999771118164	2.92290472984314	2.89999771118164	2.35345506668091	2.89999771118164	2.53356099128723	2.89999771118164	1.76557064056396	2.89999771118164	2.26746463775635	2.89999771118164	3.7049925327301	2.89999771118164	0.278363227844238	2.89999771118164	1.20744967460632	2.89999771118164	1.97386860847473	2.89999771118164	1.98895192146301	2.89999771118164	0.00732473377138376	2.89999771118164	0.0098315728828311	2.89999771118164	0.0100917993113399	2.89999771118164	0.00671341782435775	2.89999771118164	0.00750563712790608	2.89999771118164	0.00797934550791979	2.89999771118164	0.00867379456758499	2.89999771118164	-0.0002247603260912	2.89999771118164	0.123040691018105	2.89999771118164	0.011214142665267
2.9099977016449	199.836791992187	2.9099977016449	215.597259521484	2.9099977016449	218.352752685547	2.9099977016449	203.775802612305	2.9099977016449	206.159866333008	2.9099977016449	204.325393676758	2.9099977016449	217.173217773438	2.9099977016449	217.136642456055	2.9099977016449	1751.03625488281	2.9099977016449	206.861206054687	2.9099977016449	0.4197598695755	2.9099977016449	4.63272762298584	2.9099977016449	5.67467069625854	2.9099977016449	3.9946300983429	2.9099977016449	3.13708543777466	2.9099977016449	3.72337102890015	2.9099977016449	5.53321838378906	2.9099977016449	3.70491456985474	2.9099977016449	9.84704494476318	2.9099977016449	14.9751243591309	2.9099977016449	3.50238513946533	2.9099977016449	2.51002359390259	2.9099977016449	2.72203350067139	2.9099977016449	2.07049202919006	2.9099977016449	2.37814831733704	2.9099977016449	3.97996091842651	2.9099977016449	0.512846827507019	2.9099977016449	1.75588893890381	2.9099977016449	2.88047575950623	2.9099977016449	2.56762313842773	2.9099977016449	0.00758207915350795	2.9099977016449	0.00992378685623407	2.9099977016449	0.0102032609283924	2.9099977016449	0.00711174914613366	2.9099977016449	0.00787374470382929	2.9099977016449	0.00837313942611218	2.9099977016449	0.00906081032007933	2.9099977016449	8.25812239781953E-5	2.9099977016449	0.122666046023369	2.9099977016449	0.0111661665141582
2.91999769210815	201.224731445313	2.91999769210815	217.391860961914	2.91999769210815	220.199371337891	2.91999769210815	205.091766357422	2.91999769210815	207.610275268555	2.91999769210815	205.868011474609	2.91999769210815	218.838989257813	2.91999769210815	217.179168701172	2.91999769210815	1773.08251953125	2.91999769210815	208.866790771484	2.91999769210815	0.615977883338928	2.91999769210815	4.60716390609741	2.91999769210815	5.6525182723999	2.91999769210815	3.94662094116211	2.91999769210815	3.11742234230041	2.91999769210815	3.71180438995361	2.91999769210815	5.49940872192383	2.91999769210815	3.34836769104004	2.91999769210815	7.3468976020813	2.91999769210815	15.2376766204834	2.91999769210815	4.03571367263794	2.91999769210815	2.65927982330322	2.91999769210815	2.89993810653687	2.91999769210815	2.35633420944214	2.91999769210815	2.47580027580261	2.91999769210815	4.24134540557861	2.91999769210815	0.738994359970093	2.91999769210815	2.26235175132751	2.91999769210815	3.77867579460144	2.91999769210815	3.14019775390625	2.91999769210815	0.00783145800232887	2.91999769210815	0.0100262947380543	2.91999769210815	0.0103239743039012	2.91999769210815	0.00753075210377574	2.91999769210815	0.00825171824544668	2.91999769210815	0.00877889897674322	2.91999769210815	0.0094631826505065	2.91999769210815	0.000492361199576408	2.91999769210815	0.122562825679779	2.91999769210815	0.0111165679991245
2.92999768257141	202.656845092773	2.92999768257141	219.205810546875	2.92999768257141	222.068542480469	2.92999768257141	206.485015869141	2.92999768257141	209.129608154297	2.92999768257141	207.484725952148	2.92999768257141	220.578582763672	2.92999768257141	217.304672241211	2.92999768257141	1795.13452148438	2.92999768257141	210.863311767578	2.92999768257141	1.04020059108734	2.92999768257141	4.64905977249146	2.92999768257141	5.71122980117798	2.92999768257141	4.02694940567017	2.92999768257141	3.1566116809845	2.92999768257141	3.83182048797607	2.92999768257141	5.55364513397217	2.92999768257141	3.24054503440857	2.92999768257141	4.16742753982544	2.92999768257141	15.6763944625854	2.92999768257141	4.45314407348633	2.92999768257141	2.78299140930176	2.92999768257141	3.04509568214417	2.92999768257141	2.58815717697144	2.92999768257141	2.54823708534241	2.92999768257141	4.45708560943604	2.92999768257141	0.928695201873779	2.92999768257141	2.66910290718079	2.92999768257141	4.55460834503174	2.92999768257141	3.63915920257568	2.92999768257141	0.00804238487035036	2.92999768257141	0.0101279150694609	2.92999768257141	0.0104426527395844	2.92999768257141	0.00794665887951851	2.92999768257141	0.00862785335630178	2.92999768257141	0.0091767618432641	2.92999768257141	0.00986409094184637	2.92999768257141	0.000950892455875874	2.92999768257141	0.122847251594067	2.92999768257141	0.0110634677112102
2.93999767303467	204.123458862305	2.93999767303467	221.037979125977	2.93999767303467	223.958908081055	2.93999767303467	207.952835083008	2.93999767303467	210.716461181641	2.93999767303467	209.172348022461	2.93999767303467	222.390197753906	2.93999767303467	217.517105102539	2.93999767303467	1817.27270507813	2.93999767303467	212.849975585938	2.93999767303467	1.63721060752869	2.93999767303467	4.75643825531006	2.93999767303467	5.84911108016968	2.93999767303467	4.2199878692627	2.93999767303467	3.25006651878357	2.93999767303467	4.0690746307373	2.93999767303467	5.69297504425049	2.93999767303467	3.35935163497925	2.93999767303467	0.706923425197601	2.93999767303467	16.2651443481445	2.93999767303467	4.69927167892456	2.93999767303467	2.86606431007385	2.93999767303467	3.13935399055481	2.93999767303467	2.73784255981445	2.93999767303467	2.58633708953857	2.93999767303467	4.60093116760254	2.93999767303467	1.05857586860657	2.93999767303467	2.93076491355896	2.93999767303467	5.11041927337646	2.93999767303467	4.00564050674438	2.93999767303467	0.00818971171975136	2.93999767303467	0.0102171711623669	2.93999767303467	0.0105476127937436	2.93999767303467	0.00833733100444078	2.93999767303467	0.00899076461791992	2.93999767303467	0.00954801589250565	2.93999767303467	0.0102464118972421	2.93999767303467	0.00140578835271299	2.93999767303467	0.123585820198059	2.93999767303467	0.0110051538795233
2.94999766349793	205.610870361328	2.94999766349793	222.885101318359	2.94999766349793	225.866928100586	2.94999766349793	209.488708496094	2.94999766349793	212.367462158203	2.94999766349793	210.924407958984	2.94999766349793	224.268951416016	2.94999766349793	217.811096191406	2.94999766349793	1839.58459472656	2.94999766349793	214.825637817383	2.94999766349793	2.33168029785156	2.94999766349793	4.91998767852783	2.94999766349793	6.05571460723877	2.94999766349793	4.49776458740234	2.94999766349793	3.38744640350342	2.94999766349793	4.39675521850586	2.94999766349793	5.90549325942993	2.94999766349793	3.65308332443237	2.94999766349793	-2.6013035774231	2.94999766349793	16.96018409729	2.94999766349793	4.73779630661011	2.94999766349793	2.89778995513916	2.94999766349793	3.17006969451904	2.94999766349793	2.78635764122009	2.94999766349793	2.58475208282471	2.94999766349793	4.65459156036377	2.94999766349793	1.11187958717346	2.94999766349793	3.0176248550415	2.94999766349793	5.37266445159912	2.94999766349793	4.19411468505859	2.94999766349793	0.00825633015483618	2.94999766349793	0.0102835316210985	2.94999766349793	0.0106280371546745	2.94999766349793	0.00868462026119232	2.94999766349793	0.00933056697249412	2.94999766349793	0.00987703260034323	2.94999766349793	0.0105944965034723	2.94999766349793	0.00181277876254171	2.94999766349793	0.124788224697113	2.94999766349793	0.010940270498395
2.95999765396118	207.103012084961	2.95999765396118	224.742111206055	2.95999765396118	227.787216186523	2.95999765396118	211.083190917969	2.95999765396118	214.077529907227	2.95999765396118	212.731887817383	2.95999765396118	226.207290649414	2.95999765396118	218.174026489258	2.95999765396118	1862.15478515625	2.95999765396118	216.7890625	2.95999765396118	3.03392505645752	2.95999765396118	5.12351894378662	2.95999765396118	6.31230640411377	2.95999765396118	4.82225608825684	2.95999765396118	3.55341410636902	2.95999765396118	4.77761936187744	2.95999765396118	6.17115688323975	2.95999765396118	4.04610300064087	2.95999765396118	-5.32661199569702	2.95999765396118	17.7026748657227	2.95999765396118	4.55542230606079	2.95999765396118	2.87291526794434	2.95999765396118	3.13140749931335	2.95999765396118	2.72560930252075	2.95999765396118	2.54246211051941	2.95999765396118	4.60948657989502	2.95999765396118	1.08007502555847	2.95999765396118	2.91844367980957	2.95999765396118	5.29952001571655	2.95999765396118	4.17719650268555	2.95999765396118	0.00823520310223103	2.95999765396118	0.0103185884654522	2.95999765396118	0.0106751555576921	2.95999765396118	0.00897631607949734	2.95999765396118	0.00963990204036236	2.95999765396118	0.0101529033854604	2.95999765396118	0.0108957858756185	2.95999765396118	0.00214132643304765	2.95999765396118	0.126405447721481	2.95999765396118	0.0108679831027985
2.96999764442444	208.583450317383	2.96999764442444	226.602615356445	2.96999764442444	229.712966918945	2.96999764442444	212.725173950195	2.96999764442444	215.840560913086	2.96999764442444	214.584243774414	2.96999764442444	228.195663452148	2.96999764442444	218.58903503418	2.96999764442444	1885.05334472656	2.96999764442444	218.738800048828	2.96999764442444	3.64689683914185	2.96999764442444	5.34475326538086	2.96999764442444	6.59272003173828	2.96999764442444	5.14822387695313	2.96999764442444	3.72863841056824	2.96999764442444	5.16649007797241	2.96999764442444	6.46286010742188	2.96999764442444	4.44610738754272	2.96999764442444	-7.08301687240601	2.96999764442444	18.4223213195801	2.96999764442444	4.1654224395752	2.96999764442444	2.79267072677612	2.96999764442444	3.02555060386658	2.96999764442444	2.56017446517944	2.96999764442444	2.46324419975281	2.96999764442444	4.46842336654663	2.96999764442444	0.964359283447266	2.96999764442444	2.64315700531006	2.96999764442444	4.88768720626831	2.96999764442444	3.95008850097656	2.96999764442444	0.00813070219010115	2.96999764442444	0.0103171374648809	2.96999764442444	0.0106833623722196	2.96999764442444	0.00920767337083817	2.96999764442444	0.00991481728851795	2.96999764442444	0.010370759293437	2.96999764442444	0.0111422492191195	2.96999764442444	0.00237890426069498	2.96999764442444	0.128333017230034	2.96999764442444	0.0107881100848317
2.9799976348877	210.037567138672	2.9799976348877	228.459564208984	2.9799976348877	231.636703491211	2.9799976348877	214.403381347656	2.9799976348877	217.649978637695	2.9799976348877	216.470581054687	2.9799976348877	230.22346496582	2.9799976348877	219.038619995117	2.9799976348877	1908.32666015625	2.9799976348877	220.673461914062	2.9799976348877	4.0760498046875	2.9799976348877	5.55686187744141	2.9799976348877	6.86508655548096	2.9799976348877	5.42730045318604	2.9799976348877	3.89137578010559	2.9799976348877	5.51408672332764	2.9799976348877	6.74834442138672	2.9799976348877	4.75412797927856	2.9799976348877	-7.57999897003174	2.9799976348877	19.0433101654053	2.9799976348877	3.61003756523132	2.9799976348877	2.66561079025269	2.9799976348877	2.86365175247192	2.9799976348877	2.30857872962952	2.9799976348877	2.35595846176147	2.9799976348877	4.24688768386841	2.9799976348877	0.776896953582764	2.9799976348877	2.2248969078064	2.9799976348877	4.1783275604248	2.9799976348877	3.53486824035645	2.9799976348877	0.00795907434076071	2.9799976348877	0.010278107598424	2.9799976348877	0.0106511740013957	2.9799976348877	0.0093823978677392	2.9799976348877	0.0101554207503796	2.9799976348877	0.0105327153578401	2.9799976348877	0.0113315908238292	2.9799976348877	0.00253362464718521	2.9799976348877	0.130420178174973	2.9799976348877	0.0107012232765555
2.98999762535095	211.454772949219	2.98999762535095	230.306106567383	2.98999762535095	233.551025390625	2.98999762535095	216.107940673828	2.98999762535095	219.499618530273	2.98999762535095	218.381042480469	2.98999762535095	232.280197143555	2.98999762535095	219.508605957031	2.98999762535095	1931.99035644531	2.98999762535095	222.591873168945	2.98999762535095	4.242844581604	2.98999762535095	5.73124742507935	2.98999762535095	7.09500980377197	2.98999762535095	5.61388778686523	2.98999762535095	4.01994609832764	2.98999762535095	5.77265310287476	2.98999762535095	6.99340915679932	2.98999762535095	4.878333568573	2.98999762535095	-6.67933464050293	2.98999762535095	19.4937591552734	2.98999762535095	2.95986032485962	2.98999762535095	2.50777697563171	2.98999762535095	2.66595935821533	2.98999762535095	2.0032365322113	2.98999762535095	2.23424911499023	2.98999762535095	3.97319769859314	2.98999762535095	0.541131496429443	2.98999762535095	1.71976518630981	2.98999762535095	3.25934338569641	2.98999762535095	2.98246574401855	2.98999762535095	0.00774757703766227	2.98999762535095	0.0102051747962832	2.98999762535095	0.0105819022282958	2.98999762535095	0.00951282866299152	2.98999762535095	0.0103661827743053	2.98999762535095	0.0106481686234474	2.98999762535095	0.0114680295810103	2.98999762535095	0.00263455999083817	2.98999762535095	0.132486119866371	2.98999762535095	0.010608671233058
2.99999761581421	212.830291748047	2.99999761581421	232.136489868164	2.99999761581421	235.44953918457	2.99999761581421	217.831985473633	2.99999761581421	221.384490966797	2.99999761581421	220.30810546875	2.99999761581421	234.356704711914	2.99999761581421	219.991897583008	2.99999761581421	1956.02368164062	2.99999761581421	224.493103027344	2.99999761581421	4.10076522827148	2.99999761581421	5.84170532226563	2.99999761581421	7.25046730041504	2.99999761581421	5.67278099060059	2.99999761581421	4.09607124328613	2.99999761581421	5.90357351303101	2.99999761581421	7.1666955947876	2.99999761581421	4.75108194351196	2.99999761581421	-4.44619798660278	2.99999761581421	19.7179107666016	2.99999761581421	2.30787038803101	2.99999761581421	2.34158754348755	2.99999761581421	2.46031546592712	2.99999761581421	1.68796753883362	2.99999761581421	2.11532998085022	2.99999761581421	3.68644380569458	2.99999761581421	0.290211915969849	2.99999761581421	1.20242917537689	2.99999761581421	2.26015996932983	2.99999761581421	2.37006950378418	2.99999761581421	0.00753181986510754	2.99999761581421	0.0101068317890167	2.99999761581421	0.0104837799444795	2.99999761581421	0.00961894635111094	2.99999761581421	0.0105556882917881	2.99999761581421	0.0107331862673163	2.99999761581421	0.01156235486269	2.99999761581421	0.00272886524908245	2.99999761581421	0.134343579411507	2.99999761581421	0.0105124982073903
3.00999760627747	214.166595458984	3.00999760627747	233.946868896484	3.00999760627747	237.327789306641	3.00999760627747	219.572952270508	3.00999760627747	223.301574707031	3.00999760627747	222.24772644043	3.00999760627747	236.446426391602	3.00999760627747	220.491592407227	3.00999760627747	1980.37280273438	3.00999760627747	226.376693725586	3.00999760627747	3.64996552467346	3.00999760627747	5.86951160430908	3.00999760627747	7.30788040161133	3.00999760627747	5.58711671829224	3.00999760627747	4.10862302780151	3.00999760627747	5.88561582565308	3.00999760627747	7.24551773071289	3.00999760627747	4.34614038467407	3.00999760627747	-1.1732474565506	3.00999760627747	19.6892185211182	3.00999760627747	1.75639641284943	3.00999760627747	2.19292974472046	3.00999760627747	2.27852249145508	3.00999760627747	1.41216146945953	3.00999760627747	2.01754784584045	3.00999760627747	3.43142795562744	3.00999760627747	0.0628178119659424	3.00999760627747	0.756053328514099	3.00999760627747	1.33555221557617	3.00999760627747	1.79204845428467	3.00999760627747	0.00735105015337467	3.00999760627747	0.00999565329402685	3.00999760627747	0.0103693064302206	3.00999760627747	0.00972591433674097	3.00999760627747	0.0107356663793325	3.00999760627747	0.0108086625114083	3.00999760627747	0.0116309523582458	3.00999760627747	0.00287507520988584	3.00999760627747	0.135827854275703	3.00999760627747	0.0104152159765363
3.01999759674072	215.473510742187	3.01999759674072	235.736083984375	3.01999759674072	239.183959960938	3.01999759674072	221.333236694336	3.01999759674072	225.250198364258	3.01999759674072	224.200088500977	3.01999759674072	238.546157836914	3.01999759674072	221.022247314453	3.01999759674072	2004.95544433594	3.01999759674072	228.24267578125	3.01999759674072	2.94457292556763	3.01999759674072	5.80815410614014	3.01999759674072	7.25789070129395	3.01999759674072	5.36423492431641	3.01999759674072	4.05668687820435	3.01999759674072	5.72143268585205	3.01999759674072	7.22126817703247	3.01999759674072	3.69012188911438	3.01999759674072	2.64305448532104	3.01999759674072	19.4197235107422	3.01999759674072	1.39838373661041	3.01999759674072	2.08669376373291	3.01999759674072	2.15076637268066	3.01999759674072	1.2221462726593	3.01999759674072	1.9570152759552	3.01999759674072	3.25091075897217	3.01999759674072	-0.10343599319458	3.01999759674072	0.457536101341248	3.01999759674072	0.639111161231995	3.01999759674072	1.34416770935059	3.01999759674072	0.00724177015945315	3.01999759674072	0.00988666899502277	3.01999759674072	0.0102536575868726	3.01999759674072	0.00986021757125854	3.01999759674072	0.0109192747622728	3.01999759674072	0.0108972676098347	3.01999759674072	0.0116936331614852	3.01999759674072	0.0031328285112977	3.01999759674072	0.136826738715172	3.01999759674072	0.010319460183382
3.02999758720398	216.767196655273	3.02999758720398	237.505874633789	3.02999758720398	241.01921081543	3.02999758720398	223.120178222656	3.02999758720398	227.232192993164	3.02999758720398	226.169586181641	3.02999758720398	240.656631469727	3.02999758720398	221.609359741211	3.02999758720398	2029.67431640625	3.02999758720398	230.091552734375	3.02999758720398	2.08749651908874	3.02999758720398	5.66596126556396	3.02999758720398	7.10879230499268	3.02999758720398	5.03667068481445	3.02999758720398	3.95069909095764	3.02999758720398	5.43947267532349	3.02999758720398	7.1025447845459	3.02999758720398	2.86212301254272	3.02999758720398	6.38283395767212	3.02999758720398	18.961950302124	3.02999758720398	1.29717946052551	3.02999758720398	2.04160809516907	3.02999758720398	2.09931921958923	3.02999758720398	1.15156280994415	3.02999758720398	1.94411301612854	3.02999758720398	3.17678356170654	3.02999758720398	-0.179664611816406	3.02999758720398	0.361326694488525	3.02999758720398	0.291563272476196	3.02999758720398	1.10465049743652	3.02999758720398	0.00723090441897511	3.02999758720398	0.00979498494416475	3.02999758720398	0.010152330622077	3.02999758720398	0.0100449630990624	3.02999758720398	0.0111188627779484	3.02999758720398	0.011019591242075	3.02999758720398	0.0117704989388585	3.02999758720398	0.00355080957524478	3.02999758720398	0.137304112315178	3.02999758720398	0.0102275544777513
3.03999757766724	218.067764282227	3.03999757766724	239.260711669922	3.03999757766724	242.837509155273	3.03999757766724	224.944885253906	3.03999757766724	229.251556396484	3.03999757766724	228.164108276367	3.03999757766724	242.782241821289	3.03999757766724	222.286117553711	3.03999757766724	2054.43188476562	3.03999757766724	231.924255371094	3.03999757766724	1.21183037757874	3.03999757766724	5.46540927886963	3.03999757766724	6.88599586486816	3.03999757766724	4.65699863433838	3.03999757766724	3.81094789505005	3.03999757766724	5.08978748321533	3.03999757766724	6.91442108154297	3.03999757766724	1.97911763191223	3.03999757766724	9.42385196685791	3.03999757766724	18.4007682800293	3.03999757766724	1.47157061100006	3.03999757766724	2.06606364250183	3.03999757766724	2.13352560997009	3.03999757766724	1.21382391452789	3.03999757766724	1.98100233078003	3.03999757766724	3.22299718856812	3.03999757766724	-0.152057886123657	3.03999757766724	0.487083911895752	3.03999757766724	0.353830337524414	3.03999757766724	1.11708450317383	3.03999757766724	0.00733031053096056	3.03999757766724	0.00973313394933939	3.03999757766724	0.0100784599781036	3.03999757766724	0.0102954246103764	3.03999757766724	0.0113437073305249	3.03999757766724	0.0111903352662921	3.03999757766724	0.0118784243240952	3.03999757766724	0.00415596924722195	3.03999757766724	0.137309998273849	3.03999757766724	0.01014110352844
3.04999756813049	219.396179199219	3.04999756813049	241.007110595703	3.04999756813049	244.644973754883	3.04999756813049	226.820602416992	3.04999756813049	231.31364440918	3.04999756813049	230.193740844727	3.04999756813049	244.930099487305	3.04999756813049	223.088653564453	3.04999756813049	2079.1484375	3.04999756813049	233.741882324219	3.04999756813049	0.453544795513153	3.04999756813049	5.23891687393188	3.04999756813049	6.62733697891235	3.04999756813049	4.28752470016479	3.04999756813049	3.66363716125488	3.04999756813049	4.73438262939453	3.04999756813049	6.6937255859375	3.04999756813049	1.17054784297943	3.04999756813049	11.2683954238892	3.04999756813049	17.8371601104736	3.04999756813049	1.89137697219849	3.04999756813049	2.15628743171692	3.04999756813049	2.24774622917175	3.04999756813049	1.39925754070282	3.04999756813049	2.06107664108276	3.04999756813049	3.38257193565369	3.04999756813049	-0.0248024463653564	3.04999756813049	0.815425634384155	3.04999756813049	0.813981533050537	3.04999756813049	1.38132667541504	3.04999756813049	0.00753429066389799	3.04999756813049	0.00970882643014193	3.04999756813049	0.0100404880940914	3.04999756813049	0.0106160202994943	3.04999756813049	0.0115982806310058	3.04999756813049	0.0114155421033502	3.04999756813049	0.0120280412957072	3.04999756813049	0.00494725303724408	3.04999756813049	0.136973023414612	3.04999756813049	0.0100607136264443
3.05999755859375	220.770706176758	3.05999755859375	242.752517700195	3.05999755859375	246.448852539062	3.05999755859375	228.760360717773	3.05999755859375	233.424255371094	3.05999755859375	232.268798828125	3.05999755859375	247.108627319336	3.05999755859375	224.050369262695	3.05999755859375	2103.77319335938	3.05999755859375	235.54557800293	3.05999755859375	-0.0755587816238403	3.05999755859375	5.02249002456665	3.05999755859375	6.37568378448486	3.05999755859375	3.98813343048096	3.05999755859375	3.53581213951111	3.05999755859375	4.43521451950073	3.05999755859375	6.4818811416626	3.05999755859375	0.550830006599426	3.05999755859375	11.6354284286499	3.05999755859375	17.3689746856689	3.05999755859375	2.48482513427734	3.05999755859375	2.29741787910461	3.05999755859375	2.42287135124207	3.05999755859375	1.67768859863281	3.05999755859375	2.17047500610352	3.05999755859375	3.6295964717865	3.05999755859375	0.181292772293091	3.05999755859375	1.29290664196014	3.05999755859375	1.59196603298187	3.05999755859375	1.85448265075684	3.05999755859375	0.00782087817788124	3.05999755859375	0.00972365494817495	3.05999755859375	0.0100407628342509	3.05999755859375	0.0109995286911726	3.05999755859375	0.0118815070018172	3.05999755859375	0.0116915833204985	3.05999755859375	0.0122219808399677	3.05999755859375	0.00589572731405497	3.05999755859375	0.136477068066597	3.05999755859375	0.00998590886592865
3.06999754905701	222.204254150391	3.06999754905701	244.504104614258	3.06999754905701	248.256240844727	3.06999754905701	230.774795532227	3.06999754905701	235.588409423828	3.06999754905701	234.398132324219	3.06999754905701	249.326034545898	3.06999754905701	225.196975708008	3.06999754905701	2128.29467773438	3.06999754905701	237.336318969727	3.06999754905701	-0.306958913803101	3.06999754905701	4.84918022155762	3.06999754905701	6.17110443115234	3.06999754905701	3.80587768554687	3.06999754905701	3.45061063766479	3.06999754905701	4.24338054656982	3.06999754905701	6.31745052337646	3.06999754905701	0.198360443115234	3.06999754905701	10.4964923858643	3.06999754905701	17.0740127563477	3.06999754905701	3.15429306030273	3.06999754905701	2.46683621406555	3.06999754905701	2.63057541847229	3.06999754905701	2.00513553619385	3.06999754905701	2.29103326797485	3.06999754905701	3.92506051063538	3.06999754905701	0.433587551116943	3.06999754905701	1.84369838237762	3.06999754905701	2.55872583389282	3.06999754905701	2.46071863174438	3.06999754905701	0.00815632939338684	3.06999754905701	0.00977303087711334	3.06999754905701	0.0100753521546721	3.06999754905701	0.0114285824820399	3.06999754905701	0.0121870879083872	3.06999754905701	0.0120060304179788	3.06999754905701	0.0124546866863966	3.06999754905701	0.0069506261497736	3.06999754905701	0.136028230190277	3.06999754905701	0.00991526246070862
3.07999753952026	223.702575683594	3.07999753952026	246.267684936523	3.07999753952026	250.072906494141	3.07999753952026	232.870544433594	3.07999753952026	237.809585571289	3.07999753952026	236.587509155273	3.07999753952026	251.588790893555	3.07999753952026	226.543029785156	3.07999753952026	2152.7392578125	3.07999753952026	239.114700317383	3.07999753952026	-0.223037481307983	3.07999753952026	4.7440071105957	3.07999753952026	6.0446891784668	3.07999753952026	3.76866960525513	3.07999753952026	3.42404317855835	3.07999753952026	4.19205045700073	3.07999753952026	6.23039150238037	3.07999753952026	0.145857095718384	3.07999753952026	8.05736541748047	3.07999753952026	16.9991397857666	3.07999753952026	3.79451513290405	3.07999753952026	2.63842248916626	3.07999753952026	2.83861899375916	3.07999753952026	2.33199691772461	3.07999753952026	2.40358257293701	3.07999753952026	4.22421979904175	3.07999753952026	0.693834781646729	3.07999753952026	2.38352799415588	3.07999753952026	3.56162023544312	3.07999753952026	3.10575819015503	3.07999753952026	0.00850140117108822	3.07999753952026	0.00984720326960087	3.07999753952026	0.0101349717006087	3.07999753952026	0.011878814548254	3.07999753952026	0.0125047080218792	3.07999753952026	0.012339984998107	3.07999753952026	0.0127136548981071	3.07999753952026	0.00804902706295252	3.07999753952026	0.135820582509041	3.07999753952026	0.00984667520970106
3.08999752998352	225.263900756836	3.08999752998352	248.046875	3.08999752998352	251.902572631836	3.08999752998352	235.049240112305	3.08999752998352	240.089019775391	3.08999752998352	238.838760375977	3.08999752998352	253.900573730469	3.08999752998352	228.090713500977	3.08999752998352	2177.16821289062	3.08999752998352	240.880935668945	3.08999752998352	0.145062446594238	3.08999752998352	4.72095775604248	3.08999752998352	6.01476430892944	3.08999752998352	3.88322472572327	3.08999752998352	3.46342897415161	3.08999752998352	4.29350090026855	3.08999752998352	6.23865127563477	3.08999752998352	0.381066083908081	3.08999752998352	4.7058253288269	3.08999752998352	17.1558074951172	3.08999752998352	4.30862903594971	3.08999752998352	2.7865879535675	3.08999752998352	3.0158200263977	3.08999752998352	2.61059808731079	3.08999752998352	2.490802526474	3.08999752998352	4.48345422744751	3.08999752998352	0.924127817153931	3.08999752998352	2.83226943016052	3.08999752998352	4.4487771987915	3.08999752998352	3.691490650177	3.08999752998352	0.0088178301230073	3.08999752998352	0.0099329873919487	3.08999752998352	0.0102066630497575	3.08999752998352	0.0123227331787348	3.08999752998352	0.0128217022866011	3.08999752998352	0.0126711362972856	3.08999752998352	0.0129815973341465	3.08999752998352	0.00912627298384905	3.08999752998352	0.136007130146027	3.08999752998352	0.00977773405611515
3.09999752044678	226.879577636719	3.09999752044678	249.842498779297	3.09999752044678	253.746231079102	3.09999752044678	237.30729675293	3.09999752044678	242.425430297852	3.09999752044678	241.149368286133	3.09999752044678	256.261383056641	3.09999752044678	229.83039855957	3.09999752044678	2201.66650390625	3.09999752044678	242.634735107422	3.09999752044678	0.725374579429626	3.09999752044678	4.78182125091553	3.09999752044678	6.08527517318726	3.09999752044678	4.13603687286377	3.09999752044678	3.56718802452087	3.09999752044678	4.53924942016602	3.09999752044678	6.3468542098999	3.09999752044678	0.853914856910706	3.09999752044678	0.947567462921143	3.09999752044678	17.5203628540039	3.09999752044678	4.61991453170776	3.09999752044678	2.88946795463562	3.09999752044678	3.13591194152832	3.09999752044678	2.80096030235291	3.09999752044678	2.53926467895508	3.09999752044678	4.66565370559692	3.09999752044678	1.09159326553345	3.09999752044678	3.12360596656799	3.09999752044678	5.08832454681396	3.09999752044678	4.12888383865356	3.09999752044678	0.00907396152615547	3.09999752044678	0.0100158201530576	3.09999752044678	0.0102758146822453	3.09999752044678	0.0127335703000426	3.09999752044678	0.0131248570978642	3.09999752044678	0.0129769472405314	3.09999752044678	0.0132390102371573	3.09999752044678	0.0101250847801566	3.09999752044678	0.136679440736771	3.09999752044678	0.00970609113574028
3.10999751091003	228.535949707031	3.10999751091003	251.652801513672	3.10999751091003	255.602111816406	3.10999751091003	239.636306762695	3.10999751091003	244.815216064453	3.10999751091003	243.512741088867	3.10999751091003	258.667572021484	3.10999751091003	231.742797851562	3.10999751091003	2226.32934570313	3.10999751091003	244.375396728516	3.10999751091003	1.41542732715607	3.10999751091003	4.91628646850586	3.10999751091003	6.24562883377075	3.10999751091003	4.49585437774658	3.10999751091003	3.72535133361816	3.10999751091003	4.90186166763306	3.10999751091003	6.54626178741455	3.10999751091003	1.48589050769806	3.10999751091003	-2.65689492225647	3.10999751091003	18.0370903015137	3.10999751091003	4.67987489700317	3.10999751091003	2.93132162094116	3.10999751091003	3.18042707443237	3.10999751091003	2.87502384185791	3.10999751091003	2.54079699516296	3.10999751091003	4.74413394927978	3.10999751091003	1.17187762260437	3.10999751091003	3.2121000289917	3.10999751091003	5.3826322555542	3.10999751091003	4.34818601608276	3.10999751091003	0.0092490604147315	3.10999751091003	0.0100818481296301	3.10999751091003	0.010328272357583	3.10999751091003	0.0130886761471629	3.10999751091003	0.0134021202102304	3.10999751091003	0.0132375815883279	3.10999751091003	0.0134667931124568	3.10999751091003	0.0110024521127343	3.10999751091003	0.137856334447861	3.10999751091003	0.00962980277836323
3.11999750137329	230.216522216797	3.11999750137329	253.473495483398	3.11999750137329	257.465911865234	3.11999750137329	242.024230957031	3.11999750137329	247.252517700195	3.11999750137329	245.9189453125	3.11999750137329	261.112091064453	3.11999750137329	233.802215576172	3.11999750137329	2251.24951171875	3.11999750137329	246.10188293457	3.11999750137329	2.09370756149292	3.11999750137329	5.10278129577637	3.11999750137329	6.47151565551758	3.11999750137329	4.91698503494263	3.11999750137329	3.92046642303467	3.11999750137329	5.33760833740234	3.11999750137329	6.81549024581909	3.11999750137329	2.17983627319336	3.11999750137329	-5.55428600311279	3.11999750137329	18.6234760284424	3.11999750137329	4.47408962249756	3.11999750137329	2.90445303916931	3.11999750137329	3.14093732833862	3.11999750137329	2.81989431381226	3.11999750137329	2.49346566200256	3.11999750137329	4.70575666427612	3.11999750137329	1.15194010734558	3.11999750137329	3.07886457443237	3.11999750137329	5.27958297729492	3.11999750137329	4.30793952941895	3.11999750137329	0.00933627784252167	3.11999750137329	0.0101198926568031	3.11999750137329	0.0103523507714272	3.11999750137329	0.0133723504841328	3.11999750137329	0.0136441374197602	3.11999750137329	0.0134384566918015	3.11999750137329	0.0136487446725368	3.11999750137329	0.0117343477904797	3.11999750137329	0.139480963349342	3.11999750137329	0.00954763684421778
3.12999749183655	231.904922485352	3.12999749183655	255.298492431641	3.12999749183655	259.331512451172	3.12999749183655	244.456756591797	3.12999749183655	249.730270385742	3.12999749183655	248.35595703125	3.12999749183655	263.585266113281	3.12999749183655	235.980270385742	3.12999749183655	2276.50244140625	3.12999749183655	247.813095092773	3.12999749183655	2.63336443901062	3.12999749183655	5.31027030944824	3.12999749183655	6.72679424285889	3.12999749183655	5.34342002868652	3.12999749183655	4.12904024124146	3.12999749183655	5.79026126861572	3.12999749183655	7.12195062637329	3.12999749183655	2.83018922805786	3.12999749183655	-7.26484966278076	3.12999749183655	19.1783790588379	3.12999749183655	4.02645540237427	3.12999749183655	2.81081342697144	3.12999749183655	3.02088499069214	3.12999749183655	2.64054155349731	3.12999749183655	2.4022479057312	3.12999749183655	4.55349493026733	3.12999749183655	1.03239893913269	3.12999749183655	2.73621344566345	3.12999749183655	4.7820873260498	3.12999749183655	4.00295209884644	3.12999749183655	0.0093441940844059	3.12999749183655	0.0101232212036848	3.12999749183655	0.0103406757116318	3.12999749183655	0.0135780274868011	3.12999749183655	0.0138455834239721	3.12999749183655	0.0135723426938057	3.12999749183655	0.0137738455086946	3.12999749183655	0.0123183941468596	3.12999749183655	0.14142632484436	3.12999749183655	0.00945931021124125
3.1399974822998	233.58757019043	3.1399974822998	257.120971679687	3.1399974822998	261.191741943359	3.1399974822998	246.919326782227	3.1399974822998	252.240585327148	3.1399974822998	250.811019897461	3.1399974822998	266.075805664062	3.1399974822998	238.250137329102	3.1399974822998	2302.13427734375	3.1399974822998	249.507827758789	3.1399974822998	2.91971111297607	3.1399974822998	5.50155973434448	3.1399974822998	6.9671630859375	3.1399974822998	5.71494340896606	3.1399974822998	4.32386016845703	3.1399974822998	6.19684028625488	3.1399974822998	7.42474603652954	3.1399974822998	3.3355188369751	3.1399974822998	-7.45783424377441	3.1399974822998	19.5944156646729	3.1399974822998	3.40073299407959	3.1399974822998	2.66298413276672	3.1399974822998	2.83666396141052	3.1399974822998	2.36139941215515	3.1399974822998	2.27926182746887	3.1399974822998	4.30807590484619	3.1399974822998	0.829205274581909	3.1399974822998	2.23031759262085	3.1399974822998	3.95471429824829	3.1399974822998	3.47001361846924	3.1399974822998	0.00929663982242346	3.1399974822998	0.0100909397006035	3.1399974822998	0.0102916806936264	3.1399974822998	0.0137096708640456	3.1399974822998	0.0140061592683196	3.1399974822998	0.0136408600956202	3.1399974822998	0.0138382092118263	3.1399974822998	0.0127744441851974	3.1399974822998	0.143509700894356	3.1399974822998	0.0093656349927187
3.14999747276306	235.256683349609	3.14999747276306	258.934448242187	3.14999747276306	263.039855957031	3.14999747276306	249.398895263672	3.14999747276306	254.776138305664	3.14999747276306	253.272552490234	3.14999747276306	268.572509765625	3.14999747276306	240.590606689453	3.14999747276306	2328.15356445313	3.14999747276306	251.185211181641	3.14999747276306	2.87163233757019	3.14999747276306	5.63853740692139	3.14999747276306	7.14628314971924	3.14999747276306	5.97561264038086	3.14999747276306	4.47766017913818	3.14999747276306	6.49631404876709	3.14999747276306	7.67966175079346	3.14999747276306	3.61407613754272	3.14999747276306	-6.02887105941772	3.14999747276306	19.7756576538086	3.14999747276306	2.69650864601135	3.14999747276306	2.48387145996094	3.14999747276306	2.61702346801758	3.14999747276306	2.02560496330261	3.14999747276306	2.14298343658447	3.14999747276306	4.00753688812256	3.14999747276306	0.573560237884521	3.14999747276306	1.63933944702148	3.14999747276306	2.9232006072998	3.14999747276306	2.78858518600464	3.14999747276306	0.00923024769872427	3.14999747276306	0.0100287292152643	3.14999747276306	0.0102104833349586	3.14999747276306	0.0137819722294807	3.14999747276306	0.0141310738399625	3.14999747276306	0.0136550143361092	3.14999747276306	0.0138463517650962	3.14999747276306	0.0131424255669117	3.14999747276306	0.145517259836197	3.14999747276306	0.00926851574331522
3.15999746322632	236.912155151367	3.15999746322632	260.734008789062	3.15999746322632	264.870422363281	3.15999746322632	251.886184692383	3.15999746322632	257.330993652344	3.15999746322632	255.731719970703	3.15999746322632	271.065582275391	3.15999746322632	242.989364624023	3.15999746322632	2354.52734375	3.15999746322632	252.844818115234	3.15999746322632	2.46320605278015	3.15999746322632	5.68935108184814	3.15999746322632	7.22427415847778	3.15999746322632	6.08447074890137	3.15999746322632	4.5680046081543	3.15999746322632	6.64086627960205	3.15999746322632	7.84654760360718	3.15999746322632	3.62095737457275	3.15999746322632	-3.1578221321106	3.15999746322632	19.6583690643311	3.15999746322632	2.03656125068665	3.15999746322632	2.30412602424622	3.15999746322632	2.39977073669434	3.15999746322632	1.69022488594055	3.15999746322632	2.01595687866211	3.15999746322632	3.703120470047	3.15999746322632	0.308798313140869	3.15999746322632	1.0641884803772	3.15999746322632	1.86142826080322	3.15999746322632	2.07267379760742	3.15999746322632	0.00918924529105425	3.15999746322632	0.00994857121258974	3.15999746322632	0.0101087475195527	3.15999746322632	0.0138188833370805	3.15999746322632	0.014230702072382	3.15999746322632	0.0136343147605658	3.15999746322632	0.0138113498687744	3.15999746322632	0.0134767703711987	3.15999746322632	0.147237956523895	3.15999746322632	0.00917075481265783
3.16999745368958	238.562530517578	3.16999745368958	262.517547607422	3.16999745368958	266.680847167969	3.16999745368958	254.376876831055	3.16999745368958	259.901489257813	3.16999745368958	258.184020996094	3.16999745368958	273.548461914062	3.16999745368958	245.445251464844	3.16999745368958	2381.18505859375	3.16999745368958	254.486755371094	3.16999745368958	1.73812448978424	3.16999745368958	5.63610124588013	3.16999745368958	7.17714786529541	3.16999745368958	6.02593231201172	3.16999745368958	4.58249807357788	3.16999745368958	6.60755348205566	3.16999745368958	7.89797925949097	3.16999745368958	3.36216163635254	3.16999745368958	0.684481024742126	3.16999745368958	19.2297325134277	3.16999745368958	1.54487419128418	3.16999745368958	2.15696811676025	3.16999745368958	2.2252926826477	3.16999745368958	1.4167468547821	3.16999745368958	1.92082333564758	3.16999745368958	3.45083975791931	3.16999745368958	0.0834407806396484	3.16999745368958	0.610838890075684	3.16999745368958	0.962928175926209	3.16999745368958	1.45197629928589	3.16999745368958	0.00921767484396696	3.16999745368958	0.00986714195460081	3.16999745368958	0.0100032081827521	3.16999745368958	0.0138501124456525	3.16999745368958	0.0143192112445831	3.16999745368958	0.0136041045188904	3.16999745368958	0.0137533927336335	3.16999745368958	0.0138372024521232	3.16999745368958	0.148502692580223	3.16999745368958	0.00907562579959631
3.17999744415283	240.22428894043	3.17999744415283	264.286285400391	3.17999744415283	268.471923828125	3.17999744415283	256.872711181641	3.17999744415283	262.486907958984	3.17999744415283	260.630065917969	3.17999744415283	276.018859863281	3.17999744415283	247.968383789062	3.17999744415283	2408.029296875	3.17999744415283	256.11181640625	3.17999744415283	0.808528661727905	3.17999744415283	5.4805736541748	3.17999744415283	7.00417613983154	3.17999744415283	5.81627511978149	3.17999744415283	4.52262163162231	3.17999744415283	6.40633678436279	3.17999744415283	7.8267183303833	3.17999744415283	2.89896631240845	3.17999744415283	4.80470657348633	3.17999744415283	18.5369052886963	3.17999744415283	1.31927299499512	3.17999744415283	2.07112145423889	3.17999744415283	2.12792372703552	3.17999744415283	1.25821113586426	3.17999744415283	1.87538957595825	3.17999744415283	3.29982757568359	3.17999744415283	-0.058729887008667	3.17999744415283	0.367174506187439	3.17999744415283	0.400496482849121	3.17999744415283	1.0444803237915	3.17999744415283	0.00935031194239855	3.17999744415283	0.00980291049927473	3.17999744415283	0.00991282425820828	3.17999744415283	0.0139058670029044	3.17999744415283	0.0144121553748846	3.17999744415283	0.0135912215337157	3.17999744415283	0.0136966072022915	3.17999744415283	0.0142769850790501	3.17999744415283	0.149220451712608	3.17999744415283	0.008986278437078
3.18999743461609	241.919296264648	3.18999743461609	266.045043945313	3.18999743461609	270.248107910156	3.18999743461609	259.380798339844	3.18999743461609	265.089477539062	3.18999743461609	263.075286865234	3.18999743461609	278.479156494141	3.18999743461609	250.577819824219	3.18999743461609	2434.95336914062	3.18999743461609	257.721313476562	3.18999743461609	-0.166009485721588	3.18999743461609	5.24548292160034	3.18999743461609	6.72998380661011	3.18999743461609	5.50251245498657	3.18999743461609	4.40448331832886	3.18999743461609	6.08060121536255	3.18999743461609	7.6490216255188	3.18999743461609	2.33793807029724	3.18999743461609	8.42789363861084	3.18999743461609	17.6808280944824	3.18999743461609	1.40696334838867	3.18999743461609	2.06388187408447	3.18999743461609	2.12761259078979	3.18999743461609	1.24660086631775	3.18999743461609	1.88816320896149	3.18999743461609	3.28069496154785	3.18999743461609	-0.0888949632644653	3.18999743461609	0.381133019924164	3.18999743461609	0.285092353820801	3.18999743461609	0.928343296051025	3.18999743461609	0.00960462726652622	3.18999743461609	0.00977244693785906	3.18999743461609	0.00985505618155003	3.18999743461609	0.0140107981860638	3.18999743461609	0.0145234912633896	3.18999743461609	0.0136187616735697	3.18999743461609	0.0136645939201117	3.18999743461609	0.0148312505334616	3.18999743461609	0.149401143193245	3.18999743461609	0.00890509877353907
3.19999742507935	243.671020507813	3.19999742507935	267.801330566406	3.19999742507935	272.016845703125	3.19999742507935	261.912170410156	3.19999742507935	267.713714599609	3.19999742507935	265.529174804687	3.19999742507935	280.935913085938	3.19999742507935	253.297317504883	3.19999742507935	2461.86206054687	3.19999742507935	259.31689453125	3.19999742507935	-1.01451015472412	3.19999742507935	4.96997451782227	3.19999742507935	6.39987087249756	3.19999742507935	5.15298080444336	3.19999742507935	4.25568580627441	3.19999742507935	5.69872331619263	3.19999742507935	7.40190267562866	3.19999742507935	1.80783271789551	3.19999742507935	10.8712329864502	3.19999742507935	16.7946681976318	3.19999742507935	1.79229617118835	3.19999742507935	2.13681483268738	3.19999742507935	2.22492218017578	3.19999742507935	1.38499331474304	3.19999742507935	1.95611262321472	3.19999742507935	3.39807033538818	3.19999742507935	-0.000158548355102539	3.19999742507935	0.648342907428742	3.19999742507935	0.638724625110626	3.19999742507935	1.12251925468445	3.19999742507935	0.00997642241418362	3.19999742507935	0.00978690385818481	3.19999742507935	0.00984220765531063	3.19999742507935	0.01417878549546	3.19999742507935	0.01466272957623	3.19999742507935	0.0137012982740998	3.19999742507935	0.0136757241562009	3.19999742507935	0.0155088333413005	3.19999742507935	0.14915657043457	3.19999742507935	0.00883320812135935
3.2099974155426	245.500228881836	3.2099974155426	269.564270019531	3.2099974155426	273.787231445313	3.2099974155426	264.479461669922	3.2099974155426	270.365570068359	3.2099974155426	268.002838134766	3.2099974155426	283.398559570313	3.2099974155426	256.149871826172	3.2099974155426	2488.68823242187	3.2099974155426	260.900421142578	3.2099974155426	-1.59350562095642	3.2099974155426	4.70083379745483	3.2099974155426	6.06959438323975	3.2099974155426	4.84239149093628	3.2099974155426	4.10935878753662	3.2099974155426	5.33908462524414	3.2099974155426	7.13509607315063	3.2099974155426	1.43097019195557	3.2099974155426	11.692741394043	3.2099974155426	16.0138378143311	3.2099974155426	2.40116310119629	3.2099974155426	2.27557134628296	3.2099974155426	2.40113306045532	3.2099974155426	1.64729452133179	3.2099974155426	2.0654079914093	3.2099974155426	3.62990379333496	3.2099974155426	0.191227108240128	3.2099974155426	1.11362290382385	3.2099974155426	1.39089727401733	3.2099974155426	1.58310890197754	3.2099974155426	0.0104406336322427	3.2099974155426	0.00984968710690737	3.2099974155426	0.00987888313829899	3.2099974155426	0.0144100729376078	3.2099974155426	0.0148330526426434	3.2099974155426	0.0138419307768345	3.2099974155426	0.0137395123019814	3.2099974155426	0.016290171071887	3.2099974155426	0.148678213357925	3.2099974155426	0.00877024605870247
3.21999740600586	247.421340942383	3.21999740600586	271.342895507813	3.21999740600586	275.568756103516	3.21999740600586	267.094085693359	3.21999740600586	273.050842285156	3.21999740600586	270.507019042969	3.21999740600586	285.877380371094	3.21999740600586	259.152435302734	3.21999740600586	2515.4072265625	3.21999740600586	262.473419189453	3.21999740600586	-1.81590390205383	3.21999740600586	4.48228931427002	3.21999740600586	5.79324102401733	3.21999740600586	4.63635730743408	3.21999740600586	3.99726510047913	3.21999740600586	5.07372951507568	3.21999740600586	6.90045499801636	3.21999740600586	1.29877173900604	3.21999740600586	10.7700824737549	3.21999740600586	15.4471044540405	3.21999740600586	3.11949825286865	3.21999740600586	2.45363998413086	3.21999740600586	2.62306809425354	3.21999740600586	1.98502492904663	3.21999740600586	2.19479036331177	3.21999740600586	3.93333172798157	3.21999740600586	0.450324296951294	3.21999740600586	1.68490242958069	3.21999740600586	2.39806938171387	3.21999740600586	2.21509742736816	3.21999740600586	0.0109569337219	3.21999740600586	0.00995592307299375	3.21999740600586	0.00996124558150768	3.21999740600586	0.0146914683282375	3.21999740600586	0.015030836686492	3.21999740600586	0.0140319298952818	3.21999740600586	0.01385498046875	3.21999740600586	0.0171316247433424	3.21999740600586	0.148198261857033	3.21999740600586	0.00871449802070856
3.22999739646912	249.440048217773	3.22999739646912	273.14453125	3.22999739646912	277.369201660156	3.22999739646912	269.763885498047	3.22999739646912	275.774200439453	3.22999739646912	273.049896240234	3.22999739646912	288.381683349609	3.22999739646912	262.311859130859	3.22999739646912	2542.03979492187	3.22999739646912	264.037017822266	3.22999739646912	-1.66300964355469	3.22999739646912	4.34760046005249	3.22999739646912	5.61278486251831	3.22999739646912	4.57995176315308	3.22999739646912	3.94415473937988	3.22999739646912	4.95544338226318	3.22999739646912	6.74218702316284	3.22999739646912	1.45810091495514	3.22999739646912	8.29873180389404	3.22999739646912	15.1570138931274	3.22999739646912	3.81809091567993	3.22999739646912	2.63827109336853	3.22999739646912	2.85047912597656	3.22999739646912	2.33808708190918	3.22999739646912	2.32012176513672	3.22999739646912	4.25426483154297	3.22999739646912	0.731463491916657	3.22999739646912	2.25342202186584	3.22999739646912	3.47651052474976	3.22999739646912	2.89418983459473	3.22999739646912	0.0114781353622675	3.22999739646912	0.0100937206298113	3.22999739646912	0.0100780874490738	3.22999739646912	0.0149992648512125	3.22999739646912	0.0152465729042888	3.22999739646912	0.0142528032884002	3.22999739646912	0.0140112591907382	3.22999739646912	0.0179743245244026	3.22999739646912	0.147944614291191	3.22999739646912	0.00866330601274967
3.23999738693237	251.553024291992	3.23999738693237	274.973785400391	3.23999738693237	279.193756103516	3.23999738693237	272.491455078125	3.23999738693237	278.537963867187	3.23999738693237	275.635284423828	3.23999738693237	290.917785644531	3.23999738693237	265.623077392578	3.23999738693237	2568.64697265625	3.23999738693237	265.591796875	3.23999738693237	-1.18101871013641	3.23999738693237	4.31395149230957	3.23999738693237	5.55153703689575	3.23999738693237	4.69196081161499	3.23999738693237	3.96428918838501	3.23999738693237	5.01043844223022	3.23999738693237	6.69002723693848	3.23999738693237	1.90885663032532	3.23999738693237	4.73137140274048	3.23999738693237	15.1516351699829	3.23999738693237	4.37606859207153	3.23999738693237	2.79661798477173	3.23999738693237	3.04353260993958	3.23999738693237	2.64586281776428	3.23999738693237	2.41873645782471	3.23999738693237	4.5374870300293	3.23999738693237	0.986854195594788	3.23999738693237	2.71374225616455	3.23999738693237	4.43701362609863	3.23999738693237	3.49076700210571	3.23999738693237	0.0119589800015092	3.23999738693237	0.0102466493844986	3.23999738693237	0.0102132335305214	3.23999738693237	0.0153037877753377	3.23999738693237	0.0154667319729924	3.23999738693237	0.0144799621775746	3.23999738693237	0.0141899380832911	3.23999738693237	0.0187546480447054	3.23999738693237	0.14810074865818	3.23999738693237	0.00861361529678106
3.24999737739563	253.748931884766	3.24999737739563	276.831939697266	3.24999737739563	281.044281005859	3.24999737739563	275.273529052734	3.24999737739563	281.341796875	3.24999737739563	278.262115478516	3.24999737739563	293.488037109375	3.24999737739563	269.069152832031	3.24999737739563	2595.31909179687	3.24999737739563	267.137786865234	3.24999737739563	-0.468295693397522	3.24999737739563	4.38066720962524	3.24999737739563	5.61149787902832	3.24999737739563	4.96403694152832	3.24999737739563	4.06010675430298	3.24999737739563	5.23627281188965	3.24999737739563	6.75566911697388	3.24999737739563	2.60907888412476	3.24999737739563	0.690283060073853	3.24999737739563	15.3857946395874	3.24999737739563	4.69883632659912	3.24999737739563	2.90086722373962	3.24999737739563	3.16899394989014	3.24999737739563	2.85643434524536	3.24999737739563	2.47279834747314	3.24999737739563	4.73512697219849	3.24999737739563	1.17396509647369	3.24999737739563	2.97987723350525	3.24999737739563	5.11405515670776	3.24999737739563	3.89123106002808	3.24999737739563	0.0123635521158576	3.24999737739563	0.0103967962786555	3.24999737739563	0.0103485872969031	3.24999737739563	0.0155744329094887	3.24999737739563	0.0156760942190886	3.24999737739563	0.0146870082244277	3.24999737739563	0.0143684139475226	3.24999737739563	0.0194139406085014	3.24999737739563	0.14877638220787	3.24999737739563	0.00856256484985352
3.25999736785889	256.010803222656	3.25999736785889	278.716857910156	3.25999736785889	282.919250488281	3.25999736785889	278.101287841797	3.25999736785889	284.182342529297	3.25999736785889	280.924407958984	3.25999736785889	296.090423583984	3.25999736785889	272.622985839844	3.25999736785889	2622.15966796875	3.25999736785889	268.674468994141	3.25999736785889	0.341325342655182	3.25999736785889	4.52980661392212	3.25999736785889	5.77361488342285	3.25999736785889	5.36291408538818	3.25999736785889	4.22225189208984	3.25999736785889	5.60317325592041	3.25999736785889	6.93171453475952	3.25999736785889	3.48305559158325	3.25999736785889	-3.12627100944519	3.25999736785889	15.7688417434692	3.25999736785889	4.73053121566772	3.25999736785889	2.93214154243469	3.25999736785889	3.20480966567993	3.25999736785889	2.93355894088745	3.25999736785889	2.47164702415466	3.25999736785889	4.81316757202148	3.25999736785889	1.26128482818604	3.25999736785889	2.99717140197754	3.25999736785889	5.38803434371948	3.25999736785889	4.01517963409424	3.25999736785889	0.0126706138253212	3.25999736785889	0.0105278287082911	3.25999736785889	0.0104672554880381	3.25999736785889	0.0157843995839357	3.25999736785889	0.0158601049333811	3.25999736785889	0.0148499421775341	3.25999736785889	0.0145236039534211	3.25999736785889	0.0199063718318939	3.25999736785889	0.149991184473038	3.25999736785889	0.00850800238549709
3.26999735832214	258.319152832031	3.26999735832214	280.623687744141	3.26999735832214	284.814025878906	3.26999735832214	280.961364746094	3.26999735832214	287.0537109375	3.26999735832214	283.612060546875	3.26999735832214	298.718658447266	3.26999735832214	276.25048828125	3.26999735832214	2649.267578125	3.26999735832214	270.200988769531	3.26999735832214	1.09685957431793	3.26999735832214	4.72850370407105	3.26999735832214	6.0002179145813	3.26999735832214	5.83440637588501	3.26999735832214	4.43059253692627	3.26999735832214	6.05758666992188	3.26999735832214	7.19231510162354	3.26999735832214	4.43019008636475	3.26999735832214	-6.03825998306274	3.26999735832214	16.1771583557129	3.26999735832214	4.46231412887573	3.26999735832214	2.88338994979858	3.26999735832214	3.14345192909241	3.26999735832214	2.86188912391663	3.26999735832214	2.41336870193481	3.26999735832214	4.75634288787842	3.26999735832214	1.23279714584351	3.26999735832214	2.75095796585083	3.26999735832214	5.20222091674805	3.26999735832214	3.82887506484985	3.26999735832214	0.0128767425194383	3.26999735832214	0.0106277633458376	3.26999735832214	0.0105564445257187	3.26999735832214	0.015914773568511	3.26999735832214	0.0160071160644293	3.26999735832214	0.0149509264156222	3.26999735832214	0.0146356038749218	3.26999735832214	0.0202048104256392	3.26999735832214	0.151671156287193	3.26999735832214	0.00844889972358942
3.2799973487854	260.655517578125	3.2799973487854	282.545684814453	3.2799973487854	286.722198486328	3.2799973487854	283.837768554687	3.2799973487854	289.9482421875	3.2799973487854	286.312316894531	3.2799973487854	301.363128662109	3.2799973487854	279.914184570313	3.2799973487854	2676.71948242187	3.2799973487854	271.716461181641	3.2799973487854	1.65115427970886	3.2799973487854	4.93309879302978	3.2799973487854	6.23968172073364	3.2799973487854	6.30936813354492	3.2799973487854	4.6562180519104	3.2799973487854	6.52804040908813	3.2799973487854	7.49556016921997	3.2799973487854	5.33509302139282	3.2799973487854	-7.484543800354	3.2799973487854	16.4721527099609	3.2799973487854	3.93709325790405	3.2799973487854	2.76140093803406	3.2799973487854	2.99418067932129	3.2799973487854	2.65081930160522	3.2799973487854	2.30573868751526	3.2799973487854	4.57179880142212	3.2799973487854	1.09144747257233	3.2799973487854	2.27224564552307	3.2799973487854	4.57567977905273	3.2799973487854	3.3547191619873	3.2799973487854	0.0129972342401743	3.2799973487854	0.0106912013143301	3.2799973487854	0.0106098530814052	3.2799973487854	0.015957759693265	3.2799973487854	0.0161103066056967	3.2799973487854	0.0149813871830702	3.2799973487854	0.0146910604089499	3.2799973487854	0.0203048400580883	3.2799973487854	0.153657674789429	3.2799973487854	0.0083856200799346
3.28999733924866	263.005828857422	3.28999733924866	284.475799560547	3.28999733924866	288.636779785156	3.28999733924866	286.714050292969	3.28999733924866	292.857391357422	3.28999733924866	289.01171875	3.28999733924866	304.012512207031	3.28999733924866	283.578063964844	3.28999733924866	2704.556640625	3.28999733924866	273.22021484375	3.28999733924866	1.885946393013	3.28999733924866	5.09568643569946	3.28999733924866	6.43398332595825	3.28999733924866	6.71277141571045	3.28999733924866	4.86498498916626	3.28999733924866	6.93452739715576	3.28999733924866	7.78842878341675	3.28999733924866	6.08134698867798	3.28999733924866	-7.13066005706787	3.28999733924866	16.5244083404541	3.28999733924866	3.24860382080078	3.28999733924866	2.58734393119812	3.28999733924866	2.78348159790039	3.28999733924866	2.33595895767212	3.28999733924866	2.16613364219666	3.28999733924866	4.29063320159912	3.28999733924866	0.860982060432434	3.28999733924866	1.6384289264679	3.28999733924866	3.60945439338684	3.28999733924866	2.67417311668396	3.28999733924866	0.0130644114688039	3.28999733924866	0.0107207531109452	3.28999733924866	0.0106292804703116	3.28999733924866	0.0159187223762274	3.28999733924866	0.0161691531538963	3.28999733924866	0.0149441203102469	3.28999733924866	0.0146859381347895	3.28999733924866	0.020226676017046	3.28999733924866	0.15572988986969	3.28999733924866	0.00831997208297253
3.29999732971191	265.363525390625	3.29999732971191	286.408203125	3.29999732971191	290.551818847656	3.29999732971191	289.575897216797	3.29999732971191	295.773101806641	3.29999732971191	291.698303222656	3.29999732971191	306.655517578125	3.29999732971191	287.211822509766	3.29999732971191	2732.77465820313	3.29999732971191	274.711883544922	3.29999732971191	1.73908805847168	3.29999732971191	5.17316198348999	3.29999732971191	6.52956438064575	3.29999732971191	6.97647714614868	3.29999732971191	5.02307558059692	3.29999732971191	7.2021632194519	3.29999732971191	8.01515197753906	3.29999732971191	6.57025527954102	3.29999732971191	-4.96722650527954	3.29999732971191	16.2425212860107	3.29999732971191	2.53090214729309	3.29999732971191	2.39473414421082	3.29999732971191	2.55246543884277	3.29999732971191	1.97630929946899	3.29999732971191	2.01972126960754	3.29999732971191	3.96558380126953	3.29999732971191	0.584586262702942	3.29999732971191	0.965281009674072	3.29999732971191	2.4797728061676	3.29999732971191	1.91981530189514	3.29999732971191	0.0131227727979422	3.29999732971191	0.0107271894812584	3.29999732971191	0.0106249777600169	3.29999732971191	0.0158164240419865	3.29999732971191	0.0161900874227285	3.29999732971191	0.0148538378998637	3.29999732971191	0.0146271213889122	3.29999732971191	0.0200140085071325	3.29999732971191	0.157640919089317	3.29999732971191	0.0082550048828125
3.30999732017517	267.730865478516	3.30999732017517	288.339691162109	3.30999732017517	292.463928222656	3.30999732017517	292.413635253906	3.30999732017517	298.689208984375	3.30999732017517	294.363861083984	3.30999732017517	309.283111572266	3.30999732017517	290.795196533203	3.30999732017517	2761.32202148438	3.30999732017517	276.191925048828	3.30999732017517	1.22685694694519	3.30999732017517	5.13768625259399	3.30999732017517	6.4901180267334	3.30999732017517	7.05460834503174	3.30999732017517	5.10416412353516	3.30999732017517	7.2779655456543	3.30999732017517	8.12868499755859	3.30999732017517	6.7429666519165	3.30999732017517	-1.36266326904297	3.30999732017517	15.6003923416138	3.30999732017517	1.9353175163269	3.30999732017517	2.22389936447144	3.30999732017517	2.3499960899353	3.30999732017517	1.64514636993408	3.30999732017517	1.89525675773621	3.30999732017517	3.66291046142578	3.30999732017517	0.318608283996582	3.30999732017517	0.387179255485535	3.30999732017517	1.4116382598877	3.30999732017517	1.25228250026703	3.30999732017517	0.0132208112627268	3.30999732017517	0.0107279252260923	3.30999732017517	0.0106142880395055	3.30999732017517	0.0156807471066713	3.30999732017517	0.0161859001964331	3.30999732017517	0.0147354826331139	3.30999732017517	0.0145321525633335	3.30999732017517	0.0197286140173674	3.30999732017517	0.159164845943451	3.30999732017517	0.00819448661059141
3.31999731063843	270.119445800781	3.31999731063843	290.270782470703	3.31999731063843	294.37353515625	3.31999731063843	295.223968505859	3.31999731063843	301.602325439453	3.31999731063843	297.005615234375	3.31999731063843	311.890380859375	3.31999731063843	294.320648193359	3.31999731063843	2790.10864257813	3.31999731063843	277.661499023438	3.31999731063843	0.450682729482651	3.31999731063843	4.98548555374146	3.31999731063843	6.30773830413818	3.31999731063843	6.93721866607666	3.31999731063843	5.09647941589355	3.31999731063843	7.14626932144165	3.31999731063843	8.10291576385498	3.31999731063843	6.5995020866394	3.31999731063843	2.97262382507324	3.31999731063843	14.652268409729	3.31999731063843	1.59670400619507	3.31999731063843	2.11314630508423	3.31999731063843	2.22200679779053	3.31999731063843	1.41468501091003	3.31999731063843	1.8188111782074	3.31999731063843	3.44860410690308	3.31999731063843	0.121095657348633	3.31999731063843	0.0269720554351807	3.31999731063843	0.632232546806335	3.31999731063843	0.824018597602844	3.31999731063843	0.0134004866704345	3.31999731063843	0.0107436729595065	3.31999731063843	0.0106183784082532	3.31999731063843	0.015547570772469	3.31999731063843	0.0161736533045769	3.31999731063843	0.0146199595183134	3.31999731063843	0.0144265433773398	3.31999731063843	0.0194401703774929	3.31999731063843	0.16014651954174	3.31999731063843	0.00814212113618851
3.32999730110168	272.547698974609	3.32999730110168	292.206085205078	3.32999730110168	296.285217285156	3.32999730110168	298.010559082031	3.32999730110168	304.512451171875	3.32999730110168	299.626800537109	3.32999730110168	314.477630615234	3.32999730110168	297.7939453125	3.32999730110168	2819.0234375	3.32999730110168	279.122375488281	3.32999730110168	-0.420345723628998	3.32999730110168	4.74010229110718	3.32999730110168	6.00771760940552	3.32999730110168	6.6565260887146	3.32999730110168	5.00708150863647	3.32999730110168	6.83644390106201	3.32999730110168	7.94123649597168	3.32999730110168	6.20567798614502	3.32999730110168	7.12912845611572	3.32999730110168	13.5261783599854	3.32999730110168	1.59810543060303	3.32999730110168	2.08888173103333	3.32999730110168	2.19962596893311	3.32999730110168	1.33808374404907	3.32999730110168	1.80701446533203	3.32999730110168	3.37199306488037	3.32999730110168	0.0376152992248535	3.32999730110168	-0.0364669561386108	3.32999730110168	0.314574480056763	3.32999730110168	0.739021241664887	3.32999730110168	0.0136868050321937	3.32999730110168	0.0107937976717949	3.32999730110168	0.0106575507670641	3.32999730110168	0.0154514135792851	3.32999730110168	0.0161712616682053	3.32999730110168	0.014537762850523	3.32999730110168	0.0143387364223599	3.32999730110168	0.019212506711483	3.32999730110168	0.160540729761124	3.32999730110168	0.00810067448765039
3.33999729156494	275.037078857422	3.33999729156494	294.153472900391	3.33999729156494	298.207092285156	3.33999729156494	300.783172607422	3.33999729156494	307.423065185547	3.33999729156494	302.236206054687	3.33999729156494	317.050720214844	3.33999729156494	301.231719970703	3.33999729156494	2847.95654296875	3.33999729156494	280.576751708984	3.33999729156494	-1.18943858146667	3.33999729156494	4.44777488708496	3.33999729156494	5.64377784729004	3.33999729156494	6.28142881393433	3.33999729156494	4.86118221282959	3.33999729156494	6.41832304000855	3.33999729156494	7.67745494842529	3.33999729156494	5.68183326721191	3.33999729156494	10.2172241210938	3.33999729156494	12.3938636779785	3.33999729156494	1.94695007801056	3.33999729156494	2.15822863578796	3.33999729156494	2.29047966003418	3.33999729156494	1.43509554862976	3.33999729156494	1.86226189136505	3.33999729156494	3.45239901542664	3.33999729156494	0.0891115665435791	3.33999729156494	0.2090083360672	3.33999729156494	0.530848026275635	3.33999729156494	1.02307116985321	3.33999729156494	0.0140808848664165	3.33999729156494	0.0108915856108069	3.33999729156494	0.0107463095337152	3.33999729156494	0.0154176345095038	3.33999729156494	0.0161935184150934	3.33999729156494	0.0145120536908507	3.33999729156494	0.0142938001081347	3.33999729156494	0.0190895795822144	3.33999729156494	0.160427287220955	3.33999729156494	0.00807128008455038
3.3499972820282	277.607086181641	3.3499972820282	296.122772216797	3.3499972820282	300.1494140625	3.3499972820282	303.555328369141	3.3499972820282	310.339904785156	3.3499972820282	304.846069335937	3.3499972820282	319.619537353516	3.3499972820282	304.656799316406	3.3499972820282	2876.8232421875	3.3499972820282	282.026947021484	3.3499972820282	-1.68139314651489	3.3499972820282	4.16585350036621	3.3499972820282	5.28464508056641	3.3499972820282	5.90125894546509	3.3499972820282	4.69620370864868	3.3499972820282	5.98552227020264	3.3499972820282	7.3679313659668	3.3499972820282	5.17510223388672	3.3499972820282	11.5883436203003	3.3499972820282	11.4266729354858	3.3499972820282	2.57266068458557	3.3499972820282	2.30706906318665	3.3499972820282	2.47659158706665	3.3499972820282	1.6869170665741	3.3499972820282	1.97192096710205	3.3499972820282	3.67412853240967	3.3499972820282	0.266492128372192	3.3499972820282	0.705233335494995	3.3499972820282	1.23364734649658	3.3499972820282	1.61656606197357	3.3499972820282	0.0145590826869011	3.3499972820282	0.0110409120097756	3.3499972820282	0.010889763943851	3.3499972820282	0.0154565665870905	3.3499972820282	0.0162487328052521	3.3499972820282	0.0145532302558422	3.3499972820282	0.0143076507374644	3.3499972820282	0.0190855506807566	3.3499972820282	0.159995019435883	3.3499972820282	0.00805314909666777
3.35999727249146	280.270782470703	3.35999727249146	298.123565673828	3.35999727249146	302.122497558594	3.35999727249146	306.341003417969	3.35999727249146	313.269653320313	3.35999727249146	307.469329833984	3.35999727249146	322.196136474609	3.35999727249146	308.091827392578	3.35999727249146	2905.58325195313	3.35999727249146	283.474884033203	3.35999727249146	-1.78308916091919	3.35999727249146	3.948570728302	3.35999727249146	4.99693965911865	3.35999727249146	5.60432529449463	3.35999727249146	4.55286026000977	3.35999727249146	5.63283586502075	3.35999727249146	7.07779026031494	3.35999727249146	4.82510471343994	3.35999727249146	10.980489730835	3.35999727249146	10.752965927124	3.35999727249146	3.34608125686646	3.35999727249146	2.50411701202393	3.35999727249146	2.71952986717224	3.35999727249146	2.04187202453613	3.35999727249146	2.11172127723694	3.35999727249146	3.99128913879395	3.35999727249146	0.533712387084961	3.35999727249146	1.34000849723816	3.35999727249146	2.27120089530945	3.35999727249146	2.39154624938965	3.35999727249146	0.015078485943377	3.35999727249146	0.0112353758886456	3.35999727249146	0.0110824778676033	3.35999727249146	0.0155613850802183	3.35999727249146	0.0163369681686163	3.35999727249146	0.014656737446785	3.35999727249146	0.0143835684284568	3.35999727249146	0.0191821157932282	3.35999727249146	0.15949846804142	3.35999727249146	0.00804379396140575
3.36999726295471	283.031677246094	3.36999726295471	300.163452148438	3.36999726295471	304.134674072266	3.36999726295471	309.151489257812	3.36999726295471	316.218231201172	3.36999726295471	310.116851806641	3.36999726295471	324.792022705078	3.36999726295471	311.553283691406	3.36999726295471	2934.24829101562	3.36999726295471	284.921936035156	3.36999726295471	-1.46334958076477	3.36999726295471	3.83497905731201	3.36999726295471	4.83023452758789	3.36999726295471	5.45891523361206	3.36999726295471	4.46633195877075	3.36999726295471	5.43551874160767	3.36999726295471	6.86625385284424	3.36999726295471	4.73494386672974	3.36999726295471	8.55147743225098	3.36999726295471	10.4306259155273	3.36999726295471	4.111656665802	3.36999726295471	2.70892810821533	3.36999726295471	2.97019410133362	3.36999726295471	2.4287314414978	3.36999726295471	2.25175762176514	3.36999726295471	4.33968830108643	3.36999726295471	0.837296485900879	3.36999726295471	1.97538530826569	3.36999726295471	3.42724943161011	3.36999726295471	3.18489074707031	3.36999726295471	0.0155866416171193	3.36999726295471	0.0114599773660302	3.36999726295471	0.0113099562004209	3.36999726295471	0.0157101415097713	3.36999726295471	0.0164502691477537	3.36999726295471	0.0148044992238283	3.36999726295471	0.0145118404179811	3.36999726295471	0.0193335097283125	3.36999726295471	0.159201338887215	3.36999726295471	0.00803966633975506
3.37999725341797	285.882965087891	3.37999725341797	302.246429443359	3.37999725341797	306.19091796875	3.37999725341797	311.992706298828	3.37999725341797	319.189453125	3.37999725341797	312.794952392578	3.37999725341797	327.415710449219	3.37999725341797	315.046936035156	3.37999725341797	2962.8779296875	3.37999725341797	286.368713378906	3.37999725341797	-0.77149897813797	3.37999725341797	3.84195184707642	3.37999725341797	4.80799531936646	3.37999725341797	5.50123834609985	3.37999725341797	4.45989608764648	3.37999725341797	5.43566083908081	3.37999725341797	6.77519369125366	3.37999725341797	4.9544095993042	3.37999725341797	4.81568670272827	3.37999725341797	10.4388599395752	3.37999725341797	4.72082710266113	3.37999725341797	2.88082075119019	3.37999725341797	3.17957258224487	3.37999725341797	2.77235698699951	3.37999725341797	2.36290168762207	3.37999725341797	4.65103769302368	3.37999725341797	1.11829304695129	3.37999725341797	2.47753715515137	3.37999725341797	4.46921586990356	3.37999725341797	3.83501291275024	3.37999725341797	0.0160323642194271	3.37999725341797	0.0116945961490273	3.37999725341797	0.0115520432591438	3.37999725341797	0.0158708579838276	3.37999725341797	0.0165745504200459	3.37999725341797	0.0149691719561815	3.37999725341797	0.0146722458302975	3.37999725341797	0.0194768495857716	3.37999725341797	0.159321695566177	3.37999725341797	0.00803699344396591
3.38999724388123	288.808929443359	3.38999724388123	304.372589111328	3.38999724388123	308.292083740234	3.38999724388123	314.863952636719	3.38999724388123	322.18408203125	3.38999724388123	315.504211425781	3.38999724388123	330.071166992188	3.38999724388123	318.565673828125	3.38999724388123	2991.56665039063	3.38999724388123	287.815124511719	3.38999724388123	0.177911996841431	3.38999724388123	3.96239542961121	3.38999724388123	4.92478704452515	3.38999724388123	5.73100423812866	3.38999724388123	4.54156446456909	3.38999724388123	5.63664197921753	3.38999724388123	6.82259941101074	3.38999724388123	5.47535610198975	3.38999724388123	0.526909470558167	3.38999724388123	10.6861371994019	3.38999724388123	5.05876731872559	3.38999724388123	2.98650932312012	3.38999724388123	3.30786180496216	3.38999724388123	3.00754594802856	3.38999724388123	2.42208790779114	3.38999724388123	4.86564302444458	3.38999724388123	1.32332968711853	3.38999724388123	2.74114418029785	3.38999724388123	5.19147539138794	3.38999724388123	4.21360397338867	3.38999724388123	0.0163750499486923	3.38999724388123	0.0119181871414185	3.38999724388123	0.0117871658876538	3.38999724388123	0.016008110716939	3.38999724388123	0.0166924577206373	3.38999724388123	0.015119818970561	3.38999724388123	0.0148383742198348	3.38999724388123	0.0195446256548166	3.38999724388123	0.159990772604942	3.38999724388123	0.00803259946405888
3.39999723434448	291.787292480469	3.39999723434448	306.538024902344	3.39999723434448	310.434936523438	3.39999723434448	317.757781982422	3.39999723434448	325.199340820313	3.39999723434448	318.239349365234	3.39999723434448	332.757049560547	3.39999723434448	322.089813232422	3.39999723434448	3020.42504882812	3.39999723434448	289.260620117188	3.39999723434448	1.22643446922302	3.39999723434448	4.16726970672607	3.39999723434448	5.14819860458374	3.39999723434448	6.11264181137085	3.39999723434448	4.70320320129395	3.39999723434448	6.0038275718689	3.39999723434448	7.00024461746216	3.39999723434448	6.23513555526733	3.39999723434448	-3.45734024047852	3.39999723434448	11.0288619995117	3.39999723434448	5.06284999847412	3.39999723434448	3.00571441650391	3.39999723434448	3.33108019828796	3.39999723434448	3.08971619606018	3.39999723434448	2.41606688499451	3.39999723434448	4.94227170944214	3.39999723434448	1.41344714164734	3.39999723434448	2.70670223236084	3.39999723434448	5.44906806945801	3.39999723434448	4.24880409240723	3.39999723434448	0.0165913682430983	3.39999723434448	0.0121128372848034	3.39999723434448	0.0119965169578791	3.39999723434448	0.0160896833986044	3.39999723434448	0.0167865734547377	3.39999723434448	0.0152277844026685	3.39999723434448	0.0149827050045133	3.39999723434448	0.0194768477231264	3.39999723434448	0.161229729652405	3.39999723434448	0.00802456680685282
3.40999722480774	294.793182373047	3.40999722480774	308.73583984375	3.40999722480774	312.613159179687	3.40999722480774	320.661254882812	3.40999722480774	328.229431152344	3.40999722480774	320.990081787109	3.40999722480774	335.466918945313	3.40999722480774	325.589538574219	3.40999722480774	3049.55786132812	3.40999722480774	290.704315185547	3.40999722480774	2.19601249694824	3.40999722480774	4.41041326522827	3.40999722480774	5.42426156997681	3.40999722480774	6.58047389984131	3.40999722480774	4.92149353027344	3.40999722480774	6.46962451934814	3.40999722480774	7.2746262550354	3.40999722480774	7.12486362457275	3.40999722480774	-6.31668758392334	3.40999722480774	11.2972860336304	3.40999722480774	4.73385715484619	3.40999722480774	2.9349193572998	3.40999722480774	3.2454342842102	3.40999722480774	3.00263166427612	3.40999722480774	2.34378719329834	3.40999722480774	4.865318775177	3.40999722480774	1.37078261375427	3.40999722480774	2.37161731719971	3.40999722480774	5.18252563476562	3.40999722480774	3.93997716903687	3.40999722480774	0.0166790876537561	3.40999722480774	0.0122671686112881	3.40999722480774	0.0121676381677389	3.40999722480774	0.0160925257951021	3.40999722480774	0.0168425478041172	3.40999722480774	0.0152720166370273	3.40999722480774	0.0150817185640335	3.40999722480774	0.0192316174507141	3.40999722480774	0.162945210933685	3.40999722480774	0.00801265984773636
3.419997215271	297.803314208984	3.419997215271	310.957794189453	3.419997215271	314.818756103516	3.419997215271	323.558166503906	3.419997215271	331.26611328125	3.419997215271	323.743011474609	3.419997215271	338.190521240234	3.419997215271	329.029174804687	3.419997215271	3079.04248046875	3.419997215271	292.1455078125	3.419997215271	2.91683149337769	3.419997215271	4.63601446151733	3.419997215271	5.6860933303833	3.419997215271	7.04770660400391	3.419997215271	5.16073656082153	3.419997215271	6.94294548034668	3.419997215271	7.59116744995117	3.419997215271	8.00241184234619	3.419997215271	-7.41440582275391	3.419997215271	11.3278980255127	3.419997215271	4.14007234573364	3.419997215271	2.78915405273438	3.419997215271	3.06939101219177	3.419997215271	2.7632212638855	3.419997215271	2.21746730804443	3.419997215271	4.64932870864868	3.419997215271	1.20317077636719	3.419997215271	1.7950804233551	3.419997215271	4.43420124053955	3.419997215271	3.36312770843506	3.419997215271	0.0166579112410545	3.419997215271	0.0123787289485335	3.419997215271	0.0122970128431916	3.419997215271	0.0160074643790722	3.419997215271	0.01685188151896	3.419997215271	0.0152433570474386	3.419997215271	0.0151205100119114	3.419997215271	0.018793573603034	3.419997215271	0.164943844079971	3.419997215271	0.00799845904111862
3.42999720573425	300.799835205078	3.42999720573425	313.196014404297	3.42999720573425	317.043853759766	3.42999720573425	326.431884765625	3.42999720573425	334.30029296875	3.42999720573425	326.484252929687	3.42999720573425	340.915710449219	3.42999720573425	332.372619628906	3.42999720573425	3108.912109375	3.42999720573425	293.583984375	3.42999720573425	3.2601900100708	3.42999720573425	4.78904390335083	3.42999720573425	5.86637163162231	3.42999720573425	7.42060565948486	3.42999720573425	5.37821531295776	3.42999720573425	7.32424449920654	3.42999720573425	7.88254880905151	3.42999720573425	8.71305465698242	3.42999720573425	-6.44402742385864	3.42999720573425	11.0008859634399	3.42999720573425	3.41125273704529	3.42999720573425	2.60101079940796	3.42999720573425	2.84239768981934	3.42999720573425	2.42205619812012	3.42999720573425	2.06174850463867	3.42999720573425	4.33956050872803	3.42999720573425	0.945554971694946	3.42999720573425	1.09363007545471	3.42999720573425	3.35173535346985	3.42999720573425	2.66285228729248	3.42999720573425	0.016566900536418	3.42999720573425	0.0124549390748143	3.42999720573425	0.0123912347480655	3.42999720573425	0.0158420484513044	3.42999720573425	0.016813987866044	3.42999720573425	0.0151471812278032	3.42999720573425	0.0150963123887777	3.42999720573425	0.0181792844086885	3.42999720573425	0.166965544223785	3.42999720573425	0.00798513367772102
3.43999719619751	303.773712158203	3.43999719619751	315.444763183594	3.43999719619751	319.282745361328	3.43999719619751	329.2685546875	3.43999719619751	337.323394775391	3.43999719619751	329.202087402344	3.43999719619751	343.630859375	3.43999719619751	335.589569091797	3.43999719619751	3139.14770507812	3.43999719619751	295.020111083984	3.43999719619751	3.17249488830566	3.43999719619751	4.82811594009399	3.43999719619751	5.91288423538208	3.43999719619751	7.61800956726074	3.43999719619751	5.53255844116211	3.43999719619751	7.52645015716553	3.43999719619751	8.08194923400879	3.43999719619751	9.11964797973633	3.43999719619751	-3.54419660568237	3.43999719619751	10.2757301330566	3.43999719619751	2.71769952774048	3.43999719619751	2.41547727584839	3.43999719619751	2.61869192123413	3.43999719619751	2.05671095848083	3.43999719619751	1.90995466709137	3.43999719619751	4.00608015060425	3.43999719619751	0.655977010726929	3.43999719619751	0.422686100006103	3.43999719619751	2.16993594169617	3.43999719619751	2.02607440948486	3.43999719619751	0.0164577700197697	3.43999719619751	0.0125121185556054	3.43999719619751	0.012466206215322	3.43999719619751	0.0156205371022224	3.43999719619751	0.0167370215058327	3.43999719619751	0.0150035377591848	3.43999719619751	0.0150200976058841	3.43999719619751	0.0174377914518118	3.43999719619751	0.168734684586525	3.43999719619751	0.00797682534903288
3.44999718666077	306.726257324219	3.44999718666077	317.702087402344	3.44999718666077	321.533386230469	3.44999718666077	332.060302734375	3.44999718666077	340.329132080078	3.44999718666077	331.889801025391	3.44999718666077	346.327606201172	3.44999718666077	338.661651611328	3.44999718666077	3169.67919921875	3.44999718666077	296.455139160156	3.44999718666077	2.69931125640869	3.44999718666077	4.7378363609314	3.44999718666077	5.80384302139282	3.44999718666077	7.59316730499268	3.44999718666077	5.59397029876709	3.44999718666077	7.49829339981079	3.44999718666077	8.13962841033935	3.44999718666077	9.13865375518799	3.44999718666077	0.673426389694214	3.44999718666077	9.21264553070068	3.44999718666077	2.23313212394714	3.44999718666077	2.28011965751648	3.44999718666077	2.45553112030029	3.44999718666077	1.75619077682495	3.44999718666077	1.79704225063324	3.44999718666077	3.72970390319824	3.44999718666077	0.404367685317993	3.44999718666077	-0.0575056076049805	3.44999718666077	1.16463589668274	3.44999718666077	1.63776445388794	3.44999718666077	0.0163841396570206	3.44999718666077	0.0125722158700228	3.44999718666077	0.0125439846888185	3.44999718666077	0.0153800928965211	3.44999718666077	0.0166368242353201	3.44999718666077	0.0148439221084118	3.44999718666077	0.0149152502417564	3.44999718666077	0.0166441928595304	3.44999718666077	0.170022219419479	3.44999718666077	0.0079776868224144
3.45999717712402	309.668792724609	3.45999717712402	319.970520019531	3.45999717712402	323.798309326172	3.45999717712402	334.807067871094	3.45999717712402	343.314727783203	3.45999717712402	334.547332763672	3.45999717712402	349.002960205078	3.45999717712402	341.586181640625	3.45999717712402	3200.39916992188	3.45999717712402	297.891204833984	3.45999717712402	1.9852956533432	3.45999717712402	4.53580617904663	3.45999717712402	5.5571141242981	3.45999717712402	7.35043382644653	3.45999717712402	5.5534086227417	3.45999717712402	7.2423152923584	3.45999717712402	8.0381498336792	3.45999717712402	8.77058219909668	3.45999717712402	5.23234176635742	3.45999717712402	7.96613788604736	3.45999717712402	2.08826375007629	3.45999717712402	2.23239374160767	3.45999717712402	2.39797735214233	3.45999717712402	1.59849500656128	3.45999717712402	1.75041651725769	3.45999717712402	3.58164167404175	3.45999717712402	0.255273103713989	3.45999717712402	-0.225112438201904	3.45999717712402	0.583683729171753	3.45999717712402	1.62839019298553	3.45999717712402	0.0163885038346052	3.45999717712402	0.012657561339438	3.45999717712402	0.0126475263386965	3.45999717712402	0.0151629960164428	3.45999717712402	0.0165337901562452	3.45999717712402	0.0147045701742172	3.45999717712402	0.0148128494620323	3.45999717712402	0.0158852990716696	3.45999717712402	0.170704886317253	3.45999717712402	0.00799077190458775
3.46999716758728	312.619110107422	3.46999716758728	322.256591796875	3.46999716758728	326.084197998047	3.46999716758728	337.516906738281	3.46999716758728	346.281555175781	3.46999716758728	337.181640625	3.46999716758728	351.660034179687	3.46999716758728	344.377258300781	3.46999716758728	3231.1875	3.46999716758728	299.330718994141	3.46999716758728	1.24198055267334	3.46999716758728	4.26997900009155	3.46999716758728	5.22796249389648	3.46999716758728	6.94851303100586	3.46999716758728	5.42665338516235	3.46999716758728	6.81862211227417	3.46999716758728	7.79973649978638	3.46999716758728	8.10971546173096	3.46999716758728	9.03400421142578	3.46999716758728	6.74616241455078	3.46999716758728	2.33099675178528	3.46999716758728	2.28833246231079	3.46999716758728	2.46534252166748	3.46999716758728	1.62817859649658	3.46999716758728	1.78165411949158	3.46999716758728	3.60297846794128	3.46999716758728	0.249529838562012	3.46999716758728	-0.0341236591339111	3.46999716758728	0.575790166854858	3.46999716758728	2.03215479850769	3.46999716758728	0.0164906047284603	3.46999716758728	0.0127849262207747	3.46999716758728	0.012794578447938	3.46999716758728	0.0150064192712307	3.46999716758728	0.0164480619132519	3.46999716758728	0.014617576263845	3.46999716758728	0.0147442277520895	3.46999716758728	0.0152396010234952	3.46999716758728	0.170802190899849	3.46999716758728	0.00801713205873966
3.47999715805054	315.596588134766	3.47999715805054	324.569305419922	3.47999715805054	328.400482177734	3.47999715805054	340.203948974609	3.47999715805054	349.234466552734	3.47999715805054	339.804962158203	3.47999715805054	354.307830810547	3.47999715805054	347.062286376953	3.47999715805054	3261.94067382812	3.47999715805054	300.776184082031	3.47999715805054	0.691331148147583	3.47999715805054	4.00592613220215	3.47999715805054	4.8944730758667	3.47999715805054	6.48641300201416	3.47999715805054	5.25086498260498	3.47999715805054	6.33030700683594	3.47999715805054	7.48156356811523	3.47999715805054	7.32393503189087	3.47999715805054	11.1597137451172	3.47999715805054	5.75815725326538	3.47999715805054	2.91042542457581	3.47999715805054	2.43742704391479	3.47999715805054	2.64501857757568	3.47999715805054	1.84298229217529	3.47999715805054	1.88266468048096	3.47999715805054	3.79237031936646	3.47999715805054	0.392153263092041	3.47999715805054	0.470362901687622	3.47999715805054	1.14576065540314	3.47999715805054	2.77462387084961	3.47999715805054	0.0166814643889666	3.47999715805054	0.0129607794806361	3.47999715805054	0.0129926791414618	3.47999715805054	0.0149327646940947	3.47999715805054	0.0163944624364376	3.47999715805054	0.0146024534478784	3.47999715805054	0.014732881449163	3.47999715805054	0.0147571684792638	3.47999715805054	0.170476019382477	3.47999715805054	0.00805546250194311
3.48999714851379	318.616455078125	3.48999714851379	326.918060302734	3.48999714851379	330.756958007812	3.48999714851379	342.885192871094	3.48999714851379	352.1806640625	3.48999714851379	342.432037353516	3.48999714851379	356.958740234375	3.48999714851379	349.675140380859	3.48999714851379	3292.59692382812	3.48999714851379	302.229614257812	3.48999714851379	0.506464600563049	3.48999714851379	3.80872964859009	3.48999714851379	4.63588094711304	3.48999714851379	6.07672214508057	3.48999714851379	5.07463932037354	3.48999714851379	5.89548015594482	3.48999714851379	7.16016674041748	3.48999714851379	6.61011981964111	3.48999714851379	11.1170997619629	3.48999714851379	5.14480352401733	3.48999714851379	3.69170808792114	3.48999714851379	2.64585208892822	3.48999714851379	2.89634037017822	3.48999714851379	2.1950306892395	3.48999714851379	2.0279541015625	3.48999714851379	4.10687685012817	3.48999714851379	0.651384115219116	3.48999714851379	1.16573810577393	3.48999714851379	2.15460443496704	3.48999714851379	3.69509172439575	3.48999714851379	0.0169254764914513	3.48999714851379	0.0131794679909945	3.48999714851379	0.0132370116189122	3.48999714851379	0.0149438958615065	3.48999714851379	0.0163787622004747	3.48999714851379	0.0146610597148538	3.48999714851379	0.0147883659228683	3.48999714851379	0.0144465900957584	3.48999714851379	0.169990330934525	3.48999714851379	0.00810244213789702
3.49999713897705	321.684997558594	3.49999713897705	329.310089111328	3.49999713897705	333.16162109375	3.49999713897705	345.576110839844	3.49999713897705	355.127410888672	3.49999713897705	345.076293945313	3.49999713897705	359.625640869141	3.49999713897705	352.247589111328	3.49999713897705	3323.1513671875	3.49999713897705	303.692291259766	3.49999713897705	0.771194100379944	3.49999713897705	3.72629117965698	3.49999713897705	4.51227426528931	3.49999713897705	5.81658458709717	3.49999713897705	4.94553756713867	3.49999713897705	5.61669445037842	3.49999713897705	6.91135311126709	3.49999713897705	6.14248752593994	3.49999713897705	8.9468412399292	3.49999713897705	4.95040559768677	3.49999713897705	4.49431610107422	3.49999713897705	2.8662588596344	3.49999713897705	3.16231226921082	3.49999713897705	2.60502052307129	3.49999713897705	2.18184041976929	3.49999713897705	4.47476387023926	3.49999713897705	0.968350768089294	3.49999713897705	1.8871101140976	3.49999713897705	3.36127233505249	3.49999713897705	4.59296941757202	3.49999713897705	0.0171696487814188	3.49999713897705	0.0134247737005353	3.49999713897705	0.0135117573663592	3.49999713897705	0.0150210866704583	3.49999713897705	0.0163964461535215	3.49999713897705	0.0147774489596486	3.49999713897705	0.0149041302502155	3.49999713897705	0.0142734721302986	3.49999713897705	0.169643938541412	3.49999713897705	0.0081536453217268
3.50999712944031	324.797485351562	3.50999712944031	331.748626708984	3.50999712944031	335.618469238281	3.50999712944031	348.286834716797	3.50999712944031	358.080352783203	3.50999712944031	347.746734619141	3.50999712944031	362.318786621094	3.50999712944031	354.801239013672	3.50999712944031	3353.65600585937	3.50999712944031	305.16455078125	3.50999712944031	1.46754384040833	3.50999712944031	3.77914834022522	3.50999712944031	4.55165958404541	3.50999712944031	5.76593017578125	3.50999712944031	4.89935111999512	3.50999712944031	5.55793523788452	3.50999712944031	6.79256343841553	3.50999712944031	6.03187274932861	3.50999712944031	5.17978715896606	3.50999712944031	5.11531543731689	3.50999712944031	5.13762664794922	3.50999712944031	3.04993963241577	3.50999712944031	3.38419532775879	3.50999712944031	2.98275232315063	3.50999712944031	2.30748200416565	3.50999712944031	4.81413984298706	3.50999712944031	1.27258968353271	3.50999712944031	2.46911907196045	3.50999712944031	4.48580360412598	3.50999712944031	5.27962684631348	3.50999712944031	0.0173564646393061	3.50999712944031	0.0136740934103727	3.50999712944031	0.0137941539287567	3.50999712944031	0.0151301957666874	3.50999712944031	0.0164340995252132	3.50999712944031	0.0149222454056144	3.50999712944031	0.0150595372542739	3.50999712944031	0.0141702592372894	3.50999712944031	0.169698193669319	3.50999712944031	0.00820469576865435
3.51999711990356	327.9384765625	3.51999711990356	334.232391357422	3.51999711990356	338.126861572266	3.51999711990356	351.020111083984	3.51999711990356	361.041870117188	3.51999711990356	350.44580078125	3.51999711990356	365.043487548828	3.51999711990356	357.342590332031	3.51999711990356	3384.20654296875	3.51999711990356	306.64599609375	3.51999711990356	2.4863715171814	3.51999711990356	3.9577317237854	3.51999711990356	4.74595308303833	3.51999711990356	5.93680095672607	3.51999711990356	4.95326375961304	3.51999711990356	5.73314189910889	3.51999711990356	6.83163642883301	3.51999711990356	6.30454349517822	3.51999711990356	0.692814350128174	3.51999711990356	5.49503707885742	3.51999711990356	5.48030471801758	3.51999711990356	3.15762829780579	3.51999711990356	3.51446342468262	3.51999711990356	3.2471079826355	3.51999711990356	2.37495636940002	3.51999711990356	5.05119705200195	3.51999711990356	1.49788594245911	3.51999711990356	2.78179383277893	3.51999711990356	5.2721471786499	3.51999711990356	5.62103176116943	3.51999711990356	0.0174365192651749	3.51999711990356	0.0139037342742085	3.51999711990356	0.0140598146244884	3.51999711990356	0.0152299758046865	3.51999711990356	0.0164726469665766	3.51999711990356	0.0150597617030144	3.51999711990356	0.0152249494567513	3.51999711990356	0.0140532739460468	3.51999711990356	0.170318156480789	3.51999711990356	0.00825232546776533
3.52999711036682	331.084259033203	3.52999711036682	336.755737304687	3.52999711036682	340.681549072266	3.52999711036682	353.7705078125	3.52999711036682	364.010406494141	3.52999711036682	353.1689453125	3.52999711036682	367.798889160156	3.52999711036682	359.861633300781	3.52999711036682	3414.91967773438	3.52999711036682	308.135711669922	3.52999711036682	3.65116405487061	3.52999711036682	4.22539520263672	3.52999711036682	5.0539722442627	3.52999711036682	6.29250335693359	3.52999711036682	5.10298299789429	3.52999711036682	6.10513734817505	3.52999711036682	7.02217245101929	3.52999711036682	6.89919471740723	3.52999711036682	-3.4801652431488	3.52999711036682	5.89420413970947	3.52999711036682	5.44784069061279	3.52999711036682	3.16730856895447	3.52999711036682	3.52618598937988	3.52999711036682	3.34197568893433	3.52999711036682	2.36715340614319	3.52999711036682	5.1347975730896	3.52999711036682	1.59542262554169	3.52999711036682	2.75554752349854	3.52999711036682	5.53902339935303	3.52999711036682	5.56542158126831	3.52999711036682	0.0173785053193569	3.52999711036682	0.014094028621912	3.52999711036682	0.0142879812046885	3.52999711036682	0.0152812469750643	3.52999711036682	0.0164915230125189	3.52999711036682	0.0151559012010694	3.52999711036682	0.0153683172538877	3.52999711036682	0.0138420620933175	3.52999711036682	0.171537920832634	3.52999711036682	0.00829512253403664
3.53999710083008	334.207183837891	3.53999710083008	339.309783935547	3.53999710083008	343.273895263672	3.53999710083008	356.525726318359	3.53999710083008	366.980590820313	3.53999710083008	355.905639648438	3.53999710083008	370.578063964844	3.53999710083008	362.334228515625	3.53999710083008	3445.90625	3.53999710083008	309.632690429687	3.53999710083008	4.74920320510864	3.53999710083008	4.52544260025024	3.53999710083008	5.40940284729004	3.53999710083008	6.75420713424683	3.53999710083008	5.32312297821045	3.53999710083008	6.59230804443359	3.53999710083008	7.32442474365234	3.53999710083008	7.67761278152466	3.53999710083008	-6.35137319564819	3.53999710083008	6.10878705978394	3.53999710083008	5.04823970794678	3.53999710083008	3.07886457443237	3.53999710083008	3.41868090629578	3.53999710083008	3.2475311756134	3.53999710083008	2.28335642814636	3.53999710083008	5.04680156707764	3.53999710083008	1.54359602928162	3.53999710083008	2.39560389518738	3.53999710083008	5.21660852432251	3.53999710083008	5.15585660934448	3.53999710083008	0.0171756558120251	3.53999710083008	0.0142334923148155	3.53999710083008	0.014465861953795	3.53999710083008	0.01525535620749	3.53999710083008	0.0164730120450258	3.53999710083008	0.0151854595169425	3.53999710083008	0.0154620008543134	3.53999710083008	0.0134774353355169	3.53999710083008	0.173252835869789	3.53999710083008	0.00833386275917292
3.54999709129334	337.280548095703	3.54999709129334	341.884368896484	3.54999709129334	345.893768310547	3.54999709129334	359.269348144531	3.54999709129334	369.944061279297	3.54999709129334	358.641693115234	3.54999709129334	373.369689941406	3.54999709129334	364.727325439453	3.54999709129334	3477.24584960937	3.54999709129334	311.136260986328	3.54999709129334	5.56987762451172	3.54999709129334	4.79179430007935	3.54999709129334	5.73315620422363	3.54999709129334	7.21438646316528	3.54999709129334	5.57083797454834	3.54999709129334	7.08256912231445	3.54999709129334	7.67141914367676	3.54999709129334	8.44772911071777	3.54999709129334	-7.18738555908203	3.54999709129334	5.97317552566528	3.54999709129334	4.37544870376587	3.54999709129334	2.91540956497192	3.54999709129334	3.21924638748169	3.54999709129334	2.98660373687744	3.54999709129334	2.14047431945801	3.54999709129334	4.80785179138184	3.54999709129334	1.35416531562805	3.54999709129334	1.78559112548828	3.54999709129334	4.36809825897217	3.54999709129334	4.52613973617554	3.54999709129334	0.0168481469154358	3.54999709129334	0.0143214929848909	3.54999709129334	0.0145915234461427	3.54999709129334	0.0151408361271024	3.54999709129334	0.0164061915129423	3.54999709129334	0.0151379220187664	3.54999709129334	0.0154888899996877	3.54999709129334	0.0129359485581517	3.54999709129334	0.175238937139511	3.54999709129334	0.00837138760834932
3.55999708175659	340.283721923828	3.55999708175659	344.470153808594	3.55999708175659	348.531555175781	3.55999708175659	361.984405517578	3.55999708175659	372.891204833984	3.55999708175659	361.362243652344	3.55999708175659	376.160095214844	3.55999708175659	367.007080078125	3.55999708175659	3508.9677734375	3.55999708175659	312.646484375	3.55999708175659	5.95093154907227	3.55999708175659	4.9632453918457	3.55999708175659	5.95018625259399	3.55999708175659	7.55801296234131	3.55999708175659	5.79348659515381	3.55999708175659	7.45553350448608	3.55999708175659	7.98124837875366	3.55999708175659	9.00123310089111	3.55999708175659	-5.70473289489746	3.55999708175659	5.40615558624268	3.55999708175659	3.59663820266724	3.55999708175659	2.72019505500793	3.55999708175659	2.97962927818298	3.55999708175659	2.62396717071533	3.55999708175659	1.97107756137848	3.55999708175659	4.47670984268188	3.55999708175659	1.07311069965363	3.55999708175659	1.07656049728394	3.55999708175659	3.18958187103271	3.55999708175659	3.87652945518494	3.55999708175659	0.0164406597614288	3.55999708175659	0.0143689010292292	3.55999708175659	0.0146747920662165	3.55999708175659	0.0149471778422594	3.55999708175659	0.0162898879498243	3.55999708175659	0.0150207756087184	3.55999708175659	0.0154468948021531	3.55999708175659	0.0122385108843446	3.55999708175659	0.177198812365532	3.55999708175659	0.00841199327260256
3.56999707221985	343.206390380859	3.56999707221985	347.060821533203	3.56999707221985	351.180511474609	3.56999707221985	364.657470703125	3.56999707221985	375.812896728516	3.56999707221985	364.055450439453	3.56999707221985	378.936767578125	3.56999707221985	369.147247314453	3.56999707221985	3541.03979492188	3.56999707221985	314.164337158203	3.56999707221985	5.82634830474854	3.56999707221985	4.99978017807007	3.56999707221985	6.00921773910522	3.56999707221985	7.69085693359375	3.56999707221985	5.94058275222778	3.56999707221985	7.61204862594605	3.56999707221985	8.17591857910156	3.56999707221985	9.1654806137085	3.56999707221985	-2.2019898891449	3.56999707221985	4.4439492225647	3.56999707221985	2.91831493377686	3.56999707221985	2.54776096343994	3.56999707221985	2.76560997962952	3.56999707221985	2.25516104698181	3.56999707221985	1.81712830066681	3.56999707221985	4.1400899887085	3.56999707221985	0.773332834243774	3.56999707221985	0.456482410430908	3.56999707221985	1.97718894481659	3.56999707221985	3.42635583877563	3.56999707221985	0.0160140935331583	3.56999707221985	0.0143961384892464	3.56999707221985	0.0147355301305652	3.56999707221985	0.0147043205797672	3.56999707221985	0.0161338075995445	3.56999707221985	0.0148591175675392	3.56999707221985	0.0153505774214864	3.56999707221985	0.0114500056952238	3.56999707221985	0.178830116987228	3.56999707221985	0.00846035964787006
3.57999706268311	346.050537109375	3.57999706268311	349.654571533203	3.57999706268311	353.838409423828	3.57999706268311	367.282409667969	3.57999706268311	378.702941894531	3.57999706268311	366.715545654297	3.57999706268311	381.691223144531	3.57999706268311	371.137268066406	3.57999706268311	3573.37622070313	3.57999706268311	315.691528320313	3.57999706268311	5.25881099700928	3.57999706268311	4.89641809463501	3.57999706268311	5.89993762969971	3.57999706268311	7.56878137588501	3.57999706268311	5.97809791564941	3.57999706268311	7.5047779083252	3.57999706268311	8.20350646972656	3.57999706268311	8.85952377319336	3.57999706268311	2.44945859909058	3.57999706268311	3.24290561676025	3.57999706268311	2.53255820274353	3.57999706268311	2.44965839385986	3.57999706268311	2.63990259170532	3.57999706268311	1.9835170507431	3.57999706268311	1.71934950351715	3.57999706268311	3.8917498588562	3.57999706268311	0.537574827671051	3.57999706268311	0.101150512695312	3.57999706268311	1.05623710155487	3.57999706268311	3.3507719039917	3.57999706268311	0.0156315565109253	3.57999706268311	0.0144284050911665	3.57999706268311	0.0147990146651864	3.57999706268311	0.0144566642120481	3.57999706268311	0.0159570071846247	3.57999706268311	0.0146905919536948	3.57999706268311	0.0152286756783724	3.57999706268311	0.0106669953092933	3.57999706268311	0.179904729127884	3.57999706268311	0.00852022413164377
3.58999705314636	348.829772949219	3.58999705314636	352.254577636719	3.58999705314636	356.507934570313	3.58999705314636	369.8623046875	3.58999705314636	381.559295654297	3.58999705314636	369.344696044922	3.58999705314636	384.42138671875	3.58999705314636	372.986846923828	3.58999705314636	3605.85546875	3.58999705314636	317.230560302734	3.58999705314636	4.43587350845337	3.58999705314636	4.68793630599976	3.58999705314636	5.65983295440674	3.58999705314636	7.21637916564941	3.58999705314636	5.90016317367554	3.58999705314636	7.15771675109863	3.58999705314636	8.05613994598389	3.58999705314636	8.13179397583008	3.58999705314636	7.00864839553833	3.58999705314636	2.04050517082214	3.58999705314636	2.55737328529358	3.58999705314636	2.45853590965271	3.58999705314636	2.64290046691895	3.58999705314636	1.89004015922546	3.58999705314636	1.70485067367554	3.58999705314636	3.80514931678772	3.58999705314636	0.434676647186279	3.58999705314636	0.11956799030304	3.58999705314636	0.686128735542297	3.58999705314636	3.72191095352173	3.58999705314636	0.0153413712978363	3.58999705314636	0.0144888637587428	3.58999705314636	0.0148891182616353	3.58999705314636	0.0142519483342767	3.58999705314636	0.0157834440469742	3.58999705314636	0.0145559012889862	3.58999705314636	0.0151171945035458	3.58999705314636	0.00999351963400841	3.58999705314636	0.180337101221085	3.58999705314636	0.00859317649155855
3.59999704360962	351.565124511719	3.59999704360962	354.868011474609	3.59999704360962	359.196075439453	3.59999704360962	372.409240722656	3.59999704360962	384.384704589844	3.59999704360962	371.952606201172	3.59999704360962	387.132476806641	3.59999704360962	374.725067138672	3.59999704360962	3638.35522460937	3.59999704360962	318.783905029297	3.59999704360962	3.62101459503174	3.59999704360962	4.44032287597656	3.59999704360962	5.36522912979126	3.59999704360962	6.72408533096313	3.59999704360962	5.73258781433105	3.59999704360962	6.66339683532715	3.59999704360962	7.775071144104	3.59999704360962	7.15637874603271	3.59999704360962	10.2261209487915	3.59999704360962	1.08295059204102	3.59999704360962	2.99545502662659	3.59999704360962	2.57695746421814	3.59999704360962	2.7788724899292	3.59999704360962	2.00727677345276	3.59999704360962	1.77785420417786	3.59999704360962	3.90971660614014	3.59999704360962	0.497604846954346	3.59999704360962	0.516225457191467	3.59999704360962	0.975679516792297	3.59999704360962	4.48077058792114	3.59999704360962	0.0151625908911228	3.59999704360962	0.0145917795598507	3.59999704360962	0.0150212552398443	3.59999704360962	0.0141277918592095	3.59999704360962	0.0156355332583189	3.59999704360962	0.0144873252138495	3.59999704360962	0.0150495171546936	3.59999704360962	0.0095108775421977	3.59999704360962	0.180215626955032	3.59999704360962	0.00867805164307356
3.60999703407288	354.278289794922	3.60999703407288	357.503784179687	3.60999703407288	361.911804199219	3.60999703407288	374.941070556641	3.60999703407288	387.185791015625	3.60999703407288	374.554138183594	3.60999703407288	389.835296630859	3.60999703407288	376.393585205078	3.60999703407288	3670.783203125	3.60999703407288	320.353576660156	3.60999703407288	3.07486796379089	3.60999703407288	4.23110818862915	3.60999703407288	5.10862350463867	3.60999703407288	6.2220516204834	3.60999703407288	5.52573823928833	3.60999703407288	6.15609884262085	3.60999703407288	7.4391188621521	3.60999703407288	6.1820182800293	3.60999703407288	11.2279300689697	3.60999703407288	0.54711389541626	3.60999703407288	3.73122644424438	3.60999703407288	2.77626466751099	3.60999703407288	3.01419591903687	3.60999703407288	2.30876135826111	3.60999703407288	1.91789925098419	3.60999703407288	4.18127012252808	3.60999703407288	0.712868511676788	3.60999703407288	1.18854415416718	3.60999703407288	1.8466944694519	3.60999703407288	5.45475769042969	3.60999703407288	0.0150788901373744	3.60999703407288	0.0147381359711289	3.60999703407288	0.0151976579800248	3.60999703407288	0.0141005562618375	3.60999703407288	0.0155278211459518	3.60999703407288	0.0144991865381598	3.60999703407288	0.0150467548519373	3.60999703407288	0.0092521607875824	3.60999703407288	0.179781571030617	3.60999703407288	0.0087711988016963
3.61999702453613	356.984954833984	3.61999702453613	360.169830322266	3.61999702453613	364.663238525391	3.61999702453613	377.476715087891	3.61999702453613	389.971099853516	3.61999702453613	377.165069580078	3.61999702453613	392.54345703125	3.61999702453613	378.035675048828	3.61999702453613	3703.10522460937	3.61999702453613	321.940765380859	3.61999702453613	2.97924137115479	3.61999702453613	4.12657737731934	3.61999702453613	4.97152662277222	3.61999702453613	5.84127569198608	3.61999702453613	5.33962821960449	3.61999702453613	5.77185201644897	3.61999702453613	7.14110898971558	3.61999702453613	5.45395040512085	3.61999702453613	9.76641654968262	3.61999702453613	0.488474607467651	3.61999702453613	4.56753206253052	3.61999702453613	3.00588226318359	3.61999702453613	3.28822660446167	3.61999702453613	2.71819972991943	3.61999702453613	2.08632516860962	3.61999702453613	4.55042219161987	3.61999702453613	1.02555179595947	3.61999702453613	1.96029913425446	3.61999702453613	3.0609724521637	3.61999702453613	6.41304683685303	3.61999702453613	0.0150434914976358	3.61999702453613	0.0149153675884008	3.61999702453613	0.0154067128896713	3.61999702453613	0.0141607159748673	3.61999702453613	0.0154629908502102	3.61999702453613	0.0145838167518377	3.61999702453613	0.0151118002831936	3.61999702453613	0.00919200479984283	3.61999702453613	0.179360315203667	3.61999702453613	0.00886755809187889
3.62999701499939	359.689575195313	3.62999701499939	362.870544433594	3.62999701499939	367.455291748047	3.62999701499939	380.031036376953	3.62999701499939	392.748565673828	3.62999701499939	379.797760009766	3.62999701499939	395.269439697266	3.62999701499939	379.684814453125	3.62999701499939	3735.35205078125	3.62999701499939	323.545593261719	3.62999701499939	3.39164400100708	3.62999701499939	4.16450881958008	3.62999701499939	5.00321674346924	3.62999701499939	5.67769050598145	3.62999701499939	5.22743368148804	3.62999701499939	5.61134481430054	3.62999701499939	6.9621148109436	3.62999701499939	5.1417064666748	3.62999701499939	6.25884437561035	3.62999701499939	0.831212282180786	3.62999701499939	5.28436803817749	3.62999701499939	3.20844793319702	3.62999701499939	3.53142738342285	3.62999701499939	3.13283109664917	3.62999701499939	2.23778820037842	3.62999701499939	4.92384052276611	3.62999701499939	1.3564305305481	3.62999701499939	2.63427591323853	3.62999701499939	4.29397821426392	3.62999701499939	7.13475465774536	3.62999701499939	0.0149928918108344	3.62999701499939	0.0151010490953922	3.62999701499939	0.0156263578683138	3.62999701499939	0.0142760602757335	3.62999701499939	0.0154314432293177	3.62999701499939	0.0147141395136714	3.62999701499939	0.015228901989758	3.62999701499939	0.00925522204488516	3.62999701499939	0.179269850254059	3.62999701499939	0.00896212365478277
3.63999700546265	362.383758544922	3.63999700546265	365.60546875	3.63999700546265	370.287780761719	3.63999700546265	382.611114501953	3.63999700546265	395.523376464844	3.63999700546265	382.458038330078	3.63999700546265	398.021179199219	3.63999700546265	381.356475830078	3.63999700546265	3767.6123046875	3.63999700546265	325.167297363281	3.63999700546265	4.2378888130188	3.63999700546265	4.34650325775146	3.63999700546265	5.21051073074341	3.63999700546265	5.76979970932007	3.63999700546265	5.2226448059082	3.63999700546265	5.71657371520996	3.63999700546265	6.95183372497559	3.63999700546265	5.29651737213135	3.63999700546265	1.64322018623352	3.63999700546265	1.39534139633179	3.63999700546265	5.69693660736084	3.63999700546265	3.33495831489563	3.63999700546265	3.68370485305786	3.63999700546265	3.45087647438049	3.63999700546265	2.33224153518677	3.63999700546265	5.20928716659546	3.63999700546265	1.62340307235718	3.63999700546265	3.04377388954163	3.63999700546265	5.2230052947998	3.63999700546265	7.4668869972229	3.63999700546265	0.0148641252890229	3.63999700546265	0.0152689479291439	3.63999700546265	0.015829985961318	3.63999700546265	0.0144008658826351	3.63999700546265	0.0154141439124942	3.63999700546265	0.0148513270542026	3.63999700546265	0.0153682762756944	3.63999700546265	0.0093397106975317	3.63999700546265	0.179736226797104	3.63999700546265	0.00905129406601191
3.6499969959259	365.047698974609	3.6499969959259	368.368988037109	3.6499969959259	373.155517578125	3.6499969959259	385.214508056641	3.6499969959259	398.29638671875	3.6499969959259	385.143615722656	3.6499969959259	400.800018310547	3.6499969959259	383.045227050781	3.6499969959259	3800.0068359375	3.6499969959259	326.804595947266	3.6499969959259	5.33367919921875	3.6499969959259	4.63907289505005	3.6499969959259	5.5580415725708	3.6499969959259	6.09190845489502	3.6499969959259	5.33191967010498	3.6499969959259	6.06339740753174	3.6499969959259	7.11819076538086	3.6499969959259	5.84308576583862	3.6499969959259	-2.86681890487671	3.6499969959259	1.94548177719116	3.6499969959259	5.69897985458374	3.6499969959259	3.35620069503784	3.6499969959259	3.70844173431396	3.6499969959259	3.59542894363403	3.6499969959259	2.34431934356689	3.6499969959259	5.33730125427246	3.6499969959259	1.76096534729004	3.6499969959259	3.09059810638428	3.6499969959259	5.60434293746948	3.6499969959259	7.35978507995606	3.6499969959259	0.014610624872148	3.6499969959259	0.0153955332934856	3.6499969959259	0.0159930065274239	3.6499969959259	0.0144877461716533	3.6499969959259	0.0153875816613436	3.6499969959259	0.0149547858163714	3.6499969959259	0.0154938120394945	3.6499969959259	0.00934502482414246	3.6499969959259	0.180837452411652	3.6499969959259	0.0091337701305747
3.65999698638916	367.654815673828	3.65999698638916	371.151580810547	3.65999698638916	376.048919677734	3.65999698638916	387.830139160156	3.65999698638916	401.063751220703	3.65999698638916	387.844818115234	3.65999698638916	403.600189208984	3.65999698638916	384.727813720703	3.65999698638916	3832.65673828125	3.65999698638916	328.4560546875	3.65999698638916	6.42451095581055	3.65999698638916	4.98115634918213	3.65999698638916	5.97613096237183	3.65999698638916	6.56009578704834	3.65999698638916	5.53331184387207	3.65999698638916	6.56706809997559	3.65999698638916	7.42554759979248	3.65999698638916	6.59868049621582	3.65999698638916	-6.06409215927124	3.65999698638916	2.2488260269165	3.65999698638916	5.2877721786499	3.65999698638916	3.26954865455627	3.65999698638916	3.60100698471069	3.65999698638916	3.53194093704224	3.65999698638916	2.26921606063843	3.65999698638916	5.27706480026245	3.65999698638916	1.73512601852417	3.65999698638916	2.76722288131714	3.65999698638916	5.32978916168213	3.65999698638916	6.87961149215698	3.65999698638916	0.0142138293012977	3.65999698638916	0.0154655762016773	3.65999698638916	0.0160985924303532	3.65999698638916	0.0144992955029011	3.65999698638916	0.0153295211493969	3.65999698638916	0.0149920396506786	3.65999698638916	0.0155718335881829	3.65999698638916	0.0091989878565073	3.65999698638916	0.182484373450279	3.65999698638916	0.0092108566313982
3.66999697685242	370.177581787109	3.66999697685242	373.941680908203	3.66999697685242	378.956176757812	3.66999697685242	390.441040039063	3.66999697685242	403.817840576172	3.66999697685242	390.546752929687	3.66999697685242	406.410125732422	3.66999697685242	386.370483398438	3.66999697685242	3865.65185546875	3.66999697685242	330.120971679687	3.66999697685242	7.23983287811279	3.66999697685242	5.2968282699585	3.66999697685242	6.37505626678467	3.66999697685242	7.04910039901733	3.66999697685242	5.77975463867187	3.66999697685242	7.09903001785278	3.66999697685242	7.80081176757812	3.66999697685242	7.3139705657959	3.66999697685242	-7.03689193725586	3.66999697685242	2.1352117061615	3.66999697685242	4.5699610710144	3.66999697685242	3.10080242156982	3.66999697685242	3.39139127731323	3.66999697685242	3.27842998504639	3.66999697685242	2.12483692169189	3.66999697685242	5.04548645019531	3.66999697685242	1.55293154716492	3.66999697685242	2.16270422935486	3.66999697685242	4.45922088623047	3.66999697685242	6.19692659378052	3.66999697685242	0.0136890886351466	3.66999697685242	0.015476007014513	3.66999697685242	0.0161418579518795	3.66999697685242	0.0144175812602043	3.66999697685242	0.0152245881035924	3.66999697685242	0.0149468975141644	3.66999697685242	0.0155793875455856	3.66999697685242	0.00887755956500769	3.66999697685242	0.184439823031425	3.66999697685242	0.00928615499287844
3.67999696731567	372.594421386719	3.67999696731567	376.728271484375	3.67999696731567	381.865600585937	3.67999696731567	393.028839111328	3.67999696731567	406.548858642578	3.67999696731567	393.233123779297	3.67999696731567	409.215118408203	3.67999696731567	387.939514160156	3.67999696731567	3899.02734375	3.67999696731567	331.799255371094	3.67999696731567	7.56054067611694	3.67999696731567	5.51304388046265	3.67999696731567	6.66553640365601	3.67999696731567	7.42038536071777	3.67999696731567	6.00854825973511	3.67999696731567	7.51537418365479	3.67999696731567	8.14840507507324	3.67999696731567	7.73415374755859	3.67999696731567	-5.43380355834961	3.67999696731567	1.54987478256226	3.67999696731567	3.7439227104187	3.67999696731567	2.89994215965271	3.67999696731567	3.13952922821045	3.67999696731567	2.9057457447052	3.67999696731567	1.9493180513382	3.67999696731567	4.70722675323486	3.67999696731567	1.26445555686951	3.67999696731567	1.4484851360321	3.67999696731567	3.22100400924683	3.67999696731567	5.54906272888184	3.67999696731567	0.0130844488739967	3.67999696731567	0.0154372900724411	3.67999696731567	0.0161316152662039	3.67999696731567	0.0142497895285487	3.67999696731567	0.0150686912238598	3.67999696731567	0.0148244462907314	3.67999696731567	0.0155106298625469	3.67999696731567	0.00841422285884619	3.67999696731567	0.186374500393867	3.67999696731567	0.00936463940888643
3.68999695777893	374.895202636719	3.68999695777893	379.503540039063	3.68999695777893	384.768371582031	3.68999695777893	395.578704833984	3.68999695777893	409.247192382812	3.68999695777893	395.890502929687	3.68999695777893	412.000823974609	3.68999695777893	389.412384033203	3.68999695777893	3932.74853515625	3.68999695777893	333.491973876953	3.68999695777893	7.28968334197998	3.68999695777893	5.58044624328613	3.68999695777893	6.78355884552002	3.68999695777893	7.55976963043213	3.68999695777893	6.15715456008911	3.68999695777893	7.69552898406982	3.68999695777893	8.37426280975342	3.68999695777893	7.67493963241577	3.68999695777893	-1.63310074806213	3.68999695777893	0.582892417907715	3.68999695777893	3.05330967903137	3.68999695777893	2.72943067550659	3.68999695777893	2.92146182060242	3.68999695777893	2.52370357513428	3.68999695777893	1.79259967803955	3.68999695777893	4.36195373535156	3.68999695777893	0.953737497329712	3.68999695777893	0.83878743648529	3.68999695777893	1.96679472923279	3.68999695777893	5.17605638504028	3.68999695777893	0.0124707752838731	3.68999695777893	0.0153715154156089	3.68999695777893	0.0160888992249966	3.68999695777893	0.0140281086787581	3.68999695777893	0.0148710925132036	3.68999695777893	0.0146512147039175	3.68999695777893	0.0153796207159758	3.68999695777893	0.00789499469101429	3.68999695777893	0.187952771782875	3.68999695777893	0.00945125333964825
3.69999694824219	377.084686279297	3.69999694824219	382.264495849609	3.69999694824219	387.660522460937	3.69999694824219	398.083801269531	3.69999694824219	411.906188964844	3.69999694824219	398.512115478516	3.69999694824219	414.757354736328	3.69999694824219	390.786743164063	3.69999694824219	3966.72216796875	3.69999694824219	335.200988769531	3.69999694824219	6.50088596343994	3.69999694824219	5.49126672744751	3.69999694824219	6.71276140213013	3.69999694824219	7.41590070724487	3.69999694824219	6.18262481689453	3.69999694824219	7.58231115341187	3.69999694824219	8.41482925415039	3.69999694824219	7.09316396713257	3.69999694824219	3.28855228424072	3.69999694824219	-0.545124173164368	3.69999694824219	2.71512246131897	3.69999694824219	2.64590740203857	3.69999694824219	2.80722570419312	3.69999694824219	2.25143265724182	3.69999694824219	1.70222461223602	3.69999694824219	4.11734294891357	3.69999694824219	0.716641902923584	3.69999694824219	0.527956604957581	3.69999694824219	1.07531225681305	3.69999694824219	5.24276924133301	3.69999694824219	0.0119233429431915	3.69999694824219	0.0153068732470274	3.69999694824219	0.016041811555624	3.69999694824219	0.0138023290783167	3.69999694824219	0.0146528845652938	3.69999694824219	0.0144691579043865	3.69999694824219	0.0152178145945072	3.69999694824219	0.00743648828938603	3.69999694824219	0.18893164396286	3.69999694824219	0.00954932905733585
3.70999693870544	379.181640625	3.70999693870544	385.013916015625	3.70999693870544	390.543823242188	3.70999693870544	400.547912597656	3.70999693870544	414.524108886719	3.70999693870544	401.100189208984	3.70999693870544	417.482025146484	3.70999693870544	392.084045410156	3.70999693870544	4000.81811523438	3.70999693870544	336.9287109375	3.70999693870544	5.43249893188477	3.70999693870544	5.28554201126099	3.70999693870544	6.49389934539795	3.70999693870544	7.02335739135742	3.70999693870544	6.07747077941895	3.70999693870544	7.20669746398926	3.70999693870544	8.26042652130127	3.70999693870544	6.11768007278442	3.70999693870544	7.84962368011475	3.70999693870544	-1.54836618900299	3.70999693870544	2.84432554244995	3.70999693870544	2.68083429336548	3.70999693870544	2.83700609207153	3.70999693870544	2.1789813041687	3.70999693870544	1.70739638805389	3.70999693870544	4.05434656143188	3.70999693870544	0.630418539047241	3.70999693870544	0.623817801475525	3.70999693870544	0.828102350234985	3.70999693870544	5.77690267562866	3.70999693870544	0.0114989066496491	3.70999693870544	0.0152694461867213	3.70999693870544	0.0160174313932657	3.70999693870544	0.0136257279664278	3.70999693870544	0.0144414678215981	3.70999693870544	0.0143238753080368	3.70999693870544	0.0150656932964921	3.70999693870544	0.00714997854083777	3.70999693870544	0.18924206495285	3.70999693870544	0.00965936575084925
3.7199969291687	381.213226318359	3.7199969291687	387.759033203125	3.7199969291687	393.424774169922	3.7199969291687	402.984649658203	3.7199969291687	417.104522705078	3.7199969291687	403.665405273438	3.7199969291687	420.180145263672	3.7199969291687	393.345275878906	3.7199969291687	4034.90942382812	3.7199969291687	338.677307128906	3.7199969291687	4.41561841964722	3.7199969291687	5.04015207290649	3.7199969291687	6.21414136886597	3.7199969291687	6.495924949646	3.7199969291687	5.87413215637207	3.7199969291687	6.68234968185425	3.7199969291687	7.96140098571777	3.7199969291687	5.01446056365967	3.7199969291687	10.6494064331055	3.7199969291687	-2.17261552810669	3.7199969291687	3.40859460830688	3.7199969291687	2.828608751297	3.7199969291687	3.00596761703491	3.7199969291687	2.33547973632813	3.7199969291687	1.80803787708282	3.7199969291687	4.19856786727905	3.7199969291687	0.726697444915772	3.7199969291687	1.10662722587585	3.7199969291687	1.30744886398315	3.7199969291687	6.65372180938721	3.7199969291687	0.0112165426835418	3.7199969291687	0.0152749270200729	3.7199969291687	0.0160333123058081	3.7199969291687	0.013538253493607	3.7199969291687	0.0142623223364353	3.7199969291687	0.0142503660172224	3.7199969291687	0.0149605479091406	3.7199969291687	0.00710295280441642	3.7199969291687	0.189018949866295	3.7199969291687	0.0097787082195282
3.72999691963196	383.206817626953	3.72999691963196	390.509002685547	3.72999691963196	396.312194824219	3.72999691963196	405.413665771484	3.72999691963196	419.655639648438	3.72999691963196	406.223876953125	3.72999691963196	422.863586425781	3.72999691963196	394.619598388672	3.72999691963196	4068.91284179687	3.72999691963196	340.448211669922	3.72999691963196	3.7620370388031	3.72999691963196	4.84388589859009	3.72999691963196	5.97901296615601	3.72999691963196	5.98970937728882	3.72999691963196	5.63478946685791	3.72999691963196	6.16894340515137	3.72999691963196	7.61229991912842	3.72999691963196	4.09358930587769	3.72999691963196	10.8434343338013	3.72999691963196	-2.28213334083557	3.72999691963196	4.23763847351074	3.72999691963196	3.04825901985168	3.72999691963196	3.2655987739563	3.72999691963196	2.6790509223938	3.72999691963196	1.9744633436203	3.72999691963196	4.51138257980347	3.72999691963196	0.980627298355103	3.72999691963196	1.83524489402771	3.72999691963196	2.3662736415863	3.72999691963196	7.63847208023071	3.72999691963196	0.0110508324578404	3.72999691963196	0.0153235169127584	3.72999691963196	0.0160918347537518	3.72999691963196	0.0135533921420574	3.72999691963196	0.01413101144135	3.72999691963196	0.0142616722732782	3.72999691963196	0.0149246882647276	3.72999691963196	0.00729441829025745	3.72999691963196	0.188561946153641	3.72999691963196	0.00990233942866325
3.73999691009521	385.181030273438	3.73999691009521	393.271606445313	3.73999691009521	399.213989257812	3.73999691009521	407.854644775391	3.73999691009521	422.187377929687	3.73999691009521	408.7919921875	3.73999691009521	425.546813964844	3.73999691009521	395.949798583984	3.73999691009521	4102.81298828125	3.73999691009521	342.241760253906	3.73999691009521	3.66232824325562	3.73999691009521	4.76946783065796	3.73999691009521	5.8792290687561	3.73999691009521	5.65232801437378	3.73999691009521	5.43114328384399	3.73999691009521	5.82056856155395	3.73999691009521	7.32114839553833	3.73999691009521	3.60129022598267	3.73999691009521	8.40188789367676	3.73999691009521	-1.89986848831177	3.73999691009521	5.0821738243103	3.73999691009521	3.27769804000854	3.73999691009521	3.54053282737732	3.73999691009521	3.11226749420166	3.73999691009521	2.15766143798828	3.73999691009521	4.90418672561646	3.73999691009521	1.3204391002655	3.73999691009521	2.59649157524109	3.73999691009521	3.68209218978882	3.73999691009521	8.46618556976318	3.73999691009521	0.0109406933188438	3.73999691009521	0.0154000101611018	3.73999691009521	0.0161796044558287	3.73999691009521	0.0136540224775672	3.73999691009521	0.0140484906733036	3.73999691009521	0.0143449353054166	3.73999691009521	0.0149586498737335	3.73999691009521	0.00765532674267888	3.73999691009521	0.188239932060242	3.73999691009521	0.0100244916975498
3.74999690055847	387.140441894531	3.74999690055847	396.050476074219	3.74999690055847	402.134216308594	3.74999690055847	410.321411132812	3.74999690055847	424.708709716797	3.74999690055847	411.381561279297	3.74999690055847	428.242431640625	3.74999690055847	397.360229492188	3.74999690055847	4136.66650390625	3.74999690055847	344.057189941406	3.74999690055847	4.13288736343384	3.74999690055847	4.85332012176514	3.74999690055847	5.96540355682373	3.74999690055847	5.5793514251709	3.74999690055847	5.32292604446411	3.74999690055847	5.74054574966431	3.74999690055847	7.17724561691284	3.74999690055847	3.64400172233582	3.74999690055847	4.07801914215088	3.74999690055847	-1.19253897666931	3.74999690055847	5.69370126724243	3.74999690055847	3.45343971252441	3.74999690055847	3.75254011154175	3.74999690055847	3.51389813423157	3.74999690055847	2.30494260787964	3.74999690055847	5.26731967926025	3.74999690055847	1.65114736557007	3.74999690055847	3.17293000221252	3.74999690055847	4.86355543136597	3.74999690055847	8.92360877990723	3.74999690055847	0.0108096823096275	3.74999690055847	0.0154786882922053	3.74999690055847	0.0162717793136835	3.74999690055847	0.0137982675805688	3.74999690055847	0.0140012037009001	3.74999690055847	0.0144658470526338	3.74999690055847	0.0150415347889066	3.74999690055847	0.00807283539324999	3.74999690055847	0.188376352190971	3.74999690055847	0.0101404096931219
3.75999689102173	389.074371337891	3.75999689102173	398.843719482422	3.75999689102173	405.071411132812	3.75999689102173	412.818054199219	3.75999689102173	427.224639892578	3.75999689102173	413.996307373047	3.75999689102173	430.957366943359	3.75999689102173	398.850952148438	3.75999689102173	4170.58642578125	3.75999689102173	345.892883300781	3.75999689102173	5.01865386962891	3.75999689102173	5.08750820159912	3.75999689102173	6.23648834228516	3.75999689102173	5.79037618637085	3.75999689102173	5.34196138381958	3.75999689102173	5.95553207397461	3.75999689102173	7.22763347625732	3.75999689102173	4.16494560241699	3.75999689102173	-0.843718290328979	3.75999689102173	-0.416361808776855	3.75999689102173	5.89512014389038	3.75999689102173	3.52846336364746	3.75999689102173	3.84257984161377	3.75999689102173	3.77360439300537	3.75999689102173	2.37488746643066	3.75999689102173	5.5014705657959	3.75999689102173	1.8819739818573	3.75999689102173	3.40366744995117	3.75999689102173	5.56437873840332	3.75999689102173	8.90755176544189	3.75999689102173	0.0105896526947618	3.75999689102173	0.0155308749526739	3.75999689102173	0.0163393225520849	3.75999689102173	0.0139322746545076	3.75999689102173	0.013965392485261	3.75999689102173	0.0145790707319975	3.75999689102173	0.0151375234127045	3.75999689102173	0.00842682365328073	3.75999689102173	0.189154908061028	3.75999689102173	0.0102477036416531
3.76999688148499	390.960723876953	3.76999688148499	401.644012451172	3.76999688148499	408.018585205078	3.76999688148499	415.337921142578	3.76999688148499	429.735229492188	3.76999688148499	416.630737304687	3.76999688148499	433.690765380859	3.76999688148499	400.399627685547	3.76999688148499	4204.70458984375	3.76999688148499	347.747131347656	3.76999688148499	6.03732919692993	3.76999688148499	5.42259502410889	3.76999688148499	6.6410493850708	3.76999688148499	6.22571897506714	3.76999688148499	5.48420000076294	3.76999688148499	6.41030931472778	3.76999688148499	7.46575355529785	3.76999688148499	4.96634674072266	3.76999688148499	-4.90430927276611	3.76999688148499	0.154669284820557	3.76999688148499	5.62688016891479	3.76999688148499	3.4843442440033	3.76999688148499	3.7860906124115	3.76999688148499	3.8205931186676	3.76999688148499	2.34803581237793	3.76999688148499	5.54348516464233	3.76999688148499	1.95001292228699	3.76999688148499	3.22548174858093	3.76999688148499	5.57483434677124	3.76999688148499	8.45081901550293	3.76999688148499	0.0102407624945045	3.76999688148499	0.0155327916145325	3.76999688148499	0.0163569040596485	3.76999688148499	0.0140053927898407	3.76999688148499	0.0139139033854008	3.76999688148499	0.0146409487351775	3.76999688148499	0.0152059765532613	3.76999688148499	0.00862561631947756	3.76999688148499	0.190569043159485	3.76999688148499	0.010346963070333
3.77999687194824	392.772644042969	3.77999687194824	404.440063476562	3.77999687194824	410.964416503906	3.77999687194824	417.865478515625	3.77999687194824	432.235076904297	3.77999687194824	419.271667480469	3.77999687194824	436.434020996094	3.77999687194824	401.970092773438	3.77999687194824	4239.134765625	3.77999687194824	349.618530273438	3.77999687194824	6.85142850875854	3.77999687194824	5.77910327911377	3.77999687194824	7.08883047103882	3.77999687194824	6.76038789749145	3.77999687194824	5.70965766906738	3.77999687194824	6.98026990890503	3.77999687194824	7.83184909820557	3.77999687194824	5.763343334198	3.77999687194824	-6.85635757446289	3.77999687194824	0.304003477096558	3.77999687194824	4.96552181243897	3.77999687194824	3.33672428131103	3.77999687194824	3.60029864311218	3.77999687194824	3.64303970336914	3.77999687194824	2.23245191574097	3.77999687194824	5.38362979888916	3.77999687194824	1.83724117279053	3.77999687194824	2.69169616699219	3.77999687194824	4.88051795959473	3.77999687194824	7.71637773513794	3.77999687194824	0.00976384989917278	3.77999687194824	0.0154720628634095	3.77999687194824	0.0163097251206636	3.77999687194824	0.0139841167256236	3.77999687194824	0.0138237485662103	3.77999687194824	0.0146214496344328	3.77999687194824	0.0152124920859933	3.77999687194824	0.00863231439143419	3.77999687194824	0.19242288172245	3.77999687194824	0.0104415770620108
3.7899968624115	394.487213134766	3.7899968624115	407.219573974609	3.7899968624115	413.895904541016	3.7899968624115	420.380706787109	3.7899968624115	434.715209960937	3.7899968624115	421.901763916016	3.7899968624115	439.1728515625	3.7899968624115	403.524536132812	3.7899968624115	4273.9375	3.7899968624115	351.506530761719	3.7899968624115	7.16120100021362	3.7899968624115	6.06679439544678	3.7899968624115	7.47197008132935	3.7899968624115	7.23400354385376	3.7899968624115	5.95087432861328	3.7899968624115	7.50064611434937	3.7899968624115	8.22548007965088	3.7899968624115	6.26135396957398	3.7899968624115	-6.03031539916992	3.7899968624115	-0.0603786706924439	3.7899968624115	4.11124134063721	3.7899968624115	3.13313555717468	3.7899968624115	3.34221172332764	3.7899968624115	3.29543399810791	3.7899968624115	2.06325912475586	3.7899968624115	5.07186269760132	3.7899968624115	1.57852435112	3.7899968624115	1.96540498733521	3.7899968624115	3.6798369884491	3.7899968624115	6.95878314971924	3.7899968624115	0.0092027448117733	3.7899968624115	0.0153516558930278	3.7899968624115	0.0161980371922255	3.7899968624115	0.0138620967045426	3.7899968624115	0.0136829251423478	3.7899968624115	0.014513086527586	3.7899968624115	0.0151387751102448	3.7899968624115	0.00847689807415009	3.7899968624115	0.19438236951828	3.7899968624115	0.0105367917567492
3.79999685287476	396.093200683594	3.79999685287476	409.972015380859	3.79999685287476	416.801544189453	3.79999685287476	422.864929199219	3.79999685287476	437.165466308594	3.79999685287476	424.50439453125	3.79999685287476	441.891174316406	3.79999685287476	405.036407470703	3.79999685287476	4309.10302734375	3.79999685287476	353.411712646484	3.79999685287476	6.80544996261597	3.79999685287476	6.21040534973145	3.79999685287476	7.69493341445923	3.79999685287476	7.495530128479	3.79999685287476	6.13059043884277	3.79999685287476	7.81169509887695	3.79999685287476	8.53132820129395	3.79999685287476	6.24847984313965	3.79999685287476	-2.6013765335083	3.79999685287476	-0.864544689655304	3.79999685287476	3.3384153842926	3.79999685287476	2.94150424003601	3.79999685287476	3.09509325027466	3.79999685287476	2.88877987861633	3.79999685287476	1.89467000961304	3.79999685287476	4.70864391326904	3.79999685287476	1.25644159317017	3.79999685287476	1.28053903579712	3.79999685287476	2.34483551979065	3.79999685287476	6.45260047912598	3.79999685287476	0.00863448809832334	3.79999685287476	0.0151900658383966	3.79999685287476	0.0160381179302931	3.79999685287476	0.0136636532843113	3.79999685287476	0.0134948203340173	3.79999685287476	0.0143345221877098	3.79999685287476	0.0149890435859561	3.79999685287476	0.00825034361332655	3.79999685287476	0.196069598197937	3.79999685287476	0.0106381447985768
3.80999684333801	397.596252441406	3.80999684333801	412.691711425781	3.80999684333801	419.673980712891	3.80999684333801	425.306518554687	3.80999684333801	439.57763671875	3.80999684333801	427.068542480469	3.80999684333801	444.575744628906	3.80999684333801	406.501068115234	3.80999684333801	4344.54736328125	3.80999684333801	355.335693359375	3.80999684333801	5.83684635162354	3.80999684333801	6.17604875564575	3.80999684333801	7.70687627792358	3.80999684333801	7.45424365997314	3.80999684333801	6.18644714355469	3.80999684333801	7.81185388565063	3.80999684333801	8.65514659881592	3.80999684333801	5.67909669876099	3.80999684333801	2.37350416183472	3.80999684333801	-1.87720108032227	3.80999684333801	2.91072058677673	3.80999684333801	2.82949805259705	3.80999684333801	2.94333410263062	3.80999684333801	2.55993437767029	3.80999684333801	1.78406929969788	3.80999684333801	4.41707706451416	3.80999684333801	0.979223728179932	3.80999684333801	0.870599269866943	3.80999684333801	1.31509983539581	3.80999684333801	6.40019130706787	3.80999684333801	0.0081471623852849	3.80999684333801	0.0150168118998408	3.80999684333801	0.0158585272729397	3.80999684333801	0.01343834400177	3.80999684333801	0.0132784070447087	3.80999684333801	0.0141266826540232	3.80999684333801	0.0147904017940164	3.80999684333801	0.00807848200201988	3.80999684333801	0.197181552648544	3.80999684333801	0.010749620385468
3.81999683380127	399.018890380859	3.81999683380127	415.379150390625	3.81999683380127	422.512329101562	3.81999683380127	427.705139160156	3.81999683380127	441.9482421875	3.81999683380127	429.592620849609	3.81999683380127	447.220153808594	3.81999683380127	407.939727783203	3.81999683380127	4380.14013671875	3.81999683380127	357.280639648438	3.81999683380127	4.52613830566406	3.81999683380127	5.98709297180176	3.81999683380127	7.52368450164795	3.81999683380127	7.11791276931763	3.81999683380127	6.09461688995361	3.81999683380127	7.49920845031738	3.81999683380127	8.5587100982666	3.81999683380127	4.70790100097656	3.81999683380127	7.25334644317627	3.81999683380127	-2.78098559379578	3.81999683380127	2.98433184623718	3.81999683380127	2.840252161026	3.81999683380127	2.94227266311646	3.81999683380127	2.42526173591614	3.81999683380127	1.7718939781189	3.81999683380127	4.30122995376587	3.81999683380127	0.844757318496704	3.81999683380127	0.88397479057312	3.81999683380127	0.945045709609985	3.81999683380127	6.85234498977661	3.81999683380127	0.00781019637361169	3.81999683380127	0.0148635767400265	3.81999683380127	0.015691764652729	3.81999683380127	0.0132462186738849	3.81999683380127	0.013063095510006	3.81999683380127	0.0139407953247428	3.81999683380127	0.0145855909213424	3.81999683380127	0.00807960890233517	3.81999683380127	0.197597250342369	3.81999683380127	0.0108721321448684
3.82999682426453	400.394409179687	3.82999682426453	418.040802001953	3.82999682426453	425.321868896484	3.82999682426453	430.072174072266	3.82999682426453	444.280212402344	3.82999682426453	432.085235595703	3.82999682426453	449.827117919922	3.82999682426453	409.394165039063	3.82999682426453	4415.7451171875	3.82999682426453	359.248687744141	3.82999682426453	3.27229952812195	3.82999682426453	5.71913623809814	3.82999682426453	7.22625350952148	3.82999682426453	6.59613418579102	3.82999682426453	5.88085460662842	3.82999682426453	6.97839403152466	3.82999682426453	8.27697563171387	3.82999682426453	3.64258933067322	3.82999682426453	10.3905630111694	3.82999682426453	-3.28661131858826	3.82999682426453	3.54325532913208	3.82999682426453	2.97517251968384	3.82999682426453	3.09614610671997	3.82999682426453	2.53689169883728	3.82999682426453	1.86580967903137	3.82999682426453	4.40701961517334	3.82999682426453	0.90428614616394	3.82999682426453	1.32383501529694	3.82999682426453	1.3667106628418	3.82999682426453	7.68225717544556	3.82999682426453	0.00764820724725723	3.82999682426453	0.0147536136209965	3.82999682426453	0.0155635830014944	3.82999682426453	0.0131375445052981	3.82999682426453	0.0128791863098741	3.82999682426453	0.0138213401660323	3.82999682426453	0.0144192958250642	3.82999682426453	0.00831999164074659	3.82999682426453	0.197428524494171	3.82999682426453	0.0110030304640532
3.83999681472778	401.756500244141	3.83999681472778	420.686553955078	3.83999681472778	428.111785888672	3.83999681472778	432.427124023438	3.83999681472778	446.581939697266	3.83999681472778	434.562316894531	3.83999681472778	452.407623291016	3.83999681472778	410.913391113281	3.83999681472778	4451.26708984375	3.83999681472778	361.240997314453	3.83999681472778	2.45175623893738	3.83999681472778	5.47388601303101	3.83999681472778	6.93292713165283	3.83999681472778	6.06256484985352	3.83999681472778	5.61212539672852	3.83999681472778	6.42492008209229	3.83999681472778	7.9070405960083	3.83999681472778	2.82756805419922	3.83999681472778	10.7408590316772	3.83999681472778	-3.23928880691528	3.83999681472778	4.40263652801514	3.83999681472778	3.19294595718384	3.83999681472778	3.35585689544678	3.83999681472778	2.86289620399475	3.83999681472778	2.03738355636597	3.83999681472778	4.7048397064209	3.83999681472778	1.14314818382263	3.83999681472778	2.04506540298462	3.83999681472778	2.43751096725464	3.83999681472778	8.63073825836182	3.83999681472778	0.00763101316988468	3.83999681472778	0.0146936411038041	3.83999681472778	0.0154841486364603	3.83999681472778	0.0131349069997668	3.83999681472778	0.0127474088221788	3.83999681472778	0.0137904407456517	3.83999681472778	0.0143228759989142	3.83999681472778	0.00878729298710823	3.83999681472778	0.19698566198349	3.83999681472778	0.011136943474412
3.84999680519104	403.128540039063	3.84999680519104	423.326049804687	3.84999680519104	430.891784667969	3.84999680519104	434.791168212891	3.84999680519104	448.864624023438	3.84999680519104	437.041809082031	3.84999680519104	454.97705078125	3.84999680519104	412.537139892578	3.84999680519104	4486.68505859375	3.84999680519104	363.257690429687	3.84999680519104	2.27946734428406	3.84999680519104	5.34376049041748	3.84999680519104	6.75847434997559	3.84999680519104	5.69288301467895	3.84999680519104	5.37253761291504	3.84999680519104	6.02287817001343	3.84999680519104	7.57358837127686	3.84999680519104	2.51528215408325	3.84999680519104	8.22021579742432	3.84999680519104	-2.66935634613037	3.84999680519104	5.27886629104614	3.84999680519104	3.4251766204834	3.84999680519104	3.6375412940979	3.84999680519104	3.30053544044495	3.84999680519104	2.2329044342041	3.84999680519104	5.10183143615723	3.84999680519104	1.48748850822449	3.84999680519104	2.80955934524536	3.84999680519104	3.7978401184082	3.84999680519104	9.40137672424316	3.84999680519104	0.00768518494442105	3.84999680519104	0.0146717084571719	3.84999680519104	0.0154447723180056	3.84999680519104	0.0132253663614392	3.84999680519104	0.0126718692481518	3.84999680519104	0.0138403028249741	3.84999680519104	0.0143037643283606	3.84999680519104	0.00939502567052841	3.84999680519104	0.19666887819767	3.84999680519104	0.0112676350399852
3.8599967956543	404.516754150391	3.8599967956543	425.964965820313	3.8599967956543	433.668273925781	3.8599967956543	437.179870605469	3.8599967956543	451.138732910156	3.8599967956543	439.537536621094	3.8599967956543	457.550018310547	3.8599967956543	414.282958984375	3.8599967956543	4522.056640625	3.8599967956543	365.297668457031	3.8599967956543	2.74158906936646	3.8599967956543	5.3825945854187	3.8599967956543	6.77768421173096	3.8599967956543	5.6069483757019	3.8599967956543	5.23511600494385	3.8599967956543	5.9045729637146	3.8599967956543	7.38742113113403	3.8599967956543	2.78446388244629	3.8599967956543	3.68606448173523	3.8599967956543	-1.77346158027649	3.8599967956543	5.8894248008728	3.8599967956543	3.600257396698	3.8599967956543	3.85191965103149	3.8599967956543	3.713294506073	3.8599967956543	2.39229774475098	3.8599967956543	5.47538900375366	3.8599967956543	1.8312132358551	3.8599967956543	3.36991190910339	3.8599967956543	5.00180149078369	3.8599967956543	9.76016521453857	3.8599967956543	0.00772141665220261	3.8599967956543	0.0146615775302053	3.8599967956543	0.015421218238771	3.8599967956543	0.0133654633536935	3.8599967956543	0.0126390615478158	3.8599967956543	0.0139364078640938	3.8599967956543	0.0143435141071677	3.8599967956543	0.0100147360935807	3.8599967956543	0.196831122040749	3.8599967956543	0.0113900909200311
3.86999678611755	405.909881591797	3.86999678611755	428.603118896484	3.86999678611755	436.441986083984	3.86999678611755	439.598266601562	3.86999678611755	453.410827636719	3.86999678611755	442.054748535156	3.86999678611755	460.135406494141	3.86999678611755	416.141387939453	3.86999678611755	4557.50048828125	3.86999678611755	367.35888671875	3.86999678611755	3.61016654968262	3.86999678611755	5.59105682373047	3.86999678611755	7.00467967987061	3.86999678611755	5.83440208435059	3.86999678611755	5.23969507217407	3.86999678611755	6.11238288879395	3.86999678611755	7.41233921051025	3.86999678611755	3.52630352973938	3.86999678611755	-1.37667298316956	3.86999678611755	-0.846317648887634	3.86999678611755	6.0415358543396	3.86999678611755	3.66571044921875	3.86999678611755	3.93222379684448	3.86999678611755	3.97436237335205	3.86999678611755	2.46803855895996	3.86999678611755	5.71218109130859	3.86999678611755	2.07004690170288	3.86999678611755	3.54696655273438	3.86999678611755	5.66071462631226	3.86999678611755	9.60565757751465	3.86999678611755	0.00766558013856411	3.86999678611755	0.0146313924342394	3.86999678611755	0.0153817031532526	3.86999678611755	0.0134958848357201	3.86999678611755	0.0126226516440511	3.86999678611755	0.0140291629359126	3.86999678611755	0.0144042735919356	3.86999678611755	0.0105199757963419	3.86999678611755	0.197664365172386	3.86999678611755	0.0115020638331771
3.87999677658081	407.284637451172	3.87999677658081	431.234069824219	3.87999677658081	439.207122802734	3.87999677658081	442.039245605469	3.87999677658081	455.681427001953	3.87999677658081	444.58837890625	3.87999677658081	462.733673095703	3.87999677658081	418.080444335937	3.87999677658081	4593.1552734375	3.87999677658081	369.439331054687	3.87999677658081	4.51785564422607	3.87999677658081	5.91713523864746	3.87999677658081	7.3896107673645	3.87999677658081	6.30785799026489	3.87999677658081	5.38147878646851	3.87999677658081	6.58809947967529	3.87999677658081	7.64730834960937	3.87999677658081	4.48506832122803	3.87999677658081	-5.31279039382935	3.87999677658081	-0.191166639328003	3.87999677658081	5.68773651123047	3.87999677658081	3.60329747200012	3.87999677658081	3.85354590415955	3.87999677658081	4.00365734100342	3.87999677658081	2.43885040283203	3.87999677658081	5.74120044708252	3.87999677658081	2.13197135925293	3.87999677658081	3.28199219703674	3.87999677658081	5.55745601654053	3.87999677658081	8.99704170227051	3.87999677658081	0.00748311541974545	3.87999677658081	0.0145535077899694	3.87999677658081	0.0152966724708676	3.87999677658081	0.0135600240901113	3.87999677658081	0.0125918881967664	3.87999677658081	0.0140693606808782	3.87999677658081	0.0144406706094742	3.87999677658081	0.0108258370310068	3.87999677658081	0.199141457676888	3.87999677658081	0.0116047039628029
3.88999676704407	408.615203857422	3.88999676704407	433.846649169922	3.88999676704407	441.952911376953	3.88999676704407	444.48583984375	3.88999676704407	457.945159912109	3.88999676704407	447.124481201172	3.88999676704407	465.336242675781	3.88999676704407	420.056610107422	3.88999676704407	4629.1337890625	3.88999676704407	371.537384033203	3.88999676704407	5.06871652603149	3.88999676704407	6.26946926116943	3.88999676704407	7.83089256286621	3.88999676704407	6.88042259216309	3.88999676704407	5.61112880706787	3.88999676704407	7.18736362457275	3.88999676704407	8.02500724792481	3.88999676704407	5.33316326141357	3.88999676704407	-6.78663730621338	3.88999676704407	-0.0287909507751465	3.88999676704407	4.94305086135864	3.88999676704407	3.43520855903625	3.88999676704407	3.64126658439636	3.88999676704407	3.79252457618713	3.88999676704407	2.31642198562622	3.88999676704407	5.55550765991211	3.88999676704407	1.99905622005463	3.88999676704407	2.65759468078613	3.88999676704407	4.71470594406128	3.88999676704407	8.14063549041748	3.88999676704407	0.00719104008749127	3.88999676704407	0.0144130140542984	3.88999676704407	0.0151478182524443	3.88999676704407	0.0135212847962976	3.88999676704407	0.012521168217063	3.88999676704407	0.0140231782570481	3.88999676704407	0.0144135905429721	3.88999676704407	0.0109144393354654	3.88999676704407	0.201023831963539	3.88999676704407	0.0117022031918168
3.89999675750732	409.88330078125	3.89999675750732	436.428375244141	3.89999675750732	444.666137695313	3.89999675750732	446.916198730469	3.89999675750732	460.192626953125	3.89999675750732	449.644470214844	3.89999675750732	467.928283691406	3.89999675750732	422.029205322266	3.89999675750732	4665.4873046875	3.89999675750732	373.652557373047	3.89999675750732	4.96789455413818	3.89999675750732	6.54242753982544	3.89999675750732	8.20207691192627	3.89999675750732	7.3655948638916	3.89999675750732	5.84712028503418	3.89999675750732	7.71805763244629	3.89999675750732	8.42790699005127	3.89999675750732	5.768967628479	3.89999675750732	-5.22525882720947	3.89999675750732	-0.421300768852234	3.89999675750732	4.05927515029907	3.89999675750732	3.21973586082458	3.89999675750732	3.36647272109985	3.89999675750732	3.41136741638184	3.89999675750732	2.14379906654358	3.89999675750732	5.21867895126343	3.89999675750732	1.71664190292358	3.89999675750732	1.88173305988312	3.89999675750732	3.40398097038269	3.89999675750732	7.3342227935791	3.89999675750732	0.00685483496636152	3.89999675750732	0.0142130451276898	3.89999675750732	0.0149343479424715	3.89999675750732	0.0133752357214689	3.89999675750732	0.012398480437696	3.89999675750732	0.0138833308592439	3.89999675750732	0.0143026690930128	3.89999675750732	0.0108417244628072	3.89999675750732	0.202931970357895	3.89999675750732	0.0118005238473415
3.90999674797058	411.086883544922	3.90999674797058	438.968719482422	3.90999674797058	447.335083007812	3.90999674797058	449.310607910156	3.90999674797058	462.413299560547	3.90999674797058	452.130889892578	3.90999674797058	470.492767333984	3.90999674797058	423.974182128906	3.90999674797058	4702.1865234375	3.90999674797058	375.785522460937	3.90999674797058	4.14028787612915	3.90999674797058	6.65011119842529	3.90999674797058	8.39142513275146	3.90999674797058	7.59600305557251	3.90999674797058	6.00052356719971	3.90999674797058	7.99991416931152	3.90999674797058	8.72257137298584	3.90999674797058	5.62217712402344	3.90999674797058	-1.09053349494934	3.90999674797058	-1.23571753501892	3.90999674797058	3.35138249397278	3.90999674797058	3.03474640846252	3.90999674797058	3.12606263160706	3.90999674797058	2.99345827102661	3.90999674797058	1.98374199867249	3.90999674797058	4.84999418258667	3.90999674797058	1.38414311408997	3.90999674797058	1.22814083099365	3.90999674797058	2.07678914070129	3.90999674797058	6.87237024307251	3.90999674797058	0.00656894873827696	3.90999674797058	0.0139750745147467	3.90999674797058	0.014674567617476	3.90999674797058	0.0131529960781336	3.90999674797058	0.0122303441166878	3.90999674797058	0.0136731127277017	3.90999674797058	0.0141141470521688	3.90999674797058	0.0107222646474838	3.90999674797058	0.204465970396996	3.90999674797058	0.0119054559618235
3.91999673843384	412.243560791016	3.91999673843384	441.462829589844	3.91999673843384	449.953125	3.91999673843384	451.658142089844	3.91999673843384	464.599639892578	3.91999673843384	454.573150634766	3.91999673843384	473.016326904297	3.91999673843384	425.893463134766	3.91999673843384	4739.12890625	3.91999673843384	377.937957763672	3.91999673843384	2.78522324562073	3.91999673843384	6.55991649627686	3.91999673843384	8.34407615661621	3.91999673843384	7.48665904998779	3.91999673843384	6.00730609893799	3.91999673843384	7.93148469924927	3.91999673843384	8.8064661026001	3.91999673843384	4.93142318725586	3.91999673843384	4.18734931945801	3.91999673843384	-2.17541408538818	3.91999673843384	3.08605408668518	3.91999673843384	2.95074152946472	3.91999673843384	3.00934958457947	3.91999673843384	2.69210696220398	3.91999673843384	1.89764940738678	3.91999673843384	4.58608245849609	3.91999673843384	1.12406051158905	3.91999673843384	0.939759254455566	3.91999673843384	1.21442008018494	3.91999673843384	6.9363579750061	3.91999673843384	0.0064238510094583	3.91999673843384	0.0137329623103142	3.91999673843384	0.0144011611118913	3.91999673843384	0.0129129160195589	3.91999673843384	0.0120408739894629	3.91999673843384	0.0134405232965946	3.91999673843384	0.0138806570321322	3.91999673843384	0.0106919715180993	3.91999673843384	0.205346092581749	3.91999673843384	0.0120205106213689
3.9299967288971	413.386810302734	3.9299967288971	443.912933349609	3.9299967288971	452.520721435547	3.9299967288971	453.960845947266	3.9299967288971	466.749938964844	3.9299967288971	456.971527099609	3.9299967288971	475.493896484375	3.9299967288971	427.815277099609	3.9299967288971	4776.169921875	3.9299967288971	380.112030029297	3.9299967288971	1.31750106811523	3.9299967288971	6.30968189239502	3.9299967288971	8.08798980712891	3.9299967288971	7.07486057281494	3.9299967288971	5.85538291931152	3.9299967288971	7.53591299057007	3.9299967288971	8.64979457855225	3.9299967288971	3.9465594291687	3.9299967288971	8.69634342193603	3.9299967288971	-2.88462471961975	3.9299967288971	3.37274789810181	3.9299967288971	3.00279092788696	3.9299967288971	3.0625581741333	3.9299967288971	2.62261033058166	3.9299967288971	1.9216685295105	3.9299967288971	4.52924728393555	3.9299967288971	1.03639459609985	3.9299967288971	1.12962734699249	3.9299967288971	1.14066529273987	3.9299967288971	7.51500177383423	3.9299967288971	0.00647024344652891	3.9299967288971	0.013521577231586	3.9299967288971	0.0141504900529981	3.9299967288971	0.0127209667116404	3.9299967288971	0.0118640065193176	3.9299967288971	0.013242406770587	3.9299967288971	0.013651117682457	3.9299967288971	0.0108576798811555	3.9299967288971	0.205522865056992	3.9299967288971	0.0121454549953341
3.93999671936035	414.555633544922	3.93999671936035	446.327819824219	3.93999671936035	455.045288085937	3.93999671936035	456.233337402344	3.93999671936035	468.869476318359	3.93999671936035	459.337310791016	3.93999671936035	477.930419921875	3.93999671936035	429.784576416016	3.93999671936035	4813.18017578125	3.93999671936035	382.309448242188	3.93999671936035	0.201961040496826	3.93999671936035	5.9961051940918	3.93999671936035	7.72699594497681	3.93999671936035	6.51131534576416	3.93999671936035	5.59170627593994	3.93999671936035	6.95774841308594	3.93999671936035	8.31047821044922	3.93999671936035	3.03591442108154	3.93999671936035	10.7895736694336	3.93999671936035	-3.08728289604187	3.93999671936035	4.11368227005005	3.93999671936035	3.17530536651611	3.93999671936035	3.26874589920044	3.93999671936035	2.81511306762695	3.93999671936035	2.05141758918762	3.93999671936035	4.70578193664551	3.93999671936035	1.15832793712616	3.93999671936035	1.73014330863953	3.93999671936035	1.88579761981964	3.93999671936035	8.40284252166748	3.93999671936035	0.00669691665098071	3.93999671936035	0.0133639238774776	3.93999671936035	0.0139494007453322	3.93999671936035	0.0126261813566089	3.93999671936035	0.011731063015759	3.93999671936035	0.0131235420703888	3.93999671936035	0.0134732713922858	3.93999671936035	0.0112537564709783	3.93999671936035	0.205204144120216	3.93999671936035	0.0122762518003583
3.94999670982361	415.781494140625	3.94999670982361	448.719116210937	3.94999670982361	457.538055419922	3.94999670982361	458.497528076172	3.94999670982361	470.969085693359	3.94999670982361	461.688873291016	3.94999670982361	480.339599609375	3.94999670982361	431.845916748047	3.94999670982361	4850.08837890625	3.94999670982361	384.530944824219	3.94999670982361	-0.237991571426392	3.94999670982361	5.73787975311279	3.94999670982361	7.40159368515015	3.94999670982361	6.00226974487305	3.94999670982361	5.30427312850952	3.94999670982361	6.40786790847778	3.94999670982361	7.9125804901123	3.94999670982361	2.53857564926147	3.94999670982361	9.73101711273193	3.94999670982361	-2.69294667243958	3.94999670982361	5.04304122924805	3.94999670982361	3.40827226638794	3.94999670982361	3.554527759552	3.94999670982361	3.20304751396179	3.94999670982361	2.24371218681335	3.94999670982361	5.05599975585937	3.94999670982361	1.44987154006958	3.94999670982361	2.52034759521484	3.94999670982361	3.17567896842957	3.94999670982361	9.28073120117187	3.94999670982361	0.00703461747616529	3.94999670982361	0.0132624758407474	3.94999670982361	0.0138052301481366	3.94999670982361	0.0126417940482497	3.94999670982361	0.0116588491946459	3.94999670982361	0.0130996154621243	3.94999670982361	0.013375879265368	3.94999670982361	0.0118273682892323	3.94999670982361	0.204778909683228	3.94999670982361	0.012406530790031
3.95999670028687	417.078094482422	3.95999670028687	451.097229003906	3.95999670028687	460.010070800781	3.95999670028687	460.774444580078	3.95999670028687	473.061187744141	3.95999670028687	464.044647216797	3.95999670028687	482.738494873047	3.95999670028687	434.026458740234	3.95999670028687	4886.91015625	3.95999670028687	386.775848388672	3.95999670028687	0.0589618682861328	3.95999670028687	5.63160610198975	3.95999670028687	7.23680686950684	3.95999670028687	5.7313871383667	3.95999670028687	5.08831977844238	3.95999670028687	6.0838885307312	3.95999670028687	7.59910297393799	3.95999670028687	2.63722896575928	3.95999670028687	5.93710803985596	3.95999670028687	-1.82319664955139	3.95999670028687	5.83272504806519	3.95999670028687	3.62102746963501	3.95999670028687	3.81918740272522	3.95999670028687	3.6509382724762	3.95999670028687	2.43387746810913	3.95999670028687	5.45921230316162	3.95999670028687	1.81111741065979	3.95999670028687	3.21443152427673	3.95999670028687	4.54559946060181	3.95999670028687	9.8374137878418	3.95999670028687	0.007384252268821	3.95999670028687	0.0131985703483224	3.95999670028687	0.0137034263461828	3.95999670028687	0.0127405906096101	3.95999670028687	0.0116435317322612	3.95999670028687	0.0131516754627228	3.95999670028687	0.0133583275601268	3.95999670028687	0.0124596888199449	3.95999670028687	0.204670384526253	3.95999670028687	0.0125299487262964
3.96999669075012	418.438720703125	3.96999669075012	453.467224121094	3.96999669075012	462.467529296875	3.96999669075012	463.07666015625	3.96999669075012	475.155670166016	3.96999669075012	466.416625976562	3.96999669075012	485.141387939453	3.96999669075012	436.326110839844	3.96999669075012	4923.7412109375	3.96999669075012	389.042327880859	3.96999669075012	0.884309768676758	3.96999669075012	5.71940040588379	3.96999669075012	7.29989433288574	3.96999669075012	5.79669332504273	3.96999669075012	5.01267385482788	3.96999669075012	6.10224008560181	3.96999669075012	7.48189449310303	3.96999669075012	3.30403852462769	3.96999669075012	0.772205471992493	3.96999669075012	-0.759979248046875	3.96999669075012	6.21062135696411	3.96999669075012	3.74125671386719	3.96999669075012	3.97105860710144	3.96999669075012	4.0045919418335	3.96999669075012	2.55931949615479	3.96999669075012	5.77839994430542	3.96999669075012	2.1196072101593	3.96999669075012	3.5654239654541	3.96999669075012	5.51279211044312	3.96999669075012	9.87683200836182	3.96999669075012	0.0076551204547286	3.96999669075012	0.0131395999342203	3.96999669075012	0.0136132575571537	3.96999669075012	0.0128655796870589	3.96999669075012	0.0116624748334289	3.96999669075012	0.0132336597889662	3.96999669075012	0.0133914798498154	3.96999669075012	0.0130109582096338	3.96999669075012	0.20518285036087	3.96999669075012	0.012642415240407
3.97999668121338	419.841033935547	3.97999668121338	455.827026367188	3.97999668121338	464.909759521484	3.97999668121338	465.403717041016	3.97999668121338	477.256622314453	3.97999668121338	468.806030273438	3.97999668121338	487.554870605469	3.97999668121338	438.717681884766	3.97999668121338	4960.72021484375	3.97999668121338	391.328094482422	3.97999668121338	1.84315979480743	3.97999668121338	5.97650623321533	3.97999668121338	7.57990550994873	3.97999668121338	6.18095207214355	3.97999668121338	5.09754514694214	3.97999668121338	6.46239900588989	3.97999668121338	7.60576057434082	3.97999668121338	4.32128381729126	3.97999668121338	-3.9389214515686	3.97999668121338	0.151477813720703	3.97999668121338	6.0485520362854	3.97999668121338	3.72852849960327	3.97999668121338	3.95745921134949	3.97999668121338	4.14242267608643	3.97999668121338	2.58005976676941	3.97999668121338	5.90572643280029	3.97999668121338	2.27124261856079	3.97999668121338	3.4461510181427	3.97999668121338	5.73678016662598	3.97999668121338	9.37898635864258	3.97999668121338	0.00779721094295383	3.97999668121338	0.0130505217239261	3.97999668121338	0.0134986899793148	3.97999668121338	0.0129502629861236	3.97999668121338	0.0116824619472027	3.97999668121338	0.0132887605577707	3.97999668121338	0.013428196310997	3.97999668121338	0.0133688133209944	3.97999668121338	0.206398591399193	3.97999668121338	0.0127434153109789
3.98999667167664	421.25732421875	3.98999667167664	458.168121337891	3.98999667167664	467.329254150391	3.98999667167664	467.742401123047	3.98999667167664	479.361267089844	3.98999667167664	471.203002929687	3.98999667167664	489.975250244141	3.98999667167664	441.156280517578	3.98999667167664	4997.9814453125	3.98999667167664	393.630981445313	3.98999667167664	2.48855137825012	3.98999667167664	6.31857538223267	3.98999667167664	7.99025678634644	3.98999667167664	6.75706338882446	3.98999667167664	5.30751037597656	3.98999667167664	7.04665040969849	3.98999667167664	7.93360996246338	3.98999667167664	5.35289096832275	3.98999667167664	-6.50276803970337	3.98999667167664	0.613515138626099	3.98999667167664	5.40334463119507	3.98999667167664	3.58741998672485	3.98999667167664	3.78186559677124	3.98999667167664	4.01484107971191	3.98999667167664	2.4915235042572	3.98999667167664	5.79732656478882	3.98999667167664	2.21383666992187	3.98999667167664	2.89133787155151	3.98999667167664	5.12928581237793	3.98999667167664	8.50741767883301	3.98999667167664	0.00781815592199564	3.98999667167664	0.012905765324831	3.98999667167664	0.0133305741474032	3.98999667167664	0.0129410987719893	3.98999667167664	0.0116710597649217	3.98999667167664	0.0132685583084822	3.98999667167664	0.0134192360565066	3.98999667167664	0.0134844947606325	3.98999667167664	0.208151414990425	3.98999667167664	0.0128361564129591
3.99999666213989	422.666473388672	3.99999666213989	460.478118896484	3.99999666213989	469.713623046875	3.99999666213989	470.070983886719	3.99999666213989	481.461029052734	3.99999666213989	473.589538574219	3.99999666213989	492.389923095703	3.99999666213989	443.593902587891	3.99999666213989	5035.6064453125	3.99999666213989	395.949859619141	3.99999666213989	2.47546076774597	3.99999666213989	6.62646627426147	3.99999666213989	8.39320755004883	3.99999666213989	7.32509756088257	3.99999666213989	5.56077861785889	3.99999666213989	7.65339946746826	3.99999666213989	8.35477542877197	3.99999666213989	6.04792499542236	3.99999666213989	-5.92890453338623	3.99999666213989	0.477960348129272	3.99999666213989	4.50573110580444	3.99999666213989	3.36805057525635	3.99999666213989	3.50539898872375	3.99999666213989	3.66429567337036	3.99999666213989	2.32745170593262	3.99999666213989	5.49088525772095	3.99999666213989	1.96683788299561	3.99999666213989	2.09406638145447	3.99999666213989	3.89499711990356	3.99999666213989	7.5635290145874	3.99999666213989	0.00778139010071754	3.99999666213989	0.0126983337104321	3.99999666213989	0.0130968848243356	3.99999666213989	0.0128159504383802	3.99999666213989	0.011607856489718	3.99999666213989	0.0131496246904135	3.99999666213989	0.0133299436420202	3.99999666213989	0.0133893266320229	3.99999666213989	0.210079833865166	3.99999666213989	0.0129265459254384
4.00999689102173	424.063812255859	4.00999689102173	462.745147705078	4.00999689102173	472.050048828125	4.00999689102173	472.366607666016	4.00999689102173	483.544769287109	4.00999689102173	475.945709228516	4.00999689102173	494.78125	4.00999689102173	445.995391845703	4.00999689102173	5073.5947265625	4.00999689102173	398.284790039063	4.00999689102173	1.69984257221222	4.00999689102173	6.78589153289795	4.00999689102173	8.64443588256836	4.00999689102173	7.67713689804077	4.00999689102173	5.75503587722778	4.00999689102173	8.06163501739502	4.00999689102173	8.71815204620361	4.00999689102173	6.16101026535034	4.00999689102173	-2.34461808204651	4.00999689102173	-0.188182830810547	4.00999689102173	3.69157457351685	4.00999689102173	3.15184426307678	4.00999689102173	3.22966718673706	4.00999689102173	3.21784996986389	4.00999689102173	2.1508641242981	4.00999689102173	5.09892177581787	4.00999689102173	1.62037432193756	4.00999689102173	1.34906983375549	4.00999689102173	2.48242282867432	4.00999689102173	6.88943862915039	4.00999689102173	0.00778506323695183	4.00999689102173	0.0124434651806951	4.00999689102173	0.0128080891445279	4.00999689102173	0.0125934286043048	4.00999689102173	0.0114923845976591	4.00999689102173	0.0129430321976542	4.00999689102173	0.0131532046943903	4.00999689102173	0.0131872091442347	4.00999689102173	0.211748212575912	4.00999689102173	0.0130212167277932
4.01999711990356	425.465484619141	4.01999711990356	464.962066650391	4.01999711990356	474.329467773438	4.01999711990356	474.613403320313	4.01999711990356	485.60302734375	4.01999711990356	478.2568359375	4.01999711990356	497.132934570313	4.01999711990356	448.350891113281	4.01999711990356	5111.859375	4.01999711990356	400.637084960937	4.01999711990356	0.365286886692047	4.01999711990356	6.73246955871582	4.01999711990356	8.64838314056397	4.01999711990356	7.67675304412842	4.01999711990356	5.80566215515137	4.01999711990356	8.11414051055908	4.01999711990356	8.886399269104	4.01999711990356	5.65701866149902	4.01999711990356	2.94586658477783	4.01999711990356	-1.1089015007019	4.01999711990356	3.28090023994446	4.01999711990356	3.02283453941345	4.01999711990356	3.06107616424561	4.01999711990356	2.84601306915283	4.01999711990356	2.03250789642334	4.01999711990356	4.77236557006836	4.01999711990356	1.30726265907288	4.01999711990356	0.946036815643311	4.01999711990356	1.43261432647705	4.01999711990356	6.73849201202393	4.01999711990356	0.00792539585381746	4.01999711990356	0.0121746361255646	4.01999711990356	0.0124950148165226	4.01999711990356	0.0123287104070187	4.01999711990356	0.0113455727696419	4.01999711990356	0.0126925595104694	4.01999711990356	0.0129138985648751	4.01999711990356	0.013021164573729	4.01999711990356	0.212805807590485	4.01999711990356	0.0131250722333789
4.0299973487854	426.904663085937	4.0299973487854	467.129302978516	4.0299973487854	476.550445556641	4.0299973487854	476.808715820313	4.0299973487854	487.632019042969	4.0299973487854	480.519012451172	4.0299973487854	499.435852050781	4.0299973487854	450.679779052734	4.0299973487854	5150.259765625	4.0299973487854	403.008972167969	4.0299973487854	-1.07986271381378	4.0299973487854	6.48281478881836	4.0299973487854	8.40211391448975	4.0299973487854	7.32137298583984	4.0299973487854	5.68240690231323	4.0299973487854	7.78758907318115	4.0299973487854	8.79319381713867	4.0299973487854	4.74503612518311	4.0299973487854	7.9041576385498	4.0299973487854	-1.89647102355957	4.0299973487854	3.44426584243774	4.0299973487854	3.03326463699341	4.0299973487854	3.06727838516235	4.0299973487854	2.6960334777832	4.0299973487854	2.02252221107483	4.0299973487854	4.64163112640381	4.0299973487854	1.15207290649414	4.0299973487854	1.04760026931763	4.0299973487854	1.16266667842865	4.0299973487854	7.1643533706665	4.0299973487854	0.00825633760541677	4.0299973487854	0.0119317909702659	4.0299973487854	0.0121983466669917	4.0299973487854	0.0120944073423743	4.0299973487854	0.0112027646973729	4.0299973487854	0.0124597996473312	4.0299973487854	0.0126613080501556	4.0299973487854	0.0130201326683164	4.0299973487854	0.213128954172134	4.0299973487854	0.0132392616942525
4.03999757766724	428.420593261719	4.03999757766724	469.255187988281	4.03999757766724	478.719421386719	4.03999757766724	478.964599609375	4.03999757766724	489.635681152344	4.03999757766724	482.740844726562	4.03999757766724	501.692169189453	4.03999757766724	453.023315429687	4.03999757766724	5188.65234375	4.03999757766724	405.40234375	4.03999757766724	-2.13019275665283	4.03999757766724	6.132004737854	4.03999757766724	8.0017614364624	4.03999757766724	6.75098562240601	4.03999757766724	5.4250168800354	4.03999757766724	7.20980453491211	4.03999757766724	8.47498512268066	4.03999757766724	3.8032021522522	4.03999757766724	10.5884065628052	4.03999757766724	-2.20917582511902	4.03999757766724	4.12342739105225	4.03999757766724	3.18005061149597	4.03999757766724	3.2467098236084	4.03999757766724	2.82843160629272	4.03999757766724	2.12835025787354	4.03999757766724	4.76062107086182	4.03999757766724	1.21818542480469	4.03999757766724	1.61375677585602	4.03999757766724	1.78253412246704	4.03999757766724	7.98983478546143	4.03999757766724	0.0087642977014184	4.03999757766724	0.0117456028237939	4.03999757766724	0.011952836997807	4.03999757766724	0.0119521012529731	4.03999757766724	0.011099910363555	4.03999757766724	0.0123002240434289	4.03999757766724	0.0124505301937461	4.03999757766724	0.0132457856088877	4.03999757766724	0.212880000472069	4.03999757766724	0.0133605524897575
4.04999780654907	430.043884277344	4.04999780654907	471.352600097656	4.04999780654907	480.848876953125	4.04999780654907	481.103179931641	4.04999780654907	491.624389648438	4.04999780654907	484.940490722656	4.04999780654907	503.914306640625	4.04999780654907	455.427886962891	4.04999780654907	5226.9482421875	4.04999780654907	407.818145751953	4.04999780654907	-2.44306468963623	4.04999780654907	5.81476593017578	4.04999780654907	7.60392904281616	4.04999780654907	6.19154739379883	4.04999780654907	5.12731790542603	4.04999780654907	6.60868978500366	4.04999780654907	8.0573902130127	4.04999780654907	3.22062206268311	4.04999780654907	9.96942710876465	4.04999780654907	-1.89216351509094	4.04999780654907	5.05461978912354	4.04999780654907	3.40569806098938	4.04999780654907	3.52867937088013	4.04999780654907	3.19085621833801	4.04999780654907	2.31122255325317	4.04999780654907	5.08355522155762	4.04999780654907	1.48067569732666	4.04999780654907	2.41802644729614	4.04999780654907	3.04706835746765	4.04999780654907	8.87950229644775	4.04999780654907	0.00937259383499622	4.04999780654907	0.0116248577833176	4.04999780654907	0.0117731662467122	4.04999780654907	0.0119269033893943	4.04999780654907	0.0110587608069181	4.04999780654907	0.0122404703870416	4.04999780654907	0.0123202856630087	4.04999780654907	0.0136656649410725	4.04999780654907	0.212446197867394	4.04999780654907	0.0134825706481934
4.05999803543091	431.785705566406	4.05999803543091	473.434234619141	4.05999803543091	482.951873779297	4.05999803543091	483.247802734375	4.05999803543091	493.611267089844	4.05999803543091	487.138397216797	4.05999803543091	506.120239257812	4.05999803543091	457.925506591797	4.05999803543091	5265.1494140625	4.05999803543091	410.256011962891	4.05999803543091	-1.97328770160675	4.05999803543091	5.65035915374756	4.05999803543091	7.36145114898682	4.05999803543091	5.86182689666748	4.05999803543091	4.89804935455322	4.05999803543091	6.21848154067993	4.05999803543091	7.70322418212891	4.05999803543091	3.23997354507446	4.05999803543091	6.31768226623535	4.05999803543091	-1.03269338607788	4.05999803543091	5.88072872161865	4.05999803543091	3.62273073196411	4.05999803543091	3.80356597900391	4.05999803543091	3.64186811447144	4.05999803543091	2.50290179252625	4.05999803543091	5.48580837249756	4.05999803543091	1.83835577964783	4.05999803543091	3.14479970932007	4.05999803543091	4.46526622772217	4.05999803543091	9.47704124450684	4.05999803543091	0.00997387617826462	4.05999803543091	0.0115531180053949	4.05999803543091	0.0116482200101018	4.05999803543091	0.011997421272099	4.05999803543091	0.0110780708491802	4.05999803543091	0.0122677041217685	4.05999803543091	0.0122774606570601	4.05999803543091	0.0141671122983098	4.05999803543091	0.212283581495285	4.05999803543091	0.0135983396321535
4.06999826431274	433.635131835937	4.06999826431274	475.50732421875	4.06999826431274	485.037322998047	4.06999826431274	485.413665771484	4.06999826431274	495.607055664063	4.06999826431274	489.349029541016	4.06999826431274	508.326293945313	4.06999826431274	460.520751953125	4.06999826431274	5303.34619140625	4.06999826431274	412.714141845703	4.06999826431274	-0.972083568572998	4.06999826431274	5.6975884437561	4.06999826431274	7.36529874801636	4.06999826431274	5.889967918396	4.06999826431274	4.8186469078064	4.06999826431274	6.19029903411865	4.06999826431274	7.54934406280518	4.06999826431274	3.87445688247681	4.06999826431274	1.04049634933472	4.06999826431274	0.0829439163208008	4.06999826431274	6.29063749313354	4.06999826431274	3.7479293346405	4.06999826431274	3.96586966514587	4.06999826431274	4.00813102722168	4.06999826431274	2.63280081748962	4.06999826431274	5.81423759460449	4.06999826431274	2.15514254570007	4.06999826431274	3.51319408416748	4.06999826431274	5.49762582778931	4.06999826431274	9.53891944885254	4.06999826431274	0.0104732923209667	4.06999826431274	0.0114957327023149	4.06999826431274	0.0115460194647312	4.06999826431274	0.0121050514280796	4.06999826431274	0.0111344810575247	4.06999826431274	0.0123353563249111	4.06999826431274	0.0122949723154306	4.06999826431274	0.0146032813936472	4.06999826431274	0.212738841772079	4.06999826431274	0.0137029411271214
4.07999849319458	435.565246582031	4.07999849319458	477.571411132812	4.07999849319458	487.106353759766	4.07999849319458	487.602233886719	4.07999849319458	497.616333007812	4.07999849319458	491.575500488281	4.07999849319458	510.540985107422	4.07999849319458	463.188568115234	4.07999849319458	5341.68017578125	4.07999849319458	415.190063476562	4.07999849319458	0.119605541229248	4.07999849319458	5.93505001068115	4.07999849319458	7.6129412651062	4.07999849319458	6.26992845535278	4.07999849319458	4.91427659988403	4.07999849319458	6.54001426696777	4.07999849319458	7.65776968002319	4.07999849319458	4.91488409042358	4.07999849319458	-3.86403608322144	4.07999849319458	1.07671332359314	4.07999849319458	6.12865304946899	4.07999849319458	3.73195242881775	4.07999849319458	3.95195293426514	4.07999849319458	4.14784002304077	4.07999849319458	2.65348553657532	4.07999849319458	5.94309663772583	4.07999849319458	2.31013679504395	4.07999849319458	3.37665200233459	4.07999849319458	5.75111293792725	4.07999849319458	9.01717853546143	4.07999849319458	0.0108232442289591	4.07999849319458	0.0114133777096868	4.07999849319458	0.0114262765273452	4.07999849319458	0.0121768992394209	4.07999849319458	0.0111917378380895	4.07999849319458	0.0123813124373555	4.07999849319458	0.0123225403949618	4.07999849319458	0.014848230406642	4.07999849319458	0.213921666145325	4.07999849319458	0.0137952622026205
4.08999872207642	437.544952392578	4.08999872207642	479.618408203125	4.08999872207642	489.152313232422	4.08999872207642	489.800567626953	4.08999872207642	499.635986328125	4.08999872207642	493.808258056641	4.08999872207642	512.761474609375	4.08999872207642	465.883331298828	4.08999872207642	5380.29296875	4.08999872207642	417.681518554687	4.08999872207642	0.829926371574402	4.08999872207642	6.26823949813843	4.08999872207642	8.00857639312744	4.08999872207642	6.86382484436035	4.08999872207642	5.14468622207642	4.08999872207642	7.14257764816284	4.08999872207642	7.99341487884521	4.08999872207642	6.00384998321533	4.08999872207642	-6.50791358947754	4.08999872207642	1.6098427772522	4.08999872207642	5.44813871383667	4.08999872207642	3.57668685913086	4.08999872207642	3.76244568824768	4.08999872207642	4.00088214874268	4.08999872207642	2.55725598335266	4.08999872207642	5.81840419769287	4.08999872207642	2.24028158187866	4.08999872207642	2.77445793151855	4.08999872207642	5.11612606048584	4.08999872207642	8.07647800445557	4.08999872207642	0.0110392346978188	4.08999872207642	0.0112767536193132	4.08999872207642	0.0112554877996445	4.08999872207642	0.0121527323499322	4.08999872207642	0.0112141594290733	4.08999872207642	0.0123508190736175	4.08999872207642	0.0123052839189768	4.08999872207642	0.0148410769179463	4.08999872207642	0.215666249394417	4.08999872207642	0.0138783752918243
4.09999895095825	439.551422119141	4.09999895095825	481.635925292969	4.09999895095825	491.162963867188	4.09999895095825	491.985900878906	4.09999895095825	501.656585693359	4.09999895095825	496.028656005859	4.09999895095825	514.974914550781	4.09999895095825	468.554046630859	4.09999895095825	5419.27001953125	4.09999895095825	420.187103271484	4.09999895095825	0.826539993286133	4.09999895095825	6.56068468093872	4.09999895095825	8.39357948303223	4.09999895095825	7.44624280929565	4.09999895095825	5.41617298126221	4.09999895095825	7.77119445800781	4.09999895095825	8.432541847229	4.09999895095825	6.75289726257324	4.09999895095825	-5.79667568206787	4.09999895095825	1.50582325458527	4.09999895095825	4.50104427337646	4.09999895095825	3.33693552017212	4.09999895095825	3.46493768692017	4.09999895095825	3.61454463005066	4.09999895095825	2.38048195838928	4.09999895095825	5.48085689544678	4.09999895095825	1.96585488319397	4.09999895095825	1.92631042003632	4.09999895095825	3.81810760498047	4.09999895095825	7.04505920410156	4.09999895095825	0.0111940344795585	4.09999895095825	0.0110779274255037	4.09999895095825	0.0110198045149446	4.09999895095825	0.0120075102895498	4.09999895095825	0.0111799482256174	4.09999895095825	0.0122168641537428	4.09999895095825	0.0122039765119553	4.09999895095825	0.0146082509309053	4.09999895095825	0.217588141560554	4.09999895095825	0.0139584960415959
4.10999917984009	441.580291748047	4.10999917984009	483.612030029297	4.10999917984009	493.125305175781	4.10999917984009	494.134185791016	4.10999917984009	503.665863037109	4.10999917984009	498.215637207031	4.10999917984009	517.162475585937	4.10999917984009	471.162506103516	4.10999917984009	5458.6083984375	4.10999917984009	422.706848144531	4.10999917984009	0.0572884380817413	4.10999917984009	6.68404483795166	4.10999917984009	8.60356330871582	4.10999917984009	7.78442621231079	4.10999917984009	5.61421966552734	4.10999917984009	8.17681407928467	4.10999917984009	8.80372905731201	4.10999917984009	6.8837685585022	4.10999917984009	-1.91600465774536	4.10999917984009	0.831271409988403	4.10999917984009	3.65690994262695	4.10999917984009	3.10356569290161	4.10999917984009	3.17327666282654	4.10999917984009	3.13402414321899	4.10999917984009	2.1929976940155	4.10999917984009	5.05784940719604	4.10999917984009	1.58941292762756	4.10999917984009	1.1619393825531	4.10999917984009	2.35799026489258	4.10999917984009	6.30148458480835	4.10999917984009	0.0113912355154753	4.10999917984009	0.0108346482738853	4.10999917984009	0.0107316039502621	4.10999917984009	0.0117626376450062	4.10999917984009	0.0110901985317469	4.10999917984009	0.0119918072596192	4.10999917984009	0.0120108081027865	4.10999917984009	0.01425791811198	4.10999917984009	0.219222322106361	4.10999917984009	0.0140427779406309
4.11999940872192	443.648468017578	4.11999940872192	485.540405273438	4.11999940872192	495.031036376953	4.11999940872192	496.229370117188	4.11999940872192	505.654052734375	4.11999940872192	500.353942871094	4.11999940872192	519.307067871094	4.11999940872192	473.697387695313	4.11999940872192	5498.21533203125	4.11999940872192	425.242126464844	4.11999940872192	-1.20258343219757	4.11999940872192	6.57329654693603	4.11999940872192	8.53748989105225	4.11999940872192	7.73454093933105	4.11999940872192	5.64995813369751	4.11999940872192	8.18978023529053	4.11999940872192	8.95487785339356	4.11999940872192	6.35292530059814	4.11999940872192	3.62329840660095	4.11999940872192	-0.10984468460083	4.11999940872192	3.26063275337219	4.11999940872192	2.96910762786865	4.11999940872192	3.00445556640625	4.11999940872192	2.75102353096008	4.11999940872192	2.07222986221313	4.11999940872192	4.71853733062744	4.11999940872192	1.26085948944092	4.11999940872192	0.793126702308655	4.11999940872192	1.33004570007324	4.11999940872192	6.12264680862427	4.11999940872192	0.0117240138351917	4.11999940872192	0.0105849644169211	4.11999940872192	0.0104263843968511	4.11999940872192	0.0114803556352854	4.11999940872192	0.0109697533771396	4.11999940872192	0.01172492839396	4.11999940872192	0.0117544829845428	4.11999940872192	0.0139435855671763	4.11999940872192	0.220204919576645	4.11999940872192	0.0141365183517337
4.12999963760376	445.788726806641	4.12999963760376	487.423187255859	4.12999963760376	496.880310058594	4.12999963760376	498.270446777344	4.12999963760376	507.617767333984	4.12999963760376	502.440368652344	4.12999963760376	521.399841308594	4.12999963760376	476.178924560547	4.12999963760376	5537.94091796875	4.12999963760376	427.795104980469	4.12999963760376	-2.44995093345642	4.12999963760376	6.2610330581665	4.12999963760376	8.20820236206055	4.12999963760376	7.31283235549927	4.12999963760376	5.50164699554443	4.12999963760376	7.80127763748169	4.12999963760376	8.82177639007568	4.12999963760376	5.39249753952026	4.12999963760376	8.54346561431885	4.12999963760376	-0.891071557998657	4.12999963760376	3.47917056083679	4.12999963760376	2.98722529411316	4.12999963760376	3.02735018730164	4.12999963760376	2.62267374992371	4.12999963760376	2.0698516368866	4.12999963760376	4.60253190994263	4.12999963760376	1.11517095565796	4.12999963760376	0.974020004272461	4.12999963760376	1.16765093803406	4.12999963760376	6.55561256408691	4.12999963760376	0.0122337657958269	4.12999963760376	0.0103724133223295	4.12999963760376	0.0101492777466774	4.12999963760376	0.01124014146626	4.12999963760376	0.0108579294756055	4.12999963760376	0.0114840073511004	4.12999963760376	0.011490379460156	4.12999963760376	0.0138040231540799	4.12999963760376	0.220430940389633	4.12999963760376	0.014240843243897
4.1399998664856	448.036682128906	4.1399998664856	489.271087646484	4.1399998664856	498.682281494141	4.1399998664856	500.272064208984	4.1399998664856	509.562133789063	4.1399998664856	504.485809326172	4.1399998664856	523.4443359375	4.1399998664856	478.651123046875	4.1399998664856	5577.638671875	4.1399998664856	430.367858886719	4.1399998664856	-3.17540097236633	4.1399998664856	5.86731433868408	4.1399998664856	7.7422022819519	4.1399998664856	6.69633674621582	4.1399998664856	5.22754573822022	4.1399998664856	7.17545080184937	4.1399998664856	8.46132278442383	4.1399998664856	4.42129707336426	4.1399998664856	10.7895336151123	4.1399998664856	-1.147292137146	4.1399998664856	4.21877336502075	4.1399998664856	3.14691710472107	4.1399998664856	3.22959923744202	4.1399998664856	2.79892015457153	4.1399998664856	2.1873025894165	4.1399998664856	4.75553131103516	4.1399998664856	1.21075510978699	4.1399998664856	1.62501978874207	4.1399998664856	1.94087696075439	4.1399998664856	7.38780975341797	4.1399998664856	0.0128891654312611	4.1399998664856	0.0102272788062692	4.1399998664856	0.00993582513183355	4.1399998664856	0.0111049227416515	4.1399998664856	0.0107918158173561	4.1399998664856	0.0113267311826348	4.1399998664856	0.011277737095952	4.1399998664856	0.0139029966667294	4.1399998664856	0.220109850168228	4.1399998664856	0.0143520710989833
4.15000009536743	450.415710449219	4.15000009536743	491.098968505859	4.15000009536743	500.451507568359	4.15000009536743	502.2587890625	4.15000009536743	511.498657226562	4.15000009536743	506.510498046875	4.15000009536743	525.455200195313	4.15000009536743	481.162567138672	4.15000009536743	5617.22998046875	4.15000009536743	432.961242675781	4.15000009536743	-3.08991670608521	4.15000009536743	5.54620885848999	4.15000009536743	7.32363128662109	4.15000009536743	6.14519882202148	4.15000009536743	4.94023370742798	4.15000009536743	6.57772254943848	4.15000009536743	8.02748870849609	4.15000009536743	3.85994458198547	4.15000009536743	9.44155120849609	4.15000009536743	-0.732890844345093	4.15000009536743	5.16541528701782	4.15000009536743	3.3769896030426	4.15000009536743	3.52266478538513	4.15000009536743	3.19939661026001	4.15000009536743	2.37473726272583	4.15000009536743	5.10824060440063	4.15000009536743	1.50269412994385	4.15000009536743	2.46815395355225	4.15000009536743	3.32382273674011	4.15000009536743	8.23990821838379	4.15000009536743	0.0135986562818289	4.15000009536743	0.0101530998945236	4.15000009536743	0.00979623664170504	4.15000009536743	0.0110931396484375	4.15000009536743	0.0107898153364658	4.15000009536743	0.0112752132117748	4.15000009536743	0.0111538553610444	4.15000009536743	0.0142001612111926	4.15000009536743	0.219680741429329	4.15000009536743	0.0144632244482636
4.16000032424927	452.927337646484	4.16000032424927	492.919830322266	4.16000032424927	502.202301025391	4.16000032424927	504.254516601562	4.16000032424927	513.440673828125	4.16000032424927	508.535400390625	4.16000032424927	527.451782226562	4.16000032424927	483.745300292969	4.16000032424927	5656.7333984375	4.16000032424927	435.574615478516	4.16000032424927	-2.23534560203552	4.16000032424927	5.41825151443481	4.16000032424927	7.11302995681763	4.16000032424927	5.88839912414551	4.16000032424927	4.75681495666504	4.16000032424927	6.25830984115601	4.16000032424927	7.70318698883057	4.16000032424927	3.95204257965088	4.16000032424927	5.07220983505249	4.16000032424927	0.225305914878845	4.16000032424927	5.92388105392456	4.16000032424927	3.57769966125488	4.16000032424927	3.78138661384583	4.16000032424927	3.65088033676147	4.16000032424927	2.55350637435913	4.16000032424927	5.50858068466186	4.16000032424927	1.86428165435791	4.16000032424927	3.15101003646851	4.16000032424927	4.74422216415405	4.16000032424927	8.7286205291748	4.16000032424927	0.014249942265451	4.16000032424927	0.0101254479959607	4.16000032424927	0.00971125438809395	4.16000032424927	0.011171012185514	4.16000032424927	0.0108437379822135	4.16000032424927	0.0113066313788295	4.16000032424927	0.0111181037500501	4.16000032424927	0.0145695228129625	4.16000032424927	0.219625130295753	4.16000032424927	0.0145669747143984
4.1700005531311	455.550933837891	4.1700005531311	494.739959716797	4.1700005531311	503.942687988281	4.1700005531311	506.272308349609	4.1700005531311	515.397399902344	4.1700005531311	510.573425292969	4.1700005531311	529.449768066406	4.1700005531311	486.401062011719	4.1700005531311	5696.26123046875	4.1700005531311	438.206024169922	4.1700005531311	-0.946535468101501	4.1700005531311	5.522132396698	4.1700005531311	7.18181896209717	4.1700005531311	6.03122329711914	4.1700005531311	4.75096321105957	4.1700005531311	6.35071516036987	4.1700005531311	7.62460374832153	4.1700005531311	4.67653656005859	4.1700005531311	-0.543705701828003	4.1700005531311	1.38946831226349	4.1700005531311	6.17850732803345	4.1700005531311	3.66163039207458	4.1700005531311	3.8955225944519	4.1700005531311	3.96064305305481	4.1700005531311	2.6490375995636	4.1700005531311	5.78596067428589	4.1700005531311	2.14123034477234	4.1700005531311	3.38991165161133	4.1700005531311	5.62243366241455	4.1700005531311	8.61740684509277	4.1700005531311	0.0147553905844688	4.1700005531311	0.0101029248908162	4.1700005531311	0.0096410196274519	4.1700005531311	0.011267832480371	4.1700005531311	0.0109226685017347	4.1700005531311	0.0113636609166861	4.1700005531311	0.0111328465864062	4.1700005531311	0.0148537820205092	4.1700005531311	0.220268279314041	4.1700005531311	0.0146585907787085
4.18000078201294	458.252380371094	4.18000078201294	496.556457519531	4.18000078201294	505.671752929687	4.18000078201294	508.309204101562	4.18000078201294	517.370544433594	4.18000078201294	512.6240234375	4.18000078201294	531.455017089844	4.18000078201294	489.100341796875	4.18000078201294	5735.96728515625	4.18000078201294	440.852813720703	4.18000078201294	0.286300003528595	4.18000078201294	5.80115365982056	4.18000078201294	7.48569345474243	4.18000078201294	6.51737356185913	4.18000078201294	4.92516136169434	4.18000078201294	6.82242393493652	4.18000078201294	7.82884073257446	4.18000078201294	5.76630544662476	4.18000078201294	-5.13636016845703	4.18000078201294	2.34238791465759	4.18000078201294	5.81079387664795	4.18000078201294	3.58682608604431	4.18000078201294	3.81160974502563	4.18000078201294	3.99140167236328	4.18000078201294	2.61955118179321	4.18000078201294	5.8175778388977	4.18000078201294	2.21204900741577	4.18000078201294	3.07528114318848	4.18000078201294	5.59227180480957	4.18000078201294	7.90174293518066	4.18000078201294	0.015083990059793	4.18000078201294	0.0100444946438074	4.18000078201294	0.009541941806674	4.18000078201294	0.0113054076209664	4.18000078201294	0.0109858149662614	4.18000078201294	0.0113783059641719	4.18000078201294	0.0111392978578806	4.18000078201294	0.014926977455616	4.18000078201294	0.221652016043663	4.18000078201294	0.0147377112880349
4.19000101089478	460.997100830078	4.19000101089478	498.359191894531	4.19000101089478	507.380401611328	4.19000101089478	510.347534179687	4.19000101089478	519.353637695313	4.19000101089478	514.673400878906	4.19000101089478	533.460693359375	4.19000101089478	491.793731689453	4.19000101089478	5775.9892578125	4.19000101089478	443.512725830078	4.19000101089478	0.996395647525787	4.19000101089478	6.12399911880493	4.19000101089478	7.88012599945068	4.19000101089478	7.14923477172852	4.19000101089478	5.20888328552246	4.19000101089478	7.48561954498291	4.19000101089478	8.23817443847656	4.19000101089478	6.80562496185303	4.19000101089478	-6.79073667526245	4.19000101089478	2.74192237854004	4.19000101089478	4.9462718963623	4.19000101089478	3.37349271774292	4.19000101089478	3.55411529541016	4.19000101089478	3.71497464179993	4.19000101089478	2.47244358062744	4.19000101089478	5.5763955116272	4.19000101089478	2.03530693054199	4.19000101089478	2.31519746780396	4.19000101089478	4.64167022705078	4.19000101089478	6.81420087814331	4.19000101089478	0.0152712520211935	4.19000101089478	0.00992616731673479	4.19000101089478	0.00938455201685429	4.19000101089478	0.0112292664125562	4.19000101089478	0.010998697951436	4.19000101089478	0.0112989973276854	4.19000101089478	0.0110810063779354	4.19000101089478	0.0147422421723604	4.19000101089478	0.223517820239067	4.19000101089478	0.0148084759712219
4.20000123977661	463.762786865234	4.20000123977661	500.13525390625	4.20000123977661	509.055419921875	4.20000123977661	512.361938476562	4.20000123977661	521.334594726562	4.20000123977661	516.700134277344	4.20000123977661	535.450012207031	4.20000123977661	494.430725097656	4.20000123977661	5816.39111328125	4.20000123977661	446.184600830078	4.20000123977661	0.918562233448029	4.20000123977661	6.33390760421753	4.20000123977661	8.17366600036621	4.20000123977661	7.65928792953491	4.20000123977661	5.48312091827393	4.20000123977661	8.06394195556641	4.20000123977661	8.68509674072266	4.20000123977661	7.37940883636475	4.20000123977661	-4.71876764297485	4.20000123977661	2.45817732810974	4.20000123977661	3.9195671081543	4.20000123977661	3.0998215675354	4.20000123977661	3.22034549713135	4.20000123977661	3.23010849952698	4.20000123977661	2.26409101486206	4.20000123977661	5.14778423309326	4.20000123977661	1.67088866233826	4.20000123977661	1.40629076957703	4.20000123977661	3.13808274269104	4.20000123977661	5.74772596359253	4.20000123977661	0.0154059045016766	4.20000123977661	0.00975149031728506	4.20000123977661	0.0091662909835577	4.20000123977661	0.0110312858596444	4.20000123977661	0.010947197675705	4.20000123977661	0.0111118564382195	4.20000123977661	0.0109268249943852	4.20000123977661	0.0143518419936299	4.20000123977661	0.225402101874351	4.20000123977661	0.0148780271410942
4.21000146865845	466.547973632812	4.21000146865845	501.874816894531	4.21000146865845	510.685760498047	4.21000146865845	514.329772949219	4.21000146865845	523.300415039063	4.21000146865845	518.683349609375	4.21000146865845	537.402954101562	4.21000146865845	496.978942871094	4.21000146865845	5857.13232421875	4.21000146865845	448.868896484375	4.21000146865845	0.115165233612061	4.21000146865845	6.31478977203369	4.21000146865845	8.207763671875	4.21000146865845	7.81859016418457	4.21000146865845	5.62764310836792	4.21000146865845	8.30317115783691	4.21000146865845	8.97676372528076	4.21000146865845	7.243408203125	4.21000146865845	0.305250436067581	4.21000146865845	1.6458592414856	4.21000146865845	3.15260696411133	4.21000146865845	2.87414121627808	4.21000146865845	2.94565939903259	4.21000146865845	2.73166251182556	4.21000146865845	2.08019161224365	4.21000146865845	4.70325326919556	4.21000146865845	1.26346707344055	4.21000146865845	0.725799083709717	4.21000146865845	1.70785534381866	4.21000146865845	5.10491275787354	4.21000146865845	0.0155958672985435	4.21000146865845	0.0095517011359334	4.21000146865845	0.00891432818025351	4.21000146865845	0.0107555873692036	4.21000146865845	0.0108444299548864	4.21000146865845	0.0108485212549567	4.21000146865845	0.0106853619217873	4.21000146865845	0.0138920685276389	4.21000146865845	0.226817920804024	4.21000146865845	0.0149537352845073
4.22000169754028	469.372344970703	4.22000169754028	503.576141357422	4.22000169754028	512.267700195313	4.22000169754028	516.240966796875	4.22000169754028	525.243225097656	4.22000169754028	520.612426757812	4.22000169754028	539.304626464844	4.22000169754028	499.438140869141	4.22000169754028	5898.08740234375	4.22000169754028	451.567413330078	4.22000169754028	-1.02339160442352	4.22000169754028	6.04898405075073	4.22000169754028	7.93390607833862	4.22000169754028	7.54523372650146	4.22000169754028	5.57614707946777	4.22000169754028	8.08981037139893	4.22000169754028	8.98120212554932	4.22000169754028	6.45128154754639	4.22000169754028	6.14722681045532	4.22000169754028	0.699329197406769	4.22000169754028	2.97252488136292	4.22000169754028	2.78859448432922	4.22000169754028	2.84550738334656	4.22000169754028	2.43025851249695	4.22000169754028	1.99948477745056	4.22000169754028	4.43000364303589	4.22000169754028	0.984156608581543	4.22000169754028	0.568142652511597	4.22000169754028	0.97685980796814	4.22000169754028	5.11887979507446	4.22000169754028	0.015922486782074	4.22000169754028	0.00937370862811804	4.22000169754028	0.00867553241550922	4.22000169754028	0.0104825766757131	4.22000169754028	0.01072649192065	4.22000169754028	0.0105751967057586	4.22000169754028	0.0104037169367075	4.22000169754028	0.0135316727682948	4.22000169754028	0.227464720606804	4.22000169754028	0.0150400446727872
4.23000192642212	472.267791748047	4.23000192642212	505.247344970703	4.23000192642212	513.807739257812	4.23000192642212	518.103271484375	4.23000192642212	527.163391113281	4.23000192642212	522.491333007812	4.23000192642212	541.151916503906	4.23000192642212	501.841369628906	4.23000192642212	5939.0888671875	4.23000192642212	454.282379150391	4.23000192642212	-1.94066977500916	4.23000192642212	5.6323766708374	4.23000192642212	7.44474124908447	4.23000192642212	6.95406341552734	4.23000192642212	5.35136795043945	4.23000192642212	7.51518392562866	4.23000192642212	8.6945743560791	4.23000192642212	5.35379886627197	4.23000192642212	10.2258167266846	4.23000192642212	0.0841299593448639	4.23000192642212	3.45094656944275	4.23000192642212	2.87447023391724	4.23000192642212	2.95946478843689	4.23000192642212	2.45276379585266	4.23000192642212	2.05582308769226	4.23000192642212	4.44267082214355	4.23000192642212	0.950621604919434	4.23000192642212	1.00037837028503	4.23000192642212	1.27420330047607	4.23000192642212	5.7345495223999	4.23000192642212	0.0164020285010338	4.23000192642212	0.00925930775702	4.23000192642212	0.00849592033773661	4.23000192642212	0.0102942101657391	4.23000192642212	0.0106369843706489	4.23000192642212	0.0103643015027046	4.23000192642212	0.0101480698212981	4.23000192642212	0.0133985877037048	4.23000192642212	0.227373778820038	4.23000192642212	0.0151363331824541
4.24000215530396	475.263366699219	4.24000215530396	506.903747558594	4.24000215530396	515.320922851562	4.24000215530396	519.939270019531	4.24000215530396	529.069885253906	4.24000215530396	524.337951660156	4.24000215530396	542.95556640625	4.24000215530396	504.241180419922	4.24000215530396	5980.00830078125	4.24000215530396	457.015563964844	4.24000215530396	-2.1712052822113	4.24000215530396	5.230797290802	4.24000215530396	6.93279552459717	4.24000215530396	6.30740928649902	4.24000215530396	5.05645370483398	4.24000215530396	6.83790111541748	4.24000215530396	8.24708557128906	4.24000215530396	4.44217586517334	4.24000215530396	10.7290811538696	4.24000215530396	0.12218052148819	4.24000215530396	4.36203765869141	4.24000215530396	3.0854218006134	4.24000215530396	3.23013043403625	4.24000215530396	2.77855062484741	4.24000215530396	2.22034907341003	4.24000215530396	4.72575092315674	4.24000215530396	1.16855931282043	4.24000215530396	1.82453346252441	4.24000215530396	2.46585369110107	4.24000215530396	6.62799644470215	4.24000215530396	0.0169757716357708	4.24000215530396	0.00922534614801407	4.24000215530396	0.0083989379927516	4.24000215530396	0.0102356197312474	4.24000215530396	0.0106067284941673	4.24000215530396	0.0102607738226652	4.24000215530396	0.00997338723391294	4.24000215530396	0.0135193709284067	4.24000215530396	0.226905584335327	4.24000215530396	0.0152370389550924
4.25000238418579	478.370666503906	4.25000238418579	508.561248779297	4.25000238418579	516.823974609375	4.25000238418579	521.7763671875	4.25000238418579	530.976440429687	4.25000238418579	526.175598144531	4.25000238418579	544.735046386719	4.25000238418579	506.685516357422	4.25000238418579	6020.80908203125	4.25000238418579	459.767303466797	4.25000238418579	-1.54654026031494	4.25000238418579	5.00049829483032	4.25000238418579	6.5975227355957	4.25000238418579	5.88996839523315	4.25000238418579	4.82570743560791	4.25000238418579	6.36059761047363	4.25000238418579	7.84082794189453	4.25000238418579	4.11765384674072	4.25000238418579	7.44693803787231	4.25000238418579	0.849858641624451	4.25000238418579	5.28917837142944	4.25000238418579	3.31942844390869	4.25000238418579	3.53059148788452	4.25000238418579	3.25008678436279	4.25000238418579	2.41525053977966	4.25000238418579	5.14147472381592	4.25000238418579	1.52955079078674	4.25000238418579	2.67229723930359	4.25000238418579	4.02077913284302	4.25000238418579	7.35709047317505	4.25000238418579	0.0175359323620796	4.25000238418579	0.00925582367926836	4.25000238418579	0.00837444141507149	4.25000238418579	0.0102937491610646	4.25000238418579	0.0106392679736018	4.25000238418579	0.0102608734741807	4.25000238418579	0.00989768654108047	4.25000238418579	0.0138063626363873	4.25000238418579	0.226588875055313	4.25000238418579	0.0153341423720121
4.26000261306763	481.577514648438	4.26000261306763	510.230072021484	4.26000261306763	518.329162597656	4.26000261306763	523.634521484375	4.26000261306763	532.894409179687	4.26000261306763	528.022521972656	4.26000261306763	546.509826660156	4.26000261306763	509.196472167969	4.26000261306763	6061.56689453125	4.26000261306763	462.536193847656	4.26000261306763	-0.248969554901123	4.26000261306763	5.0177526473999	4.26000261306763	6.55404949188232	4.26000261306763	5.87961053848267	4.26000261306763	4.76342487335205	4.26000261306763	6.29212760925293	4.26000261306763	7.65648412704468	4.26000261306763	4.5182728767395	4.26000261306763	1.80916881561279	4.26000261306763	2.01427960395813	4.26000261306763	5.81356334686279	4.26000261306763	3.46529722213745	4.26000261306763	3.72250890731812	4.26000261306763	3.6472282409668	4.26000261306763	2.54991960525513	4.26000261306763	5.49465179443359	4.26000261306763	1.86285853385925	4.26000261306763	3.17135190963745	4.26000261306763	5.25781965255737	4.26000261306763	7.55543994903564	4.26000261306763	0.0179726704955101	4.26000261306763	0.00930995307862759	4.26000261306763	0.008384152315557	4.26000261306763	0.0104042822495103	4.26000261306763	0.0107096089050174	4.26000261306763	0.0103146424517035	4.26000261306763	0.00989431608468294	4.26000261306763	0.0140995308756828	4.26000261306763	0.22688353061676	4.26000261306763	0.0154206743463874
4.27000284194946	484.851959228516	4.27000284194946	511.910736083984	4.27000284194946	519.839233398438	4.27000284194946	525.517211914063	4.27000284194946	534.828552246094	4.27000284194946	529.883972167969	4.27000284194946	548.29052734375	4.27000284194946	511.760772705078	4.27000284194946	6102.43212890625	4.27000284194946	465.319702148438	4.27000284194946	1.27932071685791	4.27000284194946	5.24865007400513	4.27000284194946	6.78568696975708	4.27000284194946	6.27486324310303	4.27000284194946	4.90051555633545	4.27000284194946	6.66114902496338	4.27000284194946	7.77612400054932	4.27000284194946	5.47418785095215	4.27000284194946	-3.76367568969727	4.27000284194946	3.18627834320068	4.27000284194946	5.68752479553223	4.27000284194946	3.44925594329834	4.27000284194946	3.71416926383972	4.27000284194946	3.78215885162354	4.27000284194946	2.55974769592285	4.27000284194946	5.61682748794556	4.27000284194946	2.00977730751038	4.27000284194946	3.09788918495178	4.27000284194946	5.63384485244751	4.27000284194946	7.07883024215698	4.27000284194946	0.0182181783020496	4.27000284194946	0.00934102013707161	4.27000284194946	0.00837967731058598	4.27000284194946	0.0104813734069467	4.27000284194946	0.0107757663354278	4.27000284194946	0.0103490743786097	4.27000284194946	0.00990471243858337	4.27000284194946	0.014237754046917	4.27000284194946	0.227983236312866	4.27000284194946	0.015493581071496
4.2800030708313	488.153289794922	4.2800030708313	513.594970703125	4.2800030708313	521.347106933594	4.2800030708313	527.410827636719	4.2800030708313	536.774169921875	4.2800030708313	531.749938964844	4.2800030708313	550.074279785156	4.2800030708313	514.336059570313	4.2800030708313	6143.56884765625	4.2800030708313	468.115112304687	4.2800030708313	2.50787401199341	4.2800030708313	5.56409883499146	4.2800030708313	7.15168619155884	4.2800030708313	6.89731407165527	4.2800030708313	5.18211317062378	4.2800030708313	7.30547285079956	4.2800030708313	8.14914798736572	4.2800030708313	6.58116436004639	4.2800030708313	-6.841721534729	4.2800030708313	3.93095016479492	4.2800030708313	4.93326950073242	4.2800030708313	3.26490211486816	4.2800030708313	3.49752688407898	4.2800030708313	3.57671403884888	4.2800030708313	2.4326856136322	4.2800030708313	5.43578195571899	4.2800030708313	1.88929784297943	4.2800030708313	2.46473956108093	4.2800030708313	4.96210861206055	4.2800030708313	6.06138372421265	4.2800030708313	0.018271517008543	4.2800030708313	0.00931687373667955	4.2800030708313	0.00832406710833311	4.2800030708313	0.0104549890384078	4.2800030708313	0.0107968710362911	4.2800030708313	0.0102999210357666	4.2800030708313	0.00986416917294264	4.2800030708313	0.014125726185739	4.2800030708313	0.229735523462296	4.2800030708313	0.0155549058690667
4.29000329971313	491.446990966797	4.29000329971313	515.269836425781	4.29000329971313	522.840454101562	4.29000329971313	529.290344238281	4.29000329971313	538.719482421875	4.29000329971313	533.599487304687	4.29000329971313	551.84619140625	4.29000329971313	516.868591308594	4.29000329971313	6185.07861328125	4.29000329971313	470.920501708984	4.29000329971313	3.01811337471008	4.29000329971313	5.79165172576904	4.29000329971313	7.4436092376709	4.29000329971313	7.46095943450928	4.29000329971313	5.48766613006592	4.29000329971313	7.93390274047852	4.29000329971313	8.60910415649414	4.29000329971313	7.35515975952148	4.29000329971313	-5.9833607673645	4.29000329971313	3.98273324966431	4.29000329971313	3.84505414962769	4.29000329971313	2.97887182235718	4.29000329971313	3.15497279167175	4.29000329971313	3.09987545013428	4.29000329971313	2.2164044380188	4.29000329971313	5.01015281677246	4.29000329971313	1.53547966480255	4.29000329971313	1.52611517906189	4.29000329971313	3.5034556388855	4.29000329971313	4.87284469604492	4.29000329971313	0.0181987769901752	4.29000329971313	0.00923424120992422	4.29000329971313	0.00820845179259777	4.29000329971313	0.0103012584149837	4.29000329971313	0.010750656016171	4.29000329971313	0.0101395575329661	4.29000329971313	0.00972990412265062	4.29000329971313	0.0137737719342113	4.29000329971313	0.231700375676155	4.29000329971313	0.0156109984964132
4.30000352859497	494.716186523438	4.30000352859497	516.924499511719	4.30000352859497	524.307495117188	4.30000352859497	531.130737304687	4.30000352859497	540.650451660156	4.30000352859497	535.410217285156	4.30000352859497	553.585510253906	4.30000352859497	519.316223144531	4.30000352859497	6226.96142578125	4.30000352859497	473.735595703125	4.30000352859497	2.68432950973511	4.30000352859497	5.79076099395752	4.30000352859497	7.47592639923096	4.30000352859497	7.69216823577881	4.30000352859497	5.68009757995605	4.30000352859497	8.24733924865723	4.30000352859497	8.9402494430542	4.30000352859497	7.43282699584961	4.30000352859497	-1.44679033756256	4.30000352859497	3.37252998352051	4.30000352859497	2.88343238830566	4.30000352859497	2.70757937431335	4.30000352859497	2.83034420013428	4.30000352859497	2.54894638061523	4.30000352859497	2.00189876556396	4.30000352859497	4.51411390304565	4.30000352859497	1.0914900302887	4.30000352859497	0.687235593795776	4.30000352859497	1.88874626159668	4.30000352859497	3.97729659080505	4.30000352859497	0.0181083716452122	4.30000352859497	0.00912158004939556	4.30000352859497	0.00805751048028469	4.30000352859497	0.0100550502538681	4.30000352859497	0.0106440233066678	4.30000352859497	0.0098909055814147	4.30000352859497	0.0095011880621314	4.30000352859497	0.0132983531802893	4.30000352859497	0.233329087495804	4.30000352859497	0.0156699884682894
4.31000375747681	497.967559814453	4.31000375747681	518.556213378906	4.31000375747681	525.744323730469	4.31000375747681	532.91845703125	4.31000375747681	542.556823730469	4.31000375747681	537.168151855469	4.31000375747681	555.275146484375	4.31000375747681	521.667114257812	4.31000375747681	6269.107421875	4.31000375747681	476.561492919922	4.31000375747681	1.75793874263763	4.31000375747681	5.52389717102051	4.31000375747681	7.17915916442871	4.31000375747681	7.46195793151855	4.31000375747681	5.66998481750488	4.31000375747681	8.08166027069092	4.31000375747681	8.9772253036499	4.31000375747681	6.75280094146729	4.31000375747681	4.76623630523682	4.31000375747681	2.43907356262207	4.31000375747681	2.47568774223328	4.31000375747681	2.56706190109253	4.31000375747681	2.66682052612305	4.31000375747681	2.16743016242981	4.31000375747681	1.88429629802704	4.31000375747681	4.16521453857422	4.31000375747681	0.751421689987183	4.31000375747681	0.329317331314087	4.31000375747681	0.857694149017334	4.31000375747681	3.72699618339539	4.31000375747681	0.0181063301861286	4.31000375747681	0.00902772601693869	4.31000375747681	0.0079200491309166	4.31000375747681	0.00979751627892256	4.31000375747681	0.0105115231126547	4.31000375747681	0.00961999036371708	4.31000375747681	0.009222362190485	4.31000375747681	0.0128775872290134	4.31000375747681	0.234206765890121	4.31000375747681	0.0157382432371378
4.32000398635864	501.2265625	4.32000398635864	520.172790527344	4.32000398635864	527.157531738281	4.32000398635864	534.658813476562	4.32000398635864	544.436950683594	4.32000398635864	538.875366210937	4.32000398635864	556.910034179687	4.32000398635864	523.947204589844	4.32000398635864	6311.34326171875	4.32000398635864	479.400482177734	4.32000398635864	0.776210010051727	4.32000398635864	5.0832667350769	4.32000398635864	6.64408016204834	4.32000398635864	6.86252307891846	4.32000398635864	5.4638843536377	4.32000398635864	7.50127601623535	4.32000398635864	8.6926383972168	4.32000398635864	5.61382818222046	4.32000398635864	9.76167011260986	4.32000398635864	1.68634986877441	4.32000398635864	2.80182909965515	4.32000398635864	2.61526870727539	4.32000398635864	2.73578524589539	4.32000398635864	2.12619209289551	4.32000398635864	1.91547393798828	4.32000398635864	4.11837196350098	4.32000398635864	0.666521728038788	4.32000398635864	0.619553089141846	4.32000398635864	0.899993419647217	4.32000398635864	4.18289089202881	4.32000398635864	0.0182472635060549	4.32000398635864	0.00899925641715527	4.32000398635864	0.00784649141132832	4.32000398635864	0.00961970910429955	4.32000398635864	0.0104001993313432	4.32000398635864	0.00940666347742081	4.32000398635864	0.00896411016583443	4.32000398635864	0.012671759352088	4.32000398635864	0.234256535768509	4.32000398635864	0.0158172752708197
4.33000421524048	504.523742675781	4.33000421524048	521.790100097656	4.33000421524048	528.563293457031	4.33000421524048	536.374389648438	4.33000421524048	546.298950195313	4.33000421524048	540.549377441406	4.33000421524048	558.500366210937	4.33000421524048	526.209594726562	4.33000421524048	6353.513671875	4.33000421524048	482.254730224609	4.33000421524048	0.310217261314392	4.33000421524048	4.6477198600769	4.33000421524048	6.08043003082275	4.33000421524048	6.16910409927368	4.33000421524048	5.16449880599976	4.33000421524048	6.775465965271	4.33000421524048	8.21695232391357	4.33000421524048	4.54093027114868	4.33000421524048	11.1792039871216	4.33000421524048	1.54125106334686	4.33000421524048	3.69277548789978	4.33000421524048	2.82025337219238	4.33000421524048	2.99775552749634	4.33000421524048	2.43278551101685	4.33000421524048	2.07544326782227	4.33000421524048	4.38363170623779	4.33000421524048	0.865540623664856	4.33000421524048	1.41873812675476	4.33000421524048	1.99593734741211	4.33000421524048	5.07467555999756	4.33000421524048	0.018506184220314	4.33000421524048	0.0090570617467165	4.33000421524048	0.00786359701305628	4.33000421524048	0.00957764778286219	4.33000421524048	0.0103467423468828	4.33000421524048	0.00930542685091496	4.33000421524048	0.00878939498215914	4.33000421524048	0.0127439964562654	4.33000421524048	0.2337916046381	4.33000421524048	0.0159028191119432
4.34000444412231	507.878173828125	4.34000444412231	523.425537109375	4.34000444412231	529.980224609375	4.34000444412231	538.094543457031	4.34000444412231	548.156555175781	4.34000444412231	542.215270996094	4.34000444412231	560.066772460937	4.34000444412231	528.510009765625	4.34000444412231	6395.5546875	4.34000444412231	485.124938964844	4.34000444412231	0.69282865524292	4.34000444412231	4.39166116714478	4.34000444412231	5.70902967453003	4.34000444412231	5.70035076141357	4.34000444412231	4.9188756942749	4.34000444412231	6.24194097518921	4.34000444412231	7.7725191116333	4.34000444412231	4.02282619476318	4.34000444412231	8.36493682861328	4.34000444412231	2.14994645118713	4.34000444412231	4.71304321289063	4.34000444412231	3.07575535774231	4.34000444412231	3.32193851470947	4.34000444412231	2.92722988128662	4.34000444412231	2.28198194503784	4.34000444412231	4.82042837142944	4.34000444412231	1.2397209405899	4.34000444412231	2.35062718391418	4.34000444412231	3.62527418136597	4.34000444412231	5.93333864212036	4.34000444412231	0.0187893453985453	4.34000444412231	0.00918567553162575	4.34000444412231	0.00796079263091087	4.34000444412231	0.00966381561011076	4.34000444412231	0.0103591484948993	4.34000444412231	0.00931786838918924	4.34000444412231	0.00872190948575735	4.34000444412231	0.0130275283008814	4.34000444412231	0.23337011039257	4.34000444412231	0.0159867946058512
4.35000467300415	511.285736083984	4.35000467300415	525.090515136719	4.35000467300415	531.421875	4.35000467300415	539.841857910156	4.35000467300415	550.022338867188	4.35000467300415	543.8935546875	4.35000467300415	561.630615234375	4.35000467300415	530.880432128906	4.35000467300415	6437.5234375	4.35000467300415	488.010131835937	4.35000467300415	1.87961435317993	4.35000467300415	4.40054798126221	4.35000467300415	5.65326595306396	4.35000467300415	5.66224002838135	4.35000467300415	4.84632635116577	4.35000467300415	6.14046049118042	4.35000467300415	7.56262254714966	4.35000467300415	4.28008604049683	4.35000467300415	2.63103151321411	4.35000467300415	3.32195520401001	4.35000467300415	5.37329816818237	4.35000467300415	3.25341033935547	4.35000467300415	3.55067110061646	4.35000467300415	3.36319255828857	4.35000467300415	2.43179321289062	4.35000467300415	5.20879364013672	4.35000467300415	1.59874415397644	4.35000467300415	2.98530721664429	4.35000467300415	5.02815008163452	4.35000467300415	6.31296539306641	4.35000467300415	0.018978126347065	4.35000467300415	0.00934146251529455	4.35000467300415	0.00809611845761538	4.35000467300415	0.0098116910085082	4.35000467300415	0.0104131912812591	4.35000467300415	0.00939258001744747	4.35000467300415	0.00873494520783424	4.35000467300415	0.0133598456159234	4.35000467300415	0.233527764678001	4.35000467300415	0.0160610619932413
4.36000490188599	514.718811035156	4.36000490188599	526.786010742188	4.36000490188599	532.891357421875	4.36000490188599	541.621276855469	4.36000490188599	551.901550292969	4.36000490188599	545.591003417969	4.36000490188599	563.2041015625	4.36000490188599	533.315124511719	4.36000490188599	6479.57275390625	4.36000490188599	490.907775878906	4.36000490188599	3.48610687255859	4.36000490188599	4.63513231277466	4.36000490188599	5.88532590866089	4.36000490188599	6.0573787689209	4.36000490188599	4.98488807678223	4.36000490188599	6.50546741485596	4.36000490188599	7.67740392684937	4.36000490188599	5.17946577072144	4.36000490188599	-3.4019627571106	4.36000490188599	4.62587356567383	4.36000490188599	5.34992456436157	4.36000490188599	3.2609338760376	4.36000490188599	3.57086181640625	4.36000490188599	3.52279567718506	4.36000490188599	2.44838666915894	4.36000490188599	5.35196542739868	4.36000490188599	1.76042342185974	4.36000490188599	3.03010869026184	4.36000490188599	5.5536732673645	4.36000490188599	5.98379373550415	4.36000490188599	0.0189812611788511	4.36000490188599	0.00947410985827446	4.36000490188599	0.00821728352457285	4.36000490188599	0.00992885883897543	4.36000490188599	0.0104645686224103	4.36000490188599	0.00945098046213388	4.36000490188599	0.00876537524163723	4.36000490188599	0.0135610792785883	4.36000490188599	0.234530657529831	4.36000490188599	0.0161210168153048
4.37000513076782	518.135681152344	4.37000513076782	528.503356933594	4.37000513076782	534.381408691406	4.37000513076782	543.419067382812	4.37000513076782	553.789733886719	4.37000513076782	547.297424316406	4.37000513076782	564.784606933594	4.37000513076782	535.774230957031	4.37000513076782	6521.87841796875	4.37000513076782	493.814971923828	4.37000513076782	4.94801473617554	4.37000513076782	4.95107460021973	4.37000513076782	6.2412314414978	4.37000513076782	6.68740463256836	4.37000513076782	5.27545785903931	4.37000513076782	7.15352344512939	4.37000513076782	8.05448055267334	4.37000513076782	6.30059146881103	4.37000513076782	-6.95109272003174	4.37000513076782	5.57281875610352	4.37000513076782	4.6220178604126	4.37000513076782	3.08177900314331	4.37000513076782	3.3623514175415	4.37000513076782	3.31222462654114	4.37000513076782	2.31558656692505	4.37000513076782	5.16298341751099	4.37000513076782	1.63127422332764	4.37000513076782	2.45165801048279	4.37000513076782	4.93913745880127	4.37000513076782	5.02642393112183	4.37000513076782	0.0187722127884626	4.37000513076782	0.0095499474555254	4.37000513076782	0.00828635226935148	4.37000513076782	0.00994011387228966	4.37000513076782	0.0104694832116365	4.37000513076782	0.0094242263585329	4.37000513076782	0.00874377600848675	4.37000513076782	0.0135145364329219	4.37000513076782	0.236258253455162	4.37000513076782	0.0161674860864878
4.38000535964966	521.495910644531	4.38000535964966	530.229125976562	4.38000535964966	535.879150390625	4.38000535964966	545.209289550781	4.38000535964966	555.674682617188	4.38000535964966	548.991333007812	4.38000535964966	566.356567382812	4.38000535964966	538.202697753906	4.38000535964966	6564.560546875	4.38000535964966	496.729278564453	4.38000535964966	5.7432165145874	4.38000535964966	5.16147232055664	4.38000535964966	6.49248075485229	4.38000535964966	7.23692655563354	4.38000535964966	5.58537769317627	4.38000535964966	7.76025867462158	4.38000535964966	8.50298500061035	4.38000535964966	7.10982131958008	4.38000535964966	-6.27844524383545	4.38000535964966	5.82194566726685	4.38000535964966	3.49078130722046	4.38000535964966	2.78516244888306	4.38000535964966	3.00980854034424	4.38000535964966	2.80780935287476	4.38000535964966	2.0867018699646	4.38000535964966	4.70751953125	4.38000535964966	1.25142073631287	4.38000535964966	1.49881982803345	4.38000535964966	3.43710947036743	4.38000535964966	3.80813407897949	4.38000535964966	0.0184007268399	4.38000535964966	0.00956749264150858	4.38000535964966	0.00829754397273064	4.38000535964966	0.00982198584824801	4.38000535964966	0.0104046342894435	4.38000535964966	0.00928508676588535	4.38000535964966	0.00862675532698631	4.38000535964966	0.0132178971543908	4.38000535964966	0.238253235816956	4.38000535964966	0.0162063930183649
4.39000558853149	524.774597167969	4.39000558853149	531.952880859375	4.39000558853149	537.373718261719	4.39000558853149	546.966674804687	4.39000558853149	557.541687011719	4.39000558853149	550.650085449219	4.39000558853149	567.898864746094	4.39000558853149	540.55517578125	4.39000558853149	6607.62548828125	4.39000558853149	499.649993896484	4.39000558853149	5.62129259109497	4.39000558853149	5.12337303161621	4.39000558853149	6.45232486724854	4.39000558853149	7.41497564315796	4.39000558853149	5.76611328125	4.39000558853149	8.0051908493042	4.39000558853149	8.78656578063965	4.39000558853149	7.19406270980835	4.39000558853149	-1.57281982898712	4.39000558853149	5.34481191635132	4.39000558853149	2.46583557128906	4.39000558853149	2.50053000450134	4.39000558853149	2.67130184173584	4.39000558853149	2.23293662071228	4.39000558853149	1.86463260650635	4.39000558853149	4.18469476699829	4.39000558853149	0.785617411136627	4.39000558853149	0.610704183578491	4.39000558853149	1.7378169298172	4.39000558853149	2.83743572235107	4.39000558853149	0.0179750751703978	4.39000558853149	0.00955927651375532	4.39000558853149	0.00828118342906237	4.39000558853149	0.00961567182093859	4.39000558853149	0.0102789523079991	4.39000558853149	0.00906249042600393	4.39000558853149	0.00841879285871983	4.39000558853149	0.0127884773537517	4.39000558853149	0.239918723702431	4.39000558853149	0.0162462815642357
4.40000581741333	527.971801757812	4.40000581741333	533.672729492188	4.40000581741333	538.862854003906	4.40000581741333	548.678894042969	4.40000581741333	559.380615234375	4.40000581741333	552.261352539063	4.40000581741333	569.3955078125	4.40000581741333	542.818481445313	4.40000581741333	6650.9609375	4.40000581741333	502.577850341797	4.40000581741333	4.7498984336853	4.40000581741333	4.81443548202515	4.40000581741333	6.07562017440796	4.40000581741333	7.10464859008789	4.40000581741333	5.7270655632019	4.40000581741333	7.73553419113159	4.40000581741333	8.74068641662598	4.40000581741333	6.47600173950195	4.40000581741333	4.96149921417236	4.40000581741333	4.46577453613281	4.40000581741333	2.03329753875732	4.40000581741333	2.35876202583313	4.40000581741333	2.50649118423462	4.40000581741333	1.85893440246582	4.40000581741333	1.75466251373291	4.40000581741333	3.83904957771301	4.40000581741333	0.451384961605072	4.40000581741333	0.218323230743408	4.40000581741333	0.667639374732971	4.40000581741333	2.52917647361755	4.40000581741333	0.017617104575038	4.40000581741333	0.00957759656012058	4.40000581741333	0.00829056836664677	4.40000581741333	0.00941063463687897	4.40000581741333	0.0101311411708593	4.40000581741333	0.0088307149708271	4.40000581741333	0.00817300193011761	4.40000581741333	0.0124153587967157	4.40000581741333	0.240796536207199	4.40000581741333	0.0162944346666336
4.41000604629517	531.110595703125	4.41000604629517	535.398376464844	4.41000604629517	540.356018066406	4.41000604629517	550.354309082031	4.41000604629517	561.19091796875	4.41000604629517	553.830017089844	4.41000604629517	570.844482421875	4.41000604629517	545.019653320313	4.41000604629517	6694.38330078125	4.41000604629517	505.515197753906	4.41000604629517	3.66601037979126	4.41000604629517	4.35335779190063	4.41000604629517	5.49323225021362	4.41000604629517	6.4389820098877	4.41000604629517	5.48784160614014	4.41000604629517	7.06086111068726	4.41000604629517	8.36656761169434	4.41000604629517	5.28427982330322	4.41000604629517	10.0979480743408	4.41000604629517	3.72149753570557	4.41000604629517	2.39992523193359	4.41000604629517	2.42361092567444	4.41000604629517	2.59312462806702	4.41000604629517	1.86458909511566	4.41000604629517	1.80873322486877	4.41000604629517	3.83400678634644	4.41000604629517	0.407131433486938	4.41000604629517	0.519713997840881	4.41000604629517	0.766227006912231	4.41000604629517	2.98546934127808	4.41000604629517	0.0174048040062189	4.41000604629517	0.00966854766011238	4.41000604629517	0.00837544165551662	4.41000604629517	0.00930159259587526	4.41000604629517	0.0100116608664393	4.41000604629517	0.00867392867803574	4.41000604629517	0.00796670746058226	4.41000604629517	0.0122695760801435	4.41000604629517	0.240804463624954	4.41000604629517	0.0163532141596079
4.420006275177	534.224365234375	4.420006275177	537.146911621094	4.420006275177	541.871215820313	4.420006275177	552.018798828125	4.420006275177	562.982238769531	4.420006275177	555.377258300781	4.420006275177	572.259948730469	4.420006275177	547.215026855469	4.420006275177	6737.72900390625	4.420006275177	508.464050292969	4.420006275177	3.01453924179077	4.420006275177	3.94010591506958	4.420006275177	4.94625520706177	4.420006275177	5.73849439620972	4.420006275177	5.17164897918701	4.420006275177	6.30383777618408	4.420006275177	7.83718061447144	4.420006275177	4.1965389251709	4.420006275177	11.2687854766846	4.420006275177	3.59050798416138	4.420006275177	3.37076926231384	4.420006275177	2.65486574172974	4.420006275177	2.88228178024292	4.420006275177	2.23552322387695	4.420006275177	1.99492859840393	4.420006275177	4.15976762771606	4.420006275177	0.663533806800842	4.420006275177	1.36567294597626	4.420006275177	1.9851508140564	4.420006275177	3.93178176879883	4.420006275177	0.0173317547887564	4.420006275177	0.00984727684408426	4.420006275177	0.0085552129894495	4.420006275177	0.0093386285007	4.420006275177	0.00995677430182695	4.420006275177	0.00864207744598389	4.420006275177	0.00786150898784399	4.420006275177	0.0124142011627555	4.420006275177	0.240294486284256	4.420006275177	0.0164186488837004
4.43000650405884	537.337524414063	4.43000650405884	538.935485839844	4.43000650405884	543.427368164063	4.43000650405884	553.703063964844	4.43000650405884	564.769592285156	4.43000650405884	556.929931640625	4.43000650405884	573.66552734375	4.43000650405884	549.462646484375	4.43000650405884	6780.93603515625	4.43000650405884	511.42529296875	4.43000650405884	3.22117805480957	4.43000650405884	3.74899625778198	4.43000650405884	4.65580034255981	4.43000650405884	5.33901691436768	4.43000650405884	4.93959379196167	4.43000650405884	5.82635354995727	4.43000650405884	7.40390872955322	4.43000650405884	3.73363924026489	4.43000650405884	7.91197395324707	4.43000650405884	4.25310039520264	4.43000650405884	4.45042657852173	4.43000650405884	2.92932200431824	4.43000650405884	3.22407007217407	4.43000650405884	2.77166199684143	4.43000650405884	2.214195728302	4.43000650405884	4.63806390762329	4.43000650405884	1.07756280899048	4.43000650405884	2.33837413787842	4.43000650405884	3.71325063705444	4.43000650405884	4.85877227783203	4.43000650405884	0.0173096563667059	4.43000650405884	0.0100895846262574	4.43000650405884	0.00880823656916618	4.43000650405884	0.00950001645833254	4.43000650405884	0.00996942445635796	4.43000650405884	0.00872393883764744	4.43000650405884	0.00787038262933493	4.43000650405884	0.0127693247050047	4.43000650405884	0.2398791462183	4.43000650405884	0.0164823494851589
4.44000673294067	540.451232910156	4.44000673294067	540.773498535156	4.44000673294067	545.03564453125	4.44000673294067	555.427551269531	4.44000673294067	566.565185546875	4.44000673294067	558.507629394531	4.44000673294067	575.0830078125	4.44000673294067	551.793090820313	4.44000673294067	6824.07666015625	4.44000673294067	514.397827148438	4.44000673294067	4.29584503173828	4.44000673294067	3.84146499633789	4.44000673294067	4.7106819152832	4.44000673294067	5.41939067840576	4.44000673294067	4.90766763687134	4.44000673294067	5.84218740463257	4.44000673294067	7.2642183303833	4.44000673294067	4.09991884231567	4.44000673294067	1.68867921829224	4.44000673294067	5.5164008140564	4.44000673294067	5.09823179244995	4.44000673294067	3.10457682609558	4.44000673294067	3.44532299041748	4.44000673294067	3.19380617141724	4.44000673294067	2.35261297225952	4.44000673294067	5.01705932617188	4.44000673294067	1.42962765693665	4.44000673294067	2.96625685691833	4.44000673294067	5.09979677200317	4.44000673294067	5.27608585357666	4.44000673294067	0.0172131732106209	4.44000673294067	0.0103448983281851	4.44000673294067	0.00908363610506058	4.44000673294067	0.00970448646694422	4.44000673294067	0.0100182518362999	4.44000673294067	0.00885389652103186	4.44000673294067	0.00795165169984102	4.44000673294067	0.0131548540666699	4.44000673294067	0.240120634436607	4.44000673294067	0.0165356267243624
4.45000696182251	543.540954589844	4.45000696182251	542.658508300781	4.45000696182251	546.695495605469	4.45000696182251	557.192810058594	4.45000696182251	568.372863769531	4.45000696182251	560.112976074219	4.45000696182251	576.521606445313	4.45000696182251	554.195678710937	4.45000696182251	6867.3203125	4.45000696182251	517.379089355469	4.45000696182251	5.84410905838013	4.45000696182251	4.14128971099854	4.45000696182251	5.0299186706543	4.45000696182251	5.9208550453186	4.45000696182251	5.09230089187622	4.45000696182251	6.31786680221558	4.45000696182251	7.46608018875122	4.45000696182251	5.10230779647827	4.45000696182251	-4.38267040252686	4.45000696182251	6.91604709625244	4.45000696182251	4.983802318573	4.45000696182251	3.086829662323	4.45000696182251	3.43197202682495	4.45000696182251	3.28014802932739	4.45000696182251	2.33681035041809	4.45000696182251	5.09473514556885	4.45000696182251	1.53211236000061	4.45000696182251	2.94524526596069	4.45000696182251	5.46525859832764	4.45000696182251	4.93572330474854	4.45000696182251	0.0169401112943888	4.45000696182251	0.0105618815869093	4.45000696182251	0.00932745914906263	4.45000696182251	0.00985344778746366	4.45000696182251	0.0100541021674871	4.45000696182251	0.00894644763320684	4.45000696182251	0.0080315787345171	4.45000696182251	0.0133816292509437	4.45000696182251	0.241256907582283	4.45000696182251	0.0165735185146332
4.46000719070435	546.565612792969	4.46000719070435	544.579162597656	4.46000719070435	548.396362304687	4.46000719070435	558.979858398438	4.46000719070435	570.185791015625	4.46000719070435	561.731689453125	4.46000719070435	577.974548339844	4.46000719070435	556.624816894531	4.46000719070435	6910.84912109375	4.46000719070435	520.365661621094	4.46000719070435	7.24098539352417	4.46000719070435	4.47243547439575	4.46000719070435	5.40383577346802	4.46000719070435	6.57817363739014	4.46000719070435	5.40337371826172	4.46000719070435	6.99152803421021	4.46000719070435	7.88636112213135	4.46000719070435	6.2473931312561	4.46000719070435	-7.32126092910767	4.46000719070435	7.92303276062012	4.46000719070435	4.1356406211853	4.46000719070435	2.8735876083374	4.46000719070435	3.18072891235352	4.46000719070435	2.96930885314941	4.46000719070435	2.16787266731262	4.46000719070435	4.81301784515381	4.46000719070435	1.31715893745422	4.46000719070435	2.27425813674927	4.46000719070435	4.61064624786377	4.46000719070435	3.9408130645752	4.46000719070435	0.0164579842239618	4.46000719070435	0.0107129365205765	4.46000719070435	0.00950876343995333	4.46000719070435	0.00987912993878126	4.46000719070435	0.0100341821089387	4.46000719070435	0.00893851276487112	4.46000719070435	0.00804148521274328	4.46000719070435	0.0133402794599533	4.46000719070435	0.243091821670532	4.46000719070435	0.016596969217062
4.47000741958618	549.484619140625	4.47000741958618	546.521118164063	4.47000741958618	550.124267578125	4.47000741958618	560.760437011719	4.47000741958618	571.990173339844	4.47000741958618	563.339904785156	4.47000741958618	579.4228515625	4.47000741958618	559.022399902344	4.47000741958618	6954.7705078125	4.47000741958618	523.355285644531	4.47000741958618	7.89782094955444	4.47000741958618	4.63992929458618	4.47000741958618	5.59161567687988	4.47000741958618	7.04033803939819	4.47000741958618	5.68367719650269	4.47000741958618	7.49217224121094	4.47000741958618	8.28552436828613	4.47000741958618	6.95913124084473	4.47000741958618	-5.57415819168091	4.47000741958618	8.1801290512085	4.47000741958618	2.94147181510925	4.47000741958618	2.55836963653564	4.47000741958618	2.80474662780762	4.47000741958618	2.39566469192505	4.47000741958618	1.92340970039368	4.47000741958618	4.29115629196167	4.47000741958618	0.873528003692627	4.47000741958618	1.26737952232361	4.47000741958618	2.92770671844482	4.47000741958618	2.7125198841095	4.47000741958618	0.0158208273351192	4.47000741958618	0.0108073577284813	4.47000741958618	0.0096345329657197	4.47000741958618	0.00977754034101963	4.47000741958618	0.00994299910962582	4.47000741958618	0.00882055144757032	4.47000741958618	0.00795191060751677	4.47000741958618	0.0130519587546587	4.47000741958618	0.2450832426548	4.47000741958618	0.0166124477982521
4.48000764846802	552.275024414063	4.48000764846802	548.474975585937	4.48000764846802	551.869812011719	4.48000764846802	562.51123046875	4.48000764846802	573.771728515625	4.48000764846802	564.916931152344	4.48000764846802	580.846130371094	4.48000764846802	561.345764160156	4.48000764846802	6999.06494140625	4.48000764846802	526.346923828125	4.48000764846802	7.54712438583374	4.48000764846802	4.52701473236084	4.48000764846802	5.44210338592529	4.48000764846802	7.04220151901245	4.48000764846802	5.78392219543457	4.48000764846802	7.52163028717041	4.48000764846802	8.42321586608887	4.48000764846802	6.85298776626587	4.48000764846802	0.103815197944641	4.48000764846802	7.68631601333618	4.48000764846802	1.98534727096558	4.48000764846802	2.29177451133728	4.48000764846802	2.48650050163269	4.48000764846802	1.83673453330994	4.48000764846802	1.72424054145813	4.48000764846802	3.77941989898682	4.48000764846802	0.413642644882202	4.48000764846802	0.42455518245697	4.48000764846802	1.25064301490784	4.48000764846802	1.81020510196686	4.48000764846802	0.0151495756581426	4.48000764846802	0.010887791402638	4.48000764846802	0.00974719412624836	4.48000764846802	0.00961281731724739	4.48000764846802	0.009801359847188	4.48000764846802	0.00864359084516764	4.48000764846802	0.00778930820524692	4.48000764846802	0.0126629779115319	4.48000764846802	0.246595054864883	4.48000764846802	0.016629084944725
4.49000787734985	554.941589355469	4.49000787734985	550.442016601562	4.49000787734985	553.634460449219	4.49000787734985	564.226684570313	4.49000787734985	575.523254394531	4.49000787734985	566.456909179687	4.49000787734985	582.233581542969	4.49000787734985	563.590087890625	4.49000787734985	7043.587890625	4.49000787734985	529.341674804687	4.49000787734985	6.41578197479248	4.49000787734985	4.16416597366333	4.49000787734985	4.98298168182373	4.49000787734985	6.55521202087402	4.49000787734985	5.6442699432373	4.49000787734985	7.0234637260437	4.49000787734985	8.190185546875	4.49000787734985	5.95654916763306	4.49000787734985	6.8412618637085	4.49000787734985	6.82713174819946	4.49000787734985	1.75667881965637	4.49000787734985	2.20654702186584	4.49000787734985	2.38708829879761	4.49000787734985	1.57629442214966	4.49000787734985	1.67324948310852	4.49000787734985	3.53581428527832	4.49000787734985	0.169647455215454	4.49000787734985	0.184506118297577	4.49000787734985	0.452779412269592	4.49000787734985	1.65309476852417	4.49000787734985	0.0145780490711331	4.49000787734985	0.0110095385462046	4.49000787734985	0.00990385189652443	4.49000787734985	0.00948758982121944	4.49000787734985	0.00965774990618229	4.49000787734985	0.00849595479667187	4.49000787734985	0.00762536469846964	4.49000787734985	0.0123784709721804	4.49000787734985	0.247216895222664	4.49000787734985	0.0166542716324329
4.50000810623169	557.51416015625	4.50000810623169	552.434753417969	4.50000810623169	555.431213378906	4.50000810623169	565.923217773438	4.50000810623169	577.248718261719	4.50000810623169	567.972900390625	4.50000810623169	583.591369628906	4.50000810623169	565.792602539063	4.50000810623169	7088.14306640625	4.50000810623169	532.341674804687	4.50000810623169	5.14150762557983	4.50000810623169	3.72073531150818	4.50000810623169	4.41548681259155	4.50000810623169	5.81923627853394	4.50000810623169	5.33374452590942	4.50000810623169	6.23091983795166	4.50000810623169	7.67934036254883	4.50000810623169	4.72603750228882	4.50000810623169	11.0994415283203	4.50000810623169	6.19060468673706	4.50000810623169	2.37220287322998	4.50000810623169	2.34262752532959	4.50000810623169	2.55541658401489	4.50000810623169	1.74492824077606	4.50000810623169	1.79628694057465	4.50000810623169	3.68114042282105	4.50000810623169	0.263487100601196	4.50000810623169	0.677477478981018	4.50000810623169	0.962562561035156	4.50000810623169	2.28441643714905	4.50000810623169	0.0141847906634212	4.50000810623169	0.0112108904868364	4.50000810623169	0.0101453848183155	4.50000810623169	0.00948901753872633	4.50000810623169	0.00956356432288885	4.50000810623169	0.00845685601234436	4.50000810623169	0.00754003319889307	4.50000810623169	0.012356411665678	4.50000810623169	0.246994718909264	4.50000810623169	0.0166897065937519
4.51000833511353	560.032104492188	4.51000833511353	554.470825195313	4.51000833511353	557.279113769531	4.51000833511353	567.63134765625	4.51000833511353	578.961669921875	4.51000833511353	569.491577148438	4.51000833511353	584.940856933594	4.51000833511353	568.014709472656	4.51000833511353	7132.58203125	4.51000833511353	535.349060058594	4.51000833511353	4.43420743942261	4.51000833511353	3.41214847564697	4.51000833511353	4.00348091125488	4.51000833511353	5.21252393722534	4.51000833511353	5.01417350769043	4.51000833511353	5.54054880142212	4.51000833511353	7.13743305206299	4.51000833511353	3.80307006835937	4.51000833511353	10.6406345367432	4.51000833511353	6.25420665740967	4.51000833511353	3.49927043914795	4.51000833511353	2.62219429016113	4.51000833511353	2.89772176742554	4.51000833511353	2.24150919914246	4.51000833511353	2.02520990371704	4.51000833511353	4.12618494033814	4.51000833511353	0.63420557975769	4.51000833511353	1.64378571510315	4.51000833511353	2.50928068161011	4.51000833511353	3.33926630020142	4.51000833511353	0.0139494249597192	4.51000833511353	0.011491128243506	4.51000833511353	0.0104727996513247	4.51000833511353	0.00963947083801031	4.51000833511353	0.0095448000356555	4.51000833511353	0.00855165161192417	4.51000833511353	0.00757684046402574	4.51000833511353	0.012618443928659	4.51000833511353	0.246421933174133	4.51000833511353	0.0167303048074245
4.52000856399536	562.521789550781	4.52000856399536	556.564453125	4.52000856399536	559.193664550781	4.52000856399536	569.380004882812	4.52000856399536	580.678039550781	4.52000856399536	571.039428710937	4.52000856399536	586.308044433594	4.52000856399536	570.309692382812	4.52000856399536	7176.88623046875	4.52000856399536	538.364135742188	4.52000856399536	4.69215679168701	4.52000856399536	3.38162708282471	4.52000856399536	3.92721319198608	4.52000856399536	5.03959274291992	4.52000856399536	4.84938812255859	4.52000856399536	5.2881178855896	4.52000856399536	6.82440567016602	4.52000856399536	3.66013479232788	4.52000856399536	5.73341083526611	4.52000856399536	7.1378698348999	4.52000856399536	4.54159307479858	4.52000856399536	2.89332675933838	4.52000856399536	3.23025441169739	4.52000856399536	2.79157590866089	4.52000856399536	2.23665118217468	4.52000856399536	4.62311458587646	4.52000856399536	1.07377338409424	4.52000856399536	2.57949161529541	4.52000856399536	4.27942419052124	4.52000856399536	4.24367094039917	4.52000856399536	0.0137638170272112	4.52000856399536	0.0118106165900826	4.52000856399536	0.0108462888747454	4.52000856399536	0.0098837586119771	4.52000856399536	0.0095877768471837	4.52000856399536	0.00873751007020473	4.52000856399536	0.00771843269467354	4.52000856399536	0.0130366897210479	4.52000856399536	0.24617637693882	4.52000856399536	0.0167668331414461
4.5300087928772	564.982543945313	4.5300087928772	558.719116210937	4.5300087928772	561.179626464844	4.5300087928772	571.181091308594	4.5300087928772	582.40771484375	4.5300087928772	572.628967285156	4.5300087928772	587.710083007812	4.5300087928772	572.693908691406	4.5300087928772	7221.17626953125	4.5300087928772	541.385437011719	4.5300087928772	5.80913066864014	4.5300087928772	3.62937664985657	4.5300087928772	4.19330930709839	4.5300087928772	5.37357234954834	4.5300087928772	4.91887378692627	4.5300087928772	5.5724048614502	4.5300087928772	6.87353229522705	4.5300087928772	4.36339282989502	4.5300087928772	-1.07891154289246	4.5300087928772	8.55938053131103	4.5300087928772	4.95547866821289	4.5300087928772	3.01078462600708	4.5300087928772	3.37700653076172	4.5300087928772	3.09687566757202	4.5300087928772	2.31874966621399	4.5300087928772	4.9006404876709	4.5300087928772	1.34161961078644	4.5300087928772	3.00352597236633	4.5300087928772	5.35788249969482	4.5300087928772	4.50842666625977	4.5300087928772	0.0134912235662341	4.5300087928772	0.0121122933924198	4.5300087928772	0.011206965893507	4.5300087928772	0.0101203620433807	4.5300087928772	0.00964739732444286	4.5300087928772	0.0089280903339386	4.5300087928772	0.00789732113480568	4.5300087928772	0.0134045295417309	4.5300087928772	0.246760189533234	4.5300087928772	0.0167906358838081
4.54000902175903	567.386474609375	4.54000902175903	560.926452636719	4.54000902175903	563.229370117188	4.54000902175903	573.023986816406	4.54000902175903	584.149536132813	4.54000902175903	574.253112792969	4.54000902175903	589.147705078125	4.54000902175903	575.139831542969	4.54000902175903	7265.6455078125	4.54000902175903	544.409912109375	4.54000902175903	7.23855543136597	4.54000902175903	4.01783084869385	4.54000902175903	4.63824462890625	4.54000902175903	6.02750205993652	4.54000902175903	5.17997074127197	4.54000902175903	6.2127251625061	4.54000902175903	7.22698640823364	4.54000902175903	5.55825662612915	4.54000902175903	-6.30074596405029	4.54000902175903	9.97894382476807	4.54000902175903	4.51449728012085	4.54000902175903	2.90700674057007	4.54000902175903	3.25576281547546	4.54000902175903	2.98485827445984	4.54000902175903	2.22666692733765	4.54000902175903	4.80026292800903	4.54000902175903	1.28620791435242	4.54000902175903	2.69151306152344	4.54000902175903	5.1818380355835	4.54000902175903	3.95961284637451	4.54000902175903	0.0130368890240788	4.54000902175903	0.0123508051037788	4.54000902175903	0.0115071190521121	4.54000902175903	0.0102552371099591	4.54000902175903	0.0096714673563838	4.54000902175903	0.00903992913663387	4.54000902175903	0.0080329142510891	4.54000902175903	0.0135435434058309	4.54000902175903	0.248246282339096	4.54000902175903	0.0167978145182133
4.55000925064087	569.692260742188	4.55000925064087	563.171081542969	4.55000925064087	565.32763671875	4.55000925064087	574.882080078125	4.55000925064087	585.892639160156	4.55000925064087	575.890380859375	4.55000925064087	590.605834960937	4.55000925064087	577.590148925781	4.55000925064087	7310.4638671875	4.55000925064087	547.434143066406	4.55000925064087	8.24888134002686	4.55000925064087	4.3385853767395	4.55000925064087	5.00891304016113	4.55000925064087	6.6469292640686	4.55000925064087	5.48832273483276	4.55000925064087	6.83911466598511	4.55000925064087	7.66468620300293	4.55000925064087	6.64118957519531	4.55000925064087	-7.17634296417236	4.55000925064087	10.8488435745239	4.55000925064087	3.42081499099731	4.55000925064087	2.62548136711121	4.55000925064087	2.91861629486084	4.55000925064087	2.49475789070129	4.55000925064087	2.0047619342804	4.55000925064087	4.35545778274536	4.55000925064087	0.92061448097229	4.55000925064087	1.7862491607666	4.55000925064087	3.81593251228333	4.55000925064087	2.82377791404724	4.55000925064087	0.0123959584161639	4.55000925064087	0.0125144859775901	4.55000925064087	0.0117334183305502	4.55000925064087	0.010249262675643	4.55000925064087	0.00962756015360355	4.55000925064087	0.00903524179011583	4.55000925064087	0.00807349476963282	4.55000925064087	0.013390114530921	4.55000925064087	0.250243991613388	4.55000925064087	0.0167910419404507
4.56000947952271	571.865844726562	4.56000947952271	565.438415527344	4.56000947952271	567.460021972656	4.56000947952271	576.726440429688	4.56000947952271	587.621643066406	4.56000947952271	577.516296386719	4.56000947952271	592.062744140625	4.56000947952271	579.986572265625	4.56000947952271	7355.6875	4.56000947952271	550.455932617188	4.56000947952271	8.27773094177246	4.56000947952271	4.414231300354	4.56000947952271	5.0873384475708	4.56000947952271	6.88357973098755	4.56000947952271	5.66750431060791	4.56000947952271	7.07528734207153	4.56000947952271	7.91242218017578	4.56000947952271	7.04511308670044	4.56000947952271	-3.11757349967957	4.56000947952271	10.8796834945679	4.56000947952271	2.22694158554077	4.56000947952271	2.30486345291138	4.56000947952271	2.53302311897278	4.56000947952271	1.86894655227661	4.56000947952271	1.76826739311218	4.56000947952271	3.78494024276733	4.56000947952271	0.424367189407349	4.56000947952271	0.747190594673157	4.56000947952271	1.95301222801209	4.56000947952271	1.63894820213318	4.56000947952271	0.0116603700444102	4.56000947952271	0.0126313976943493	4.56000947952271	0.0119136422872543	4.56000947952271	0.0101390918716788	4.56000947952271	0.00952041894197464	4.56000947952271	0.00894236005842686	4.56000947952271	0.00802393350750208	4.56000947952271	0.0130281578749418	4.56000947952271	0.252087384462357	4.56000947952271	0.016778415068984
4.57000970840454	573.898559570313	4.57000970840454	567.722595214844	4.57000970840454	569.620727539063	4.57000970840454	578.541564941406	4.57000970840454	589.325622558594	4.57000970840454	579.117553710937	4.57000970840454	593.502563476563	4.57000970840454	582.299072265625	4.57000970840454	7401.2294921875	4.57000970840454	553.474914550781	4.57000970840454	7.25360631942749	4.57000970840454	4.19608974456787	4.57000970840454	4.81117582321167	4.57000970840454	6.58623361587524	4.57000970840454	5.60390758514404	4.57000970840454	6.74630784988403	4.57000970840454	7.79062080383301	4.57000970840454	6.54269695281982	4.57000970840454	3.7953314781189	4.57000970840454	10.2123908996582	4.57000970840454	1.56878674030304	4.57000970840454	2.11230945587158	4.57000970840454	2.30132126808166	4.57000970840454	1.43733811378479	4.57000970840454	1.64628338813782	4.57000970840454	3.38853240013123	4.57000970840454	0.0587465763092041	4.57000970840454	0.130769968032837	4.57000970840454	0.593281388282776	4.57000970840454	0.997187077999115	4.57000970840454	0.0109785310924053	4.57000970840454	0.0127559471875429	4.57000970840454	0.0121031878516078	4.57000970840454	0.0100210718810558	4.57000970840454	0.00939143169671297	4.57000970840454	0.00884362030774355	4.57000970840454	0.00794567167758942	4.57000970840454	0.012652943842113	4.57000970840454	0.253172755241394	4.57000970840454	0.0167696122080088
4.58000993728638	575.813293457031	4.58000993728638	570.029846191406	4.58000993728638	571.816284179687	4.58000993728638	580.334716796875	4.58000993728638	591.004516601562	4.58000993728638	580.700561523437	4.58000993728638	594.925720214844	4.58000993728638	584.542846679688	4.58000993728638	7446.8984375	4.58000993728638	556.492614746094	4.58000993728638	5.68502235412598	4.58000993728638	3.80097770690918	4.58000993728638	4.31997156143188	4.58000993728638	5.90350008010864	4.58000993728638	5.31766557693481	4.58000993728638	5.99605274200439	4.58000993728638	7.32706356048584	4.58000993728638	5.40537929534912	4.58000993728638	9.78682518005371	4.58000993728638	9.37235832214355	4.58000993728638	1.80961656570435	4.58000993728638	2.1503541469574	4.58000993728638	2.34804773330688	4.58000993728638	1.43333613872528	4.58000993728638	1.70849061012268	4.58000993728638	3.3800413608551	4.58000993728638	0.0216152667999268	4.58000993728638	0.279637098312378	4.58000993728638	0.495721817016602	4.58000993728638	1.21874010562897	4.58000993728638	0.0104788402095437	4.58000993728638	0.0129399597644806	4.58000993728638	0.0123552726581693	4.58000993728638	0.0100007178261876	4.58000993728638	0.00929766893386841	4.58000993728638	0.00883196573704481	4.58000993728638	0.00792500656098127	4.58000993728638	0.0124717401340604	4.58000993728638	0.253293395042419	4.58000993728638	0.0167708043009043
4.59001016616821	577.654479980469	4.59001016616821	572.375610351562	4.59001016616821	574.062927246094	4.59001016616821	582.132934570312	4.59001016616821	592.669616699219	4.59001016616821	582.289245605469	4.59001016616821	596.350402832031	4.59001016616821	586.771362304687	4.59001016616821	7492.501953125	4.59001016616821	559.511413574219	4.59001016616821	4.39202880859375	4.59001016616821	3.44924855232239	4.59001016616821	3.88079929351807	4.59001016616821	5.20860004425049	4.59001016616821	4.95640993118286	4.59001016616821	5.21485233306885	4.59001016616821	6.74899196624756	4.59001016616821	4.27115297317505	4.59001016616821	11.5296144485474	4.59001016616821	8.98716735839844	4.59001016616821	2.81321144104004	4.59001016616821	2.39382195472717	4.59001016616821	2.64318704605103	4.59001016616821	1.85047423839569	4.59001016616821	1.92113375663757	4.59001016616821	3.75593900680542	4.59001016616821	0.326502084732056	4.59001016616821	1.10989701747894	4.59001016616821	1.71781373023987	4.59001016616821	2.15740871429443	4.59001016616821	0.0101958652958274	4.59001016616821	0.0132027138024569	4.59001016616821	0.0126898847520351	4.59001016616821	0.0101319011300802	4.59001016616821	0.00927964877337217	4.59001016616821	0.00895716622471809	4.59001016616821	0.00802355539053678	4.59001016616821	0.0125861922279	4.59001016616821	0.252775013446808	4.59001016616821	0.0167811084538698
4.60001039505005	579.464294433594	4.60001039505005	574.775756835937	4.60001039505005	576.377258300781	4.60001039505005	583.968505859375	4.60001039505005	594.33837890625	4.60001039505005	583.912780761719	4.60001039505005	597.803527832031	4.60001039505005	589.047180175781	4.60001039505005	7537.955078125	4.60001039505005	562.532958984375	4.60001039505005	4.02505922317505	4.60001039505005	3.33782434463501	4.60001039505005	3.73348999023438	4.60001039505005	4.8799033164978	4.60001039505005	4.70846939086914	4.60001039505005	4.80819368362427	4.60001039505005	6.34798812866211	4.60001039505005	3.77460026741028	4.60001039505005	8.08670330047607	4.60001039505005	9.4366626739502	4.60001039505005	4.02017211914063	4.60001039505005	2.70391607284546	4.60001039505005	3.01893377304077	4.60001039505005	2.44516801834106	4.60001039505005	2.16654276847839	4.60001039505005	4.29639625549316	4.60001039505005	0.793944120407105	4.60001039505005	2.15741372108459	4.60001039505005	3.57819557189941	4.60001039505005	3.28274154663086	4.60001039505005	0.0100490320473909	4.60001039505005	0.0135191362351179	4.60001039505005	0.0130813457071781	4.60001039505005	0.0103843826800585	4.60001039505005	0.00933761335909367	4.60001039505005	0.00919579435139895	4.60001039505005	0.00824146252125502	4.60001039505005	0.0129308179020882	4.60001039505005	0.252300560474396	4.60001039505005	0.0167929641902447
4.61001062393188	581.259887695313	4.61001062393188	577.237670898438	4.61001062393188	578.767150878906	4.61001062393188	585.860412597656	4.61001062393188	596.024291992188	4.61001062393188	585.589538574219	4.61001062393188	599.306640625	4.61001062393188	591.40576171875	4.61001062393188	7583.32666015625	4.61001062393188	565.556762695313	4.61001062393188	4.70087623596191	4.61001062393188	3.53321170806885	4.61001062393188	3.9599552154541	4.61001062393188	5.0874457359314	4.61001062393188	4.69510269165039	4.61001062393188	4.9658989906311	4.61001062393188	6.31127691268921	4.61001062393188	4.19289493560791	4.61001062393188	1.36388659477234	4.61001062393188	10.6592893600464	4.61001062393188	4.77047061920166	4.61001062393188	2.90825390815735	4.61001062393188	3.26652669906616	4.61001062393188	2.8802444934845	4.61001062393188	2.31185579299927	4.61001062393188	4.69485807418823	4.61001062393188	1.15827131271362	4.61001062393188	2.84639859199524	4.61001062393188	5.05845594406128	4.61001062393188	3.97688555717468	4.61001062393188	0.00989089533686638	4.61001062393188	0.013834023848176	4.61001062393188	0.0134728252887726	4.61001062393188	0.0106619736179709	4.61001062393188	0.00943201966583729	4.61001062393188	0.00946558266878128	4.61001062393188	0.00851800385862589	4.61001062393188	0.013311387039721	4.61001062393188	0.252524375915527	4.61001062393188	0.0167962945997715
4.62001085281372	583.026000976563	4.62001085281372	579.756164550781	4.62001085281372	581.227478027344	4.62001085281372	587.804504394531	4.62001085281372	597.730529785156	4.62001085281372	587.317687988281	4.62001085281372	600.86474609375	4.62001085281372	593.836059570312	4.62001085281372	7628.8017578125	4.62001085281372	568.580322265625	4.62001085281372	5.95738887786865	4.62001085281372	3.94265818595886	4.62001085281372	4.44868612289429	4.62001085281372	5.71059560775757	4.62001085281372	4.90750885009766	4.62001085281372	5.5684380531311	4.62001085281372	6.62392902374268	4.62001085281372	5.31686973571777	4.62001085281372	-5.00373268127441	4.62001085281372	12.1991195678711	4.62001085281372	4.65416812896729	4.62001085281372	2.8924081325531	4.62001085281372	3.24728846549988	4.62001085281372	2.9079384803772	4.62001085281372	2.28027606010437	4.62001085281372	4.72458839416504	4.62001085281372	1.21276473999023	4.62001085281372	2.79649996757507	4.62001085281372	5.35423612594604	4.62001085281372	3.85242652893066	4.62001085281372	0.00959160551428795	4.62001085281372	0.0140920411795378	4.62001085281372	0.0138071859255433	4.62001085281372	0.0108571983873844	4.62001085281372	0.00950661674141884	4.62001085281372	0.00967267993837595	4.62001085281372	0.00876714196056127	4.62001085281372	0.0135139692574739	4.62001085281372	0.25371590256691	4.62001085281372	0.0167837999761105
4.63001108169556	584.7255859375	4.63001108169556	582.315979003906	4.63001108169556	583.742919921875	4.63001108169556	589.776428222656	4.63001108169556	599.448486328125	4.63001108169556	589.077392578125	4.63001108169556	602.465209960937	4.63001108169556	596.286804199219	4.63001108169556	7674.5771484375	4.63001108169556	571.600341796875	4.63001108169556	6.99830341339111	4.63001108169556	4.36339330673218	4.63001108169556	4.95463180541992	4.63001108169556	6.40534400939941	4.63001108169556	5.21270513534546	4.63001108169556	6.25447082519531	4.63001108169556	7.08000946044922	4.63001108169556	6.5674877166748	4.63001108169556	-7.53580236434937	4.63001108169556	13.4324512481689	4.63001108169556	3.71753215789795	4.63001108169556	2.65757298469543	4.63001108169556	2.96264791488647	4.63001108169556	2.49728679656982	4.63001108169556	2.08961915969849	4.63001108169556	4.35522127151489	4.63001108169556	0.91614031791687	4.63001108169556	2.01599431037903	4.63001108169556	4.28502750396729	4.63001108169556	2.94323110580444	4.63001108169556	0.00910980254411697	4.63001108169556	0.0142659619450569	4.63001108169556	0.0140560586005449	4.63001108169556	0.0109086874872446	4.63001108169556	0.00951924175024033	4.63001108169556	0.00976235046982765	4.63001108169556	0.00892472453415394	4.63001108169556	0.0134167280048132	4.63001108169556	0.255621463060379	4.63001108169556	0.016754599288106
4.64001131057739	586.322082519531	4.64001131057739	584.899475097656	4.64001131057739	586.29541015625	4.64001131057739	591.74462890625	4.64001131057739	601.1630859375	4.64001131057739	590.842712402344	4.64001131057739	604.0859375	4.64001131057739	598.693054199219	4.64001131057739	7720.76123046875	4.64001131057739	574.613464355469	4.64001131057739	7.10395336151123	4.64001131057739	4.58330821990967	4.64001131057739	5.22130441665649	4.64001131057739	6.77884912490845	4.64001131057739	5.42069005966186	4.64001131057739	6.60649919509888	4.64001131057739	7.38821315765381	4.64001131057739	7.28070735931396	4.64001131057739	-4.72856616973877	4.64001131057739	13.8750629425049	4.64001131057739	2.45468258857727	4.64001131057739	2.3240430355072	4.64001131057739	2.55844068527222	4.64001131057739	1.85810947418213	4.64001131057739	1.84550774097443	4.64001131057739	3.77554368972778	4.64001131057739	0.419756412506103	4.64001131057739	0.913009405136108	4.64001131057739	2.40974044799805	4.64001131057739	1.70344161987305	4.64001131057739	0.00851762853562832	4.64001131057739	0.0143705001100898	4.64001131057739	0.0142340241000056	4.64001131057739	0.010833851993084	4.64001131057739	0.00946489255875349	4.64001131057739	0.00974847562611103	4.64001131057739	0.00898322183638811	4.64001131057739	0.013052724301815	4.64001131057739	0.257594227790833	4.64001131057739	0.0167147759348154
4.65001153945923	587.801940917969	4.65001153945923	587.49560546875	4.65001153945923	588.87353515625	4.65001153945923	593.687927246094	4.65001153945923	602.861877441406	4.65001153945923	592.596130371094	4.65001153945923	605.708129882813	4.65001153945923	601.009765625	4.65001153945923	7767.30517578125	4.65001153945923	577.618591308594	4.65001153945923	6.04805898666382	4.65001153945923	4.49549007415771	4.65001153945923	5.11944961547852	4.65001153945923	6.6050329208374	4.65001153945923	5.38825082778931	4.65001153945923	6.38229942321777	4.65001153945923	7.33176517486572	4.65001153945923	7.0607852935791	4.65001153945923	1.96464681625366	4.65001153945923	13.4519157409668	4.65001153945923	1.56830978393555	4.65001153945923	2.07376909255981	4.65001153945923	2.25521469116211	4.65001153945923	1.34131121635437	4.65001153945923	1.68871366977692	4.65001153945923	3.30397534370422	4.65001153945923	-0.00327777862548828	4.65001153945923	0.100268840789795	4.65001153945923	0.77198052406311	4.65001153945923	0.793858051300049	4.65001153945923	0.00796777755022049	4.65001153945923	0.0144555969163775	4.65001153945923	0.0143917268142104	4.65001153945923	0.0107221938669682	4.65001153945923	0.00938017759472132	4.65001153945923	0.00970827881246805	4.65001153945923	0.00899775419384241	4.65001153945923	0.0125982593744993	4.65001153945923	0.25893247127533	4.65001153945923	0.0166744850575924
4.66001176834106	589.186645507812	4.66001176834106	590.105285644531	4.66001176834106	591.478271484375	4.66001176834106	595.607971191406	4.66001176834106	604.542663574219	4.66001176834106	594.339965820312	4.66001176834106	607.329040527344	4.66001176834106	603.236572265625	4.66001176834106	7814.03271484375	4.66001176834106	580.616394042969	4.66001176834106	4.28299856185913	4.66001176834106	4.16788339614868	4.66001176834106	4.7309775352478	4.66001176834106	5.97204303741455	4.66001176834106	5.10874557495117	4.66001176834106	5.67356204986572	4.66001176834106	6.90454196929932	4.66001176834106	6.03543853759766	4.66001176834106	8.74684047698975	4.66001176834106	12.5721778869629	4.66001176834106	1.57296741008759	4.66001176834106	2.04845333099365	4.66001176834106	2.22451019287109	4.66001176834106	1.24122405052185	4.66001176834106	1.71473634243011	4.66001176834106	3.20952701568604	4.66001176834106	-0.111139535903931	4.66001176834106	0.0484287738800049	4.66001176834106	0.322430610656738	4.66001176834106	0.717650890350342	4.66001176834106	0.00761093618348241	4.66001176834106	0.0145800039172173	4.66001176834106	0.0145888030529022	4.66001176834106	0.0106879211962223	4.66001176834106	0.00932453665882349	4.66001176834106	0.0097409812733531	4.66001176834106	0.00905710738152266	4.66001176834106	0.012283043935895	4.66001176834106	0.259275734424591	4.66001176834106	0.0166426133364439
4.6700119972229	590.524475097656	4.6700119972229	592.740844726563	4.6700119972229	594.121887207031	4.6700119972229	597.528625488281	4.6700119972229	606.216064453125	4.6700119972229	596.096313476563	4.6700119972229	608.964660644531	4.6700119972229	605.419128417969	4.6700119972229	7860.734375	4.6700119972229	583.609130859375	4.6700119972229	2.69800186157227	4.6700119972229	3.81087613105774	4.6700119972229	4.30944919586182	4.6700119972229	5.24461126327515	4.6700119972229	4.72329568862915	4.6700119972229	4.86617183685303	4.6700119972229	6.32537174224854	4.6700119972229	4.81232833862305	4.6700119972229	11.6749181747437	4.6700119972229	11.9119367599487	4.6700119972229	2.46975159645081	4.6700119972229	2.26110601425171	4.6700119972229	2.48149538040161	4.6700119972229	1.61093044281006	4.6700119972229	1.91290807723999	4.6700119972229	3.54327583312988	4.6700119972229	0.155763387680054	4.6700119972229	0.787391901016235	4.6700119972229	1.32899761199951	4.6700119972229	1.51270532608032	4.6700119972229	0.00750447390601039	4.6700119972229	0.0147771760821342	4.6700119972229	0.0148590393364429	4.6700119972229	0.0108028557151556	4.6700119972229	0.00934568513184786	4.6700119972229	0.00990900211036205	4.6700119972229	0.00923143979161978	4.6700119972229	0.0122580379247665	4.6700119972229	0.258833914995193	4.6700119972229	0.0166216380894184
4.68001222610474	591.86572265625	4.68001222610474	595.41845703125	4.68001222610474	596.820861816406	4.68001222610474	599.483520507812	4.68001222610474	607.900207519531	4.68001222610474	597.895080566406	4.68001222610474	610.642028808594	4.68001222610474	607.623291015625	4.68001222610474	7907.28466796875	4.68001222610474	586.59912109375	4.68001222610474	2.06519985198975	4.68001222610474	3.65255045890808	4.68001222610474	4.1295599937439	4.68001222610474	4.84280204772949	4.68001222610474	4.4349889755249	4.68001222610474	4.40424013137817	4.68001222610474	5.90426874160767	4.68001222610474	4.11587333679199	4.68001222610474	9.07541179656982	4.68001222610474	12.0192947387695	4.68001222610474	3.7383861541748	4.68001222610474	2.58657360076904	4.68001222610474	2.8736355304718	4.68001222610474	2.22646951675415	4.68001222610474	2.17187976837158	4.68001222610474	4.1041579246521	4.68001222610474	0.635897159576416	4.68001222610474	1.88118350505829	4.68001222610474	3.20220637321472	4.68001222610474	2.72418546676636	4.68001222610474	0.0075747100636363	4.68001222610474	0.0150347445160151	4.68001222610474	0.0151894763112068	4.68001222610474	0.0110517553985119	4.68001222610474	0.00945036672055721	4.68001222610474	0.0101988697424531	4.68001222610474	0.00952867697924376	4.68001222610474	0.0125018022954464	4.68001222610474	0.258276790380478	4.68001222610474	0.0166060794144869
4.69001245498657	593.235473632813	4.69001245498657	598.147888183594	4.69001245498657	599.584777832031	4.69001245498657	601.495239257812	4.69001245498657	609.610717773437	4.69001245498657	599.756958007812	4.69001245498657	612.383911132813	4.69001245498657	609.895568847656	4.69001245498657	7953.724609375	4.69001245498657	589.5869140625	4.69001245498657	2.57174611091614	4.69001245498657	3.80726599693298	4.69001245498657	4.32887840270996	4.69001245498657	4.99116134643555	4.69001245498657	4.38600444793701	4.69001245498657	4.52375745773315	4.69001245498657	5.85438585281372	4.69001245498657	4.35516881942749	4.69001245498657	2.47755861282349	4.69001245498657	13.0084562301636	4.69001245498657	4.65592050552368	4.69001245498657	2.83811783790588	4.69001245498657	3.17409801483154	4.69001245498657	2.72632884979248	4.69001245498657	2.34824132919312	4.69001245498657	4.56427001953125	4.69001245498657	1.04809761047363	4.69001245498657	2.69694852828979	4.69001245498657	4.86456394195557	4.69001245498657	3.67640829086304	4.69001245498657	0.00766346789896488	4.69001245498657	0.015301825478673	4.69001245498657	0.0155279152095318	4.69001245498657	0.0113419014960527	4.69001245498657	0.00960070360451937	4.69001245498657	0.0105297630652785	4.69001245498657	0.00988997705280781	4.69001245498657	0.0128335161134601	4.69001245498657	0.258337110280991	4.69001245498657	0.0165856871753931
4.70001268386841	594.622863769531	4.70001268386841	600.92626953125	4.70001268386841	602.410217285156	4.70001268386841	603.562866210937	4.70001268386841	611.352355957031	4.70001268386841	601.68212890625	4.70001268386841	614.196655273437	4.70001268386841	612.235412597656	4.70001268386841	8000.22998046875	4.70001268386841	592.570495605469	4.70001268386841	3.73485898971558	4.70001268386841	4.21841144561768	4.70001268386841	4.839430809021	4.70001268386841	5.60071659088135	4.70001268386841	4.57908010482788	4.70001268386841	5.12810850143433	4.70001268386841	6.17497491836548	4.70001268386841	5.40904235839844	4.70001268386841	-4.36945724487305	4.70001268386841	14.5141448974609	4.70001268386841	4.70720434188843	4.70001268386841	2.87310886383057	4.70001268386841	3.21043395996094	4.70001268386841	2.81975030899048	4.70001268386841	2.34806632995605	4.70001268386841	4.65779399871826	4.70001268386841	1.15433216094971	4.70001268386841	2.76671361923218	4.70001268386841	5.37303352355957	4.70001268386841	3.84602546691895	4.70001268386841	0.00762506853789091	4.70001268386841	0.0155182462185621	4.70001268386841	0.0158127471804619	4.70001268386841	0.0115587515756488	4.70001268386841	0.00973755121231079	4.70001268386841	0.0108022037893534	4.70001268386841	0.0102256713435054	4.70001268386841	0.0130214281380177	4.70001268386841	0.259387642145157	4.70001268386841	0.0165512282401323
4.71001291275024	595.991882324219	4.71001291275024	603.739013671875	4.71001291275024	605.282104492188	4.71001291275024	605.662963867187	4.71001291275024	613.117431640625	4.71001291275024	603.651000976563	4.71001291275024	616.067504882813	4.71001291275024	614.59619140625	4.71001291275024	8047.0146484375	4.71001291275024	595.546630859375	4.71001291275024	4.68454647064209	4.71001291275024	4.69162130355835	4.71001291275024	5.42786073684692	4.71001291275024	6.32436370849609	4.71001291275024	4.87849950790405	4.71001291275024	5.84872245788574	4.71001291275024	6.65699243545532	4.71001291275024	6.70515918731689	4.71001291275024	-7.56478071212769	4.71001291275024	15.8873710632324	4.71001291275024	3.8571949005127	4.71001291275024	2.66837334632874	4.71001291275024	2.95598268508911	4.71001291275024	2.44307947158813	4.71001291275024	2.17607760429382	4.71001291275024	4.32369422912598	4.71001291275024	0.887789964675903	4.71001291275024	2.03752398490906	4.71001291275024	4.42522525787354	4.71001291275024	3.1335244178772	4.71001291275024	0.00741046573966742	4.71001291275024	0.0156469866633415	4.71001291275024	0.0160059202462435	4.71001291275024	0.0116303656250238	4.71001291275024	0.0098145566880703	4.71001291275024	0.0109542207792401	4.71001291275024	0.0104664275422692	4.71001291275024	0.0129125425592065	4.71001291275024	0.261239290237427	4.71001291275024	0.0164994169026613
4.72001314163208	597.306518554687	4.72001314163208	606.567016601562	4.72001314163208	608.180603027344	4.72001314163208	607.762878417969	4.72001314163208	614.890991210937	4.72001314163208	605.636474609375	4.72001314163208	617.973022460937	4.72001314163208	616.910583496094	4.72001314163208	8094.205078125	4.72001314163208	598.511840820312	4.72001314163208	4.6450834274292	4.72001314163208	4.99420738220215	4.72001314163208	5.81458282470703	4.72001314163208	6.74080657958984	4.72001314163208	5.08246278762817	4.72001314163208	6.2423849105835	4.72001314163208	6.99512767791748	4.72001314163208	7.51733016967773	4.72001314163208	-5.17548274993897	4.72001314163208	16.5276737213135	4.72001314163208	2.58122301101685	4.72001314163208	2.33571481704712	4.72001314163208	2.54812049865723	4.72001314163208	1.80023717880249	4.72001314163208	1.93460094928741	4.72001314163208	3.74386620521545	4.72001314163208	0.393224239349365	4.72001314163208	0.912148714065552	4.72001314163208	2.53929781913757	4.72001314163208	1.92862987518311	4.72001314163208	0.00709618581458926	4.72001314163208	0.015693798661232	4.72001314163208	0.0161128360778093	4.72001314163208	0.011567079462111	4.72001314163208	0.00982441566884518	4.72001314163208	0.0109955612570047	4.72001314163208	0.0106016742065549	4.72001314163208	0.0125157693400979	4.72001314163208	0.263244807720184	4.72001314163208	0.0164347440004349
4.73001337051392	598.555541992188	4.73001337051392	609.396057128906	4.73001337051392	611.090515136719	4.73001337051392	609.839294433594	4.73001337051392	616.660278320312	4.73001337051392	607.619384765625	4.73001337051392	619.8935546875	4.73001337051392	619.127746582031	4.73001337051392	8141.76904296875	4.73001337051392	601.464233398438	4.73001337051392	3.4063241481781	4.73001337051392	4.98253345489502	4.73001337051392	5.82623386383057	4.73001337051392	6.59232997894287	4.73001337051392	5.03750658035278	4.73001337051392	6.04341506958008	4.73001337051392	6.95987129211426	4.73001337051392	7.36561632156372	4.73001337051392	1.52099418640137	4.73001337051392	16.2218379974365	4.73001337051392	1.62632846832275	4.73001337051392	2.06709384918213	4.73001337051392	2.22068786621094	4.73001337051392	1.26241254806519	4.73001337051392	1.77080237865448	4.73001337051392	3.25395345687866	4.73001337051392	-0.0430412292480469	4.73001337051392	0.0479230880737305	4.73001337051392	0.810445308685303	4.73001337051392	0.924850463867187	4.73001337051392	0.00684491172432899	4.73001337051392	0.0157053172588348	4.73001337051392	0.0161804612725973	4.73001337051392	0.0114583680406213	4.73001337051392	0.00980452541261911	4.73001337051392	0.0110042002052069	4.73001337051392	0.0106870364397764	4.73001337051392	0.0120029142126441	4.73001337051392	0.264652281999588	4.73001337051392	0.0163673721253872
4.74001359939575	599.765014648438	4.74001359939575	612.224060058594	4.74001359939575	614.009155273437	4.74001359939575	611.891967773437	4.74001359939575	618.423278808594	4.74001359939575	609.600952148438	4.74001359939575	621.824890136719	4.74001359939575	621.242065429688	4.74001359939575	8189.53369140625	4.74001359939575	604.404296875	4.74001359939575	1.50650060176849	4.74001359939575	4.69421005249023	4.74001359939575	5.50618410110474	4.74001359939575	5.95553970336914	4.74001359939575	4.73771286010742	4.74001359939575	5.34057903289795	4.74001359939575	6.54457187652588	4.74001359939575	6.32996940612793	4.74001359939575	8.56599235534668	4.74001359939575	15.3007459640503	4.74001359939575	1.57615458965302	4.74001359939575	2.02410697937012	4.74001359939575	2.16897225379944	4.74001359939575	1.15255188941956	4.74001359939575	1.79037523269653	4.74001359939575	3.14904975891113	4.74001359939575	-0.158206224441528	4.74001359939575	-0.028691291809082	4.74001359939575	0.284514665603638	4.74001359939575	0.727621078491211	4.74001359939575	0.00681095290929079	4.74001359939575	0.015744261443615	4.74001359939575	0.0162722617387772	4.74001359939575	0.0114241261035204	4.74001359939575	0.00981689803302288	4.74001359939575	0.0110832266509533	4.74001359939575	0.0108139906078577	4.74001359939575	0.0116185769438744	4.74001359939575	0.2650445997715	4.74001359939575	0.016307657584548
4.75001382827759	600.987976074219	4.75001382827759	615.0615234375	4.75001382827759	616.946411132813	4.75001382827759	613.945251464844	4.75001382827759	620.191467285156	4.75001382827759	611.60302734375	4.75001382827759	623.782836914062	4.75001382827759	623.298828125	4.75001382827759	8237.27734375	4.75001382827759	607.334289550781	4.75001382827759	-0.0794763565063477	4.75001382827759	4.33414554595947	4.75001382827759	5.09854745864868	4.75001382827759	5.21095180511475	4.75001382827759	4.3361988067627	4.75001382827759	4.53881168365479	4.75001382827759	5.98083257675171	4.75001382827759	5.03781938552856	4.75001382827759	11.6931438446045	4.75001382827759	14.4644050598145	4.75001382827759	2.47117185592651	4.75001382827759	2.23431825637817	4.75001382827759	2.42387533187866	4.75001382827759	1.53650653362274	4.75001382827759	1.98847699165344	4.75001382827759	3.49347019195557	4.75001382827759	0.118111968040466	4.75001382827759	0.732653617858887	4.75001382827759	1.28758656978607	4.75001382827759	1.4735312461853	4.75001382827759	0.00704074557870626	4.75001382827759	0.0158525165170431	4.75001382827759	0.0164308287203312	4.75001382827759	0.0115421582013369	4.75001382827759	0.00991062819957733	4.75001382827759	0.0112979216501117	4.75001382827759	0.0110543435439467	4.75001382827759	0.0115346712991595	4.75001382827759	0.264610439538956	4.75001382827759	0.0162600316107273
4.76001405715942	602.276000976563	4.76001405715942	617.924743652344	4.76001405715942	619.918151855469	4.76001405715942	616.033447265625	4.76001405715942	621.983825683594	4.76001405715942	613.656005859375	4.76001405715942	625.794250488281	4.76001405715942	625.367553710937	4.76001405715942	8284.8681640625	4.76001405715942	610.2568359375	4.76001405715942	-0.578400611877441	4.76001405715942	4.14954900741577	4.76001405715942	4.8996148109436	4.76001405715942	4.80397891998291	4.76001405715942	4.04844903945923	4.76001405715942	4.10371541976929	4.76001405715942	5.59271335601807	4.76001405715942	4.27372217178345	4.76001405715942	9.04593467712402	4.76001405715942	14.3556957244873	4.76001405715942	3.77579379081726	4.76001405715942	2.57226276397705	4.76001405715942	2.83016586303711	4.76001405715942	2.17781543731689	4.76001405715942	2.25176119804382	4.76001405715942	4.07700395584106	4.76001405715942	0.616714596748352	4.76001405715942	1.86816501617432	4.76001405715942	3.20774173736572	4.76001405715942	2.74005699157715	4.76001405715942	0.00743941031396389	4.76001405715942	0.0160250719636679	4.76001405715942	0.0166513919830322	4.76001405715942	0.0117981759831309	4.76001405715942	0.0100904889404774	4.76001405715942	0.0116334920749068	4.76001405715942	0.0114141264930367	4.76001405715942	0.0117397578433156	4.76001405715942	0.264042377471924	4.76001405715942	0.0162202157080174
4.77001428604126	603.650939941406	4.77001428604126	620.824768066406	4.77001428604126	622.935241699219	4.77001428604126	618.18017578125	4.77001428604126	623.816284179688	4.77001428604126	615.780212402344	4.77001428604126	627.881103515625	4.77001428604126	627.499206542969	4.77001428604126	8332.3447265625	4.77001428604126	613.172912597656	4.77001428604126	0.0957221984863281	4.77001428604126	4.28160429000854	4.77001428604126	5.08066701889038	4.77001428604126	4.96889019012451	4.77001428604126	4.0169472694397	4.77001428604126	4.27303075790405	4.77001428604126	5.59432697296143	4.77001428604126	4.48814392089844	4.77001428604126	2.25630617141724	4.77001428604126	15.1812210083008	4.77001428604126	4.72129154205322	4.77001428604126	2.83969068527222	4.77001428604126	3.1457724571228	4.77001428604126	2.69090843200684	4.77001428604126	2.43096160888672	4.77001428604126	4.55117607116699	4.77001428604126	1.03921151161194	4.77001428604126	2.69995141029358	4.77001428604126	4.89583158493042	4.77001428604126	3.81109237670898	4.77001428604126	0.00783259980380535	4.77001428604126	0.01621332205832	4.77001428604126	0.0168848931789398	4.77001428604126	0.0120952613651752	4.77001428604126	0.0103142615407705	4.77001428604126	0.0120046809315681	4.77001428604126	0.0118299862369895	4.77001428604126	0.0120465038344264	4.77001428604126	0.264108508825302	4.77001428604126	0.0161778870970011
4.7800145149231	605.096252441406	4.7800145149231	623.760131835938	4.7800145149231	625.99560546875	4.7800145149231	620.384033203125	4.7800145149231	625.693054199219	4.7800145149231	617.974487304687	4.7800145149231	630.047912597656	4.7800145149231	629.695190429688	4.7800145149231	8379.8896484375	4.7800145149231	616.081115722656	4.7800145149231	1.32203078269958	4.7800145149231	4.68991661071777	4.7800145149231	5.59677886962891	4.7800145149231	5.60042762756348	4.7800145149231	4.22982692718506	4.7800145149231	4.92759609222412	4.7800145149231	5.96925163269043	4.7800145149231	5.54597139358521	4.7800145149231	-4.65162897109985	4.7800145149231	16.6100654602051	4.7800145149231	4.76156949996948	4.7800145149231	2.88268995285034	4.7800145149231	3.18514394760132	4.7800145149231	2.7720193862915	4.7800145149231	2.42905330657959	4.7800145149231	4.63778018951416	4.7800145149231	1.13721096515656	4.7800145149231	2.74059295654297	4.7800145149231	5.35801076889038	4.7800145149231	4.09305334091186	4.7800145149231	0.00807671342045069	4.7800145149231	0.0163543820381165	4.7800145149231	0.0170673746615648	4.7800145149231	0.0123143652454019	4.7800145149231	0.010519583709538	4.7800145149231	0.0123087726533413	4.7800145149231	0.0122088752686977	4.7800145149231	0.0122100636363029	4.7800145149231	0.265190631151199	4.7800145149231	0.0161228366196156
4.79001474380493	606.571960449219	4.79001474380493	626.716613769531	4.79001474380493	629.084106445313	4.79001474380493	622.620361328125	4.79001474380493	627.605041503906	4.79001474380493	620.217468261719	4.79001474380493	632.279602050781	4.79001474380493	631.907653808594	4.79001474380493	8427.7216796875	4.79001474380493	618.978271484375	4.79001474380493	2.15289950370789	4.79001474380493	5.17786026000977	4.79001474380493	6.21532154083252	4.79001474380493	6.32092475891113	4.79001474380493	4.53064346313477	4.79001474380493	5.6672248840332	4.79001474380493	6.48555040359497	4.79001474380493	6.81762266159058	4.79001474380493	-7.57951879501343	4.79001474380493	17.9606113433838	4.79001474380493	3.87409448623657	4.79001474380493	2.67642593383789	4.79001474380493	2.92179918289185	4.79001474380493	2.36866331100464	4.79001474380493	2.25391364097595	4.79001474380493	4.28367900848389	4.79001474380493	0.850858926773071	4.79001474380493	1.96341943740845	4.79001474380493	4.31152486801147	4.79001474380493	3.43892049789429	4.79001474380493	0.00814338121563196	4.79001474380493	0.0164067056030035	4.79001474380493	0.0171559508889914	4.79001474380493	0.0123840775340796	4.79001474380493	0.0106610991060734	4.79001474380493	0.0124854482710361	4.79001474380493	0.0124825527891517	4.79001474380493	0.0120728584006429	4.79001474380493	0.267069607973099	4.79001474380493	0.0160507541149855
4.80001497268677	608.043823242188	4.80001497268677	629.674560546875	4.80001497268677	632.18017578125	4.80001497268677	624.855834960937	4.80001497268677	629.536804199219	4.80001497268677	622.480773925781	4.80001497268677	634.551086425781	4.80001497268677	634.068420410156	4.80001497268677	8475.962890625	4.80001497268677	621.860900878906	4.80001497268677	1.86501526832581	4.80001497268677	5.49692058563232	4.80001497268677	6.6385760307312	4.80001497268677	6.68921995162964	4.80001497268677	4.70596742630005	4.80001497268677	6.03292512893677	4.80001497268677	6.8242769241333	4.80001497268677	7.5252571105957	4.80001497268677	-4.68149662017822	4.80001497268677	18.5676078796387	4.80001497268677	2.58393621444702	4.80001497268677	2.34213995933533	4.80001497268677	2.50718641281128	4.80001497268677	1.71518099308014	4.80001497268677	2.01536154747009	4.80001497268677	3.69574737548828	4.80001497268677	0.346742987632751	4.80001497268677	0.828307151794434	4.80001497268677	2.36085844039917	4.80001497268677	2.24295949935913	4.80001497268677	0.00813530851155519	4.80001497268677	0.0163733530789614	4.80001497268677	0.0171525701880455	4.80001497268677	0.0123217049986124	4.80001497268677	0.0107369981706142	4.80001497268677	0.0125511279329658	4.80001497268677	0.0126463836058974	4.80001497268677	0.0116553762927651	4.80001497268677	0.269052237272263	4.80001497268677	0.0159657578915358
4.8100152015686	609.507446289063	4.8100152015686	632.618774414062	4.8100152015686	635.267333984375	4.8100152015686	627.068054199219	4.8100152015686	631.476257324219	4.8100152015686	624.745849609375	4.8100152015686	636.842224121094	4.8100152015686	636.128845214844	4.8100152015686	8524.5703125	4.8100152015686	624.72705078125	4.8100152015686	0.42342084646225	4.8100152015686	5.48823165893555	4.8100152015686	6.67183446884155	4.8100152015686	6.46145009994507	4.8100152015686	4.61239051818848	4.8100152015686	5.77870750427246	4.8100152015686	6.76575231552124	4.8100152015686	7.19783735275269	4.8100152015686	2.38642525672913	4.8100152015686	18.174674987793	4.8100152015686	1.68396234512329	4.8100152015686	2.08419466018677	4.8100152015686	2.1916880607605	4.8100152015686	1.20973539352417	4.8100152015686	1.86566138267517	4.8100152015686	3.23285007476807	4.8100152015686	-0.0680387020111084	4.8100152015686	0.035312294960022	4.8100152015686	0.690942347049713	4.8100152015686	1.24393272399902	4.8100152015686	0.00822729058563709	4.8100152015686	0.0163019075989723	4.8100152015686	0.017104484140873	4.8100152015686	0.0122261410579085	4.8100152015686	0.0107914805412292	4.8100152015686	0.0125914569944143	4.8100152015686	0.0127634666860104	4.8100152015686	0.0111510958522558	4.8100152015686	0.270367860794067	4.8100152015686	0.0158784370869398
4.82001543045044	610.99658203125	4.82001543045044	635.546691894531	4.82001543045044	638.341857910156	4.82001543045044	629.260192871094	4.82001543045044	633.423645019531	4.82001543045044	627.015930175781	4.82001543045044	639.150146484375	4.82001543045044	638.090637207031	4.82001543045044	8573.35546875	4.82001543045044	627.577331542969	4.82001543045044	-1.44426119327545	4.82001543045044	5.18774795532227	4.82001543045044	6.35097122192383	4.82001543045044	5.7613730430603	4.82001543045044	4.27409553527832	4.82001543045044	5.04335165023804	4.82001543045044	6.3358850479126	4.82001543045044	5.99908351898193	4.82001543045044	9.26463508605957	4.82001543045044	17.1253566741943	4.82001543045044	1.75017142295837	4.82001543045044	2.06682133674622	4.82001543045044	2.17303538322449	4.82001543045044	1.17197418212891	4.82001543045044	1.9062864780426	4.82001543045044	3.18839955329895	4.82001543045044	-0.131258726119995	4.82001543045044	0.093070387840271	4.82001543045044	0.353820204734802	4.82001543045044	1.08699595928192	4.82001543045044	0.00855759158730507	4.82001543045044	0.0162584763020277	4.82001543045044	0.0170786045491695	4.82001543045044	0.012221378274262	4.82001543045044	0.0108893448486924	4.82001543045044	0.0127118388190866	4.82001543045044	0.0129286330193281	4.82001543045044	0.010818456299603	4.82001543045044	0.270638585090637	4.82001543045044	0.0157998986542225
4.83001565933228	612.566650390625	4.83001565933228	638.469299316406	4.83001565933228	641.413635253906	4.83001565933228	631.459594726563	4.83001565933228	635.392578125	4.83001565933228	629.31494140625	4.83001565933228	641.492126464844	4.83001565933228	640.007995605469	4.83001565933228	8622.0947265625	4.83001565933228	630.414245605469	4.83001565933228	-2.70798587799072	4.83001565933228	4.81286859512329	4.83001565933228	5.93072700500488	4.83001565933228	5.01715564727783	4.83001565933228	3.87446022033691	4.83001565933228	4.27712488174438	4.83001565933228	5.80017423629761	4.83001565933228	4.65835666656494	4.83001565933228	11.6369256973267	4.83001565933228	16.1711292266846	4.83001565933228	2.75189733505249	4.83001565933228	2.30474972724915	4.83001565933228	2.46392369270325	4.83001565933228	1.62842226028442	4.83001565933228	2.11917304992676	4.83001565933228	3.59418964385986	4.83001565933228	0.199626669287682	4.83001565933228	0.972854912281036	4.83001565933228	1.56680917739868	4.83001565933228	1.90135598182678	4.83001565933228	0.0091333519667387	4.83001565933228	0.01628752425313	4.83001565933228	0.0171210989356041	4.83001565933228	0.0123783182352781	4.83001565933228	0.0110748307779431	4.83001565933228	0.0129706608131528	4.83001565933228	0.0132088605314493	4.83001565933228	0.0108184553682804	4.83001565933228	0.270136207342148	4.83001565933228	0.0157349165529013
4.84001588821411	614.262512207031	4.84001588821411	641.403686523437	4.84001588821411	644.499206542969	4.84001588821411	633.701843261719	4.84001588821411	637.402709960937	4.84001588821411	631.672912597656	4.84001588821411	643.894958496094	4.84001588821411	641.955322265625	4.84001588821411	8670.673828125	4.84001588821411	633.24072265625	4.84001588821411	-2.73062658309937	4.84001588821411	4.62484550476074	4.84001588821411	5.72441816329956	4.84001588821411	4.68189239501953	4.84001588821411	3.63548493385315	4.84001588821411	3.94824075698853	4.84001588821411	5.4911413192749	4.84001588821411	3.99194717407227	4.84001588821411	8.06685829162598	4.84001588821411	15.9936790466309	4.84001588821411	4.06834602355957	4.84001588821411	2.65286612510681	4.84001588821411	2.88253855705261	4.84001588821411	2.29356837272644	4.84001588821411	2.37813854217529	4.84001588821411	4.19835996627808	4.84001588821411	0.718482732772827	4.84001588821411	2.12691783905029	4.84001588821411	3.56466388702393	4.84001588821411	3.21340584754944	4.84001588821411	0.00982214789837599	4.84001588821411	0.016383484005928	4.84001588821411	0.0172281209379435	4.84001588821411	0.0126675553619862	4.84001588821411	0.0113421166315675	4.84001588821411	0.0133402654901147	4.84001588821411	0.0135990204289556	4.84001588821411	0.0111058820039034	4.84001588821411	0.269620090723038	4.84001588821411	0.0156788546591997
4.85001611709595	616.092468261719	4.85001611709595	644.361328125	4.85001611709595	647.609924316406	4.85001611709595	636.008056640625	4.85001611709595	639.468383789063	4.85001611709595	634.107421875	4.85001611709595	646.3779296875	4.85001611709595	643.980224609375	4.85001611709595	8719.1591796875	4.85001611709595	636.057861328125	4.85001611709595	-1.66345274448395	4.85001611709595	4.76705646514893	4.85001611709595	5.91081476211548	4.85001611709595	4.94595289230347	4.85001611709595	3.67536187171936	4.85001611709595	4.24760913848877	4.85001611709595	5.59733200073242	4.85001611709595	4.37363338470459	4.85001611709595	0.813814163208008	4.85001611709595	16.7874755859375	4.85001611709595	4.89732551574707	4.85001611709595	2.90172839164734	4.85001611709595	3.1722149848938	4.85001611709595	2.75943541526794	4.85001611709595	2.53169918060303	4.85001611709595	4.63258934020996	4.85001611709595	1.10796594619751	4.85001611709595	2.85253405570984	4.85001611709595	5.11368274688721	4.85001611709595	4.25541496276855	4.85001611709595	0.0104399109259248	4.85001611709595	0.0164947882294655	4.85001611709595	0.0173487681895494	4.85001611709595	0.0129792643710971	4.85001611709595	0.0116394823417068	4.85001611709595	0.0137253310531378	4.85001611709595	0.0140255624428391	4.85001611709595	0.0114602092653513	4.85001611709595	0.269850373268127	4.85001611709595	0.0156207140535116
4.86001634597778	618.027282714844	4.86001634597778	647.340393066406	4.86001634597778	650.743530273437	4.86001634597778	638.372314453125	4.86001634597778	641.590209960937	4.86001634597778	636.612670898438	4.86001634597778	648.940856933594	4.86001634597778	646.074951171875	4.86001634597778	8767.751953125	4.86001634597778	638.864379882813	4.86001634597778	-0.312859416007996	4.86001634597778	5.18535137176514	4.86001634597778	6.43508243560791	4.86001634597778	5.63295221328735	4.86001634597778	3.94077086448669	4.86001634597778	4.98639535903931	4.86001634597778	6.05681467056274	4.86001634597778	5.5240364074707	4.86001634597778	-5.676438331604	4.86001634597778	18.160888671875	4.86001634597778	4.74212026596069	4.86001634597778	2.90440130233765	4.86001634597778	3.15717959403992	4.86001634597778	2.74483585357666	4.86001634597778	2.49441313743591	4.86001634597778	4.63691568374634	4.86001634597778	1.13377153873444	4.86001634597778	2.71886992454529	4.86001634597778	5.27110004425049	4.86001634597778	4.42725849151611	4.86001634597778	0.0108673861250281	4.86001634597778	0.0165561866015196	4.86001634597778	0.0174168515950441	4.86001634597778	0.0131935747340322	4.86001634597778	0.0119026666507125	4.86001634597778	0.0140232872217894	4.86001634597778	0.0143932979553938	4.86001634597778	0.0116301300004125	4.86001634597778	0.271118670701981	4.86001634597778	0.0155499745160341
4.87001657485962	620.021850585938	4.87001657485962	650.326049804687	4.87001657485962	653.884704589844	4.87001657485962	640.766418457031	4.87001657485962	643.756408691406	4.87001657485962	639.163635253906	4.87001657485962	651.564758300781	4.87001657485962	648.183715820312	4.87001657485962	8816.66796875	4.87001657485962	641.656982421875	4.87001657485962	0.353780895471573	4.87001657485962	5.66080379486084	4.87001657485962	7.04209232330322	4.87001657485962	6.30895948410034	4.87001657485962	4.24106740951538	4.87001657485962	5.71254014968872	4.87001657485962	6.59779357910156	4.87001657485962	6.68897151947021	4.87001657485962	-7.39842891693115	4.87001657485962	19.3637561798096	4.87001657485962	3.6950032711029	4.87001657485962	2.66037487983704	4.87001657485962	2.8432993888855	4.87001657485962	2.25706052780151	4.87001657485962	2.29471778869629	4.87001657485962	4.2087607383728	4.87001657485962	0.779221177101135	4.87001657485962	1.81165027618408	4.87001657485962	3.92899751663208	4.87001657485962	3.63995981216431	4.87001657485962	0.0111190192401409	4.87001657485962	0.0165272746235132	4.87001657485962	0.0173897761851549	4.87001657485962	0.0132528292015195	4.87001657485962	0.0120939174667001	4.87001657485962	0.0141853671520948	4.87001657485962	0.0146421454846859	4.87001657485962	0.0114878909662366	4.87001657485962	0.27308177947998	4.87001657485962	0.015462851151824
4.88001680374146	622.0458984375	4.88001680374146	653.29833984375	4.88001680374146	657.012451171875	4.88001680374146	643.157287597656	4.88001680374146	645.950561523437	4.88001680374146	641.731567382813	4.88001680374146	654.222717285156	4.88001680374146	650.238708496094	4.88001680374146	8865.9990234375	4.88001680374146	644.432495117187	4.88001680374146	-0.21163609623909	4.88001680374146	5.9313497543335	4.88001680374146	7.41663837432861	4.88001680374146	6.53332948684692	4.88001680374146	4.35948944091797	4.88001680374146	5.97083759307861	4.88001680374146	6.89347457885742	4.88001680374146	7.0781364440918	4.88001680374146	-3.17704153060913	4.88001680374146	19.7151031494141	4.88001680374146	2.399906873703	4.88001680374146	2.32031154632568	4.88001680374146	2.42035913467407	4.88001680374146	1.59582054615021	4.88001680374146	2.06082844734192	4.88001680374146	3.61165332794189	4.88001680374146	0.261241972446442	4.88001680374146	0.696386814117432	4.88001680374146	1.90227103233337	4.88001680374146	2.38658809661865	4.88001680374146	0.0113324271515012	4.88001680374146	0.0164165440946817	4.88001680374146	0.0172736961394548	4.88001680374146	0.013196412473917	4.88001680374146	0.0122247729450464	4.88001680374146	0.0142454737797379	4.88001680374146	0.0147823793813586	4.88001680374146	0.0111071923747659	4.88001680374146	0.274965673685074	4.88001680374146	0.0153647130355239
4.89001703262329	624.104919433594	4.89001703262329	656.243347167969	4.89001703262329	660.111206054687	4.89001703262329	645.527587890625	4.89001703262329	648.162780761719	4.89001703262329	644.301147460937	4.89001703262329	656.896179199219	4.89001703262329	652.203735351562	4.89001703262329	8915.6630859375	4.89001703262329	647.189270019531	4.89001703262329	-1.76120579242706	4.89001703262329	5.85046339035034	4.89001703262329	7.37232446670532	4.89001703262329	6.13592338562012	4.89001703262329	4.18975448608398	4.89001703262329	5.58742761611938	4.89001703262329	6.76225996017456	4.89001703262329	6.3646969795227	4.89001703262329	4.40918922424316	4.89001703262329	19.0336685180664	4.89001703262329	1.68407475948334	4.89001703262329	2.10172438621521	4.89001703262329	2.15529346466064	4.89001703262329	1.1834716796875	4.89001703262329	1.94693410396576	4.89001703262329	3.22693681716919	4.89001703262329	-0.0906476974487305	4.89001703262329	0.0926173329353332	4.89001703262329	0.476241260766983	4.89001703262329	1.4738941192627	4.89001703262329	0.0116848768666387	4.89001703262329	0.0162785053253174	4.89001703262329	0.0171221327036619	4.89001703262329	0.0131402462720871	4.89001703262329	0.0123503990471363	4.89001703262329	0.0143021391704679	4.89001703262329	0.0148903224617243	4.89001703262329	0.010726043023169	4.89001703262329	0.276029050350189	4.89001703262329	0.0152672985568643
4.90001726150513	626.239868164062	4.90001726150513	659.161010742188	4.90001726150513	663.179626464844	4.90001726150513	647.887756347656	4.90001726150513	650.397155761719	4.90001726150513	646.880615234375	4.90001726150513	659.586181640625	4.90001726150513	654.10009765625	4.90001726150513	8965.443359375	4.90001726150513	649.928649902344	4.90001726150513	-3.36829161643982	4.90001726150513	5.49091577529907	4.90001726150513	6.98158740997314	4.90001726150513	5.34923458099365	4.90001726150513	3.81436228752136	4.90001726150513	4.80338287353516	4.90001726150513	6.29636001586914	4.90001726150513	4.94309425354004	4.90001726150513	10.4886655807495	4.90001726150513	17.7923583984375	4.90001726150513	2.02105569839478	4.90001726150513	2.14967799186707	4.90001726150513	2.22054624557495	4.90001726150513	1.29261898994446	4.90001726150513	2.03328347206116	4.90001726150513	3.30904364585876	4.90001726150513	-0.0450823307037354	4.90001726150513	0.404865741729736	4.90001726150513	0.583460330963135	4.90001726150513	1.51178598403931	4.90001726150513	0.0122774206101894	4.90001726150513	0.0161821115761995	4.90001726150513	0.0170053821057081	4.90001726150513	0.0132062984630466	4.90001726150513	0.0125356242060661	4.90001726150513	0.0144585622474551	4.90001726150513	0.0150625789538026	4.90001726150513	0.0106022078543901	4.90001726150513	0.276039600372314	4.90001726150513	0.0151816718280315
4.91001749038696	628.503112792969	4.91001749038696	662.065185546875	4.91001749038696	666.230102539063	4.91001749038696	650.270812988281	4.91001749038696	652.670288085938	4.91001749038696	649.497253417969	4.91001749038696	662.31298828125	4.91001749038696	655.997375488281	4.91001749038696	9015.1328125	4.91001749038696	652.653625488281	4.91001749038696	-4.04759359359741	4.91001749038696	5.10510396957397	4.91001749038696	6.53808689117432	4.91001749038696	4.66544103622437	4.91001749038696	3.45444965362549	4.91001749038696	4.12656402587891	4.91001749038696	5.80917453765869	4.91001749038696	3.68946218490601	4.91001749038696	11.1325654983521	4.91001749038696	16.8250617980957	4.91001749038696	3.19504237174988	4.91001749038696	2.43596434593201	4.91001749038696	2.57351207733154	4.91001749038696	1.85546803474426	4.91001749038696	2.26927042007446	4.91001749038696	3.80842661857605	4.91001749038696	0.370578646659851	4.91001749038696	1.43753552436829	4.91001749038696	2.15468120574951	4.91001749038696	2.49441123008728	4.91001749038696	0.0130619080737233	4.91001749038696	0.0161667224019766	4.91001749038696	0.0169660691171885	4.91001749038696	0.0134416706860065	4.91001749038696	0.012811635620892	4.91001749038696	0.0147543689236045	4.91001749038696	0.0153529532253742	4.91001749038696	0.0108399447053671	4.91001749038696	0.27544578909874	4.91001749038696	0.0151110244914889
4.9200177192688	630.924926757812	4.9200177192688	664.973754882813	4.9200177192688	669.280456542969	4.9200177192688	652.711547851562	4.9200177192688	655.001220703125	4.9200177192688	652.179626464844	4.9200177192688	665.102661132813	4.9200177192688	657.969970703125	4.9200177192688	9064.658203125	4.9200177192688	655.367248535156	4.9200177192688	-3.42299222946167	4.9200177192688	4.95850229263306	4.9200177192688	6.3641676902771	4.9200177192688	4.50395631790161	4.9200177192688	3.31984829902649	4.9200177192688	3.99123907089233	4.9200177192688	5.62588024139404	4.9200177192688	3.35770201683044	4.9200177192688	5.98482275009155	4.9200177192688	16.7742366790771	4.9200177192688	4.44896268844604	4.9200177192688	2.77889776229858	4.9200177192688	2.98596811294556	4.9200177192688	2.51147413253784	4.9200177192688	2.50810313224792	4.9200177192688	4.40667819976807	4.9200177192688	0.890132069587708	4.9200177192688	2.53337144851685	4.9200177192688	4.17153596878052	4.9200177192688	3.80608534812927	4.9200177192688	0.0138709805905819	4.9200177192688	0.0162161234766245	4.9200177192688	0.0169912911951542	4.9200177192688	0.0137860532850027	4.9200177192688	0.0131544237956405	4.9200177192688	0.015138303861022	4.9200177192688	0.0157360807061195	4.9200177192688	0.0113157127052546	4.9200177192688	0.275087267160416	4.9200177192688	0.0150485523045063
4.93001794815063	633.494506835938	4.93001794815063	667.897094726563	4.93001794815063	672.341186523437	4.93001794815063	655.224060058594	4.93001794815063	657.399841308594	4.93001794815063	654.939086914062	4.93001794815063	667.969604492188	4.93001794815063	660.049621582031	4.93001794815063	9114.142578125	4.93001794815063	658.070373535156	4.93001794815063	-1.9387001991272	4.93001794815063	5.16166830062866	4.93001794815063	6.60745525360107	4.93001794815063	4.94366550445557	4.93001794815063	3.47411513328552	4.93001794815063	4.48389863967895	4.93001794815063	5.8764853477478	4.93001794815063	4.0854320526123	4.93001794815063	-1.64376854896545	4.93001794815063	17.6888542175293	4.93001794815063	4.9889702796936	4.93001794815063	2.96442985534668	4.93001794815063	3.19623279571533	4.93001794815063	2.84881973266602	4.93001794815063	2.60421657562256	4.93001794815063	4.7297534942627	4.93001794815063	1.18738007545471	4.93001794815063	3.01207733154297	4.93001794815063	5.35548496246338	4.93001794815063	4.63091087341309	4.93001794815063	0.0145294759422541	4.93001794815063	0.0162699054926634	4.93001794815063	0.0170218870043755	4.93001794815063	0.0141131030395627	4.93001794815063	0.0135012408718467	4.93001794815063	0.0155028980225325	4.93001794815063	0.0161248818039894	4.93001794815063	0.0117649054154754	4.93001794815063	0.275642931461334	4.93001794815063	0.0149820623919368
4.94001817703247	636.169067382813	4.94001817703247	670.830505371094	4.94001817703247	675.407836914062	4.94001817703247	657.793823242188	4.94001817703247	659.861328125	4.94001817703247	657.762451171875	4.94001817703247	670.907104492188	4.94001817703247	662.207702636719	4.94001817703247	9163.8076171875	4.94001817703247	660.761169433594	4.94001817703247	-0.548185348510742	4.94001817703247	5.60777473449707	4.94001817703247	7.15705585479736	4.94001817703247	5.68698978424072	4.94001817703247	3.8005313873291	4.94001817703247	5.30375480651855	4.94001817703247	6.42426681518555	4.94001817703247	5.33306694030762	4.94001817703247	-6.93660926818848	4.94001817703247	19.0094871520996	4.94001817703247	4.47092342376709	4.94001817703247	2.87742161750793	4.94001817703247	3.06984329223633	4.94001817703247	2.65765953063965	4.94001817703247	2.50177574157715	4.94001817703247	4.57782506942749	4.94001817703247	1.07703649997711	4.94001817703247	2.58358120918274	4.94001817703247	4.95919227600098	4.94001817703247	4.45501518249512	4.94001817703247	0.0149630140513182	4.94001817703247	0.0162622984498739	4.94001817703247	0.0169904269278049	4.94001817703247	0.0143124219030142	4.94001817703247	0.0137912575155497	4.94001817703247	0.0157532319426537	4.94001817703247	0.0164263788610697	4.94001817703247	0.0119581557810307	4.94001817703247	0.277205944061279	4.94001817703247	0.0149018010124564
4.95001840591431	638.901489257812	4.95001840591431	673.757019042969	4.95001840591431	678.463317871094	4.95001840591431	660.388000488281	4.95001840591431	662.369873046875	4.95001840591431	660.620544433594	4.95001840591431	673.890991210937	4.95001840591431	664.377563476563	4.95001840591431	9213.845703125	4.95001840591431	663.436279296875	4.95001840591431	-0.137432217597961	4.95001840591431	6.03565216064453	4.95001840591431	7.7081413269043	4.95001840591431	6.2417254447937	4.95001840591431	4.07390689849854	4.95001840591431	5.94462537765503	4.95001840591431	6.94860935211182	4.95001840591431	6.22220754623413	4.95001840591431	-6.47926998138428	4.95001840591431	19.9016761779785	4.95001840591431	3.20731163024902	4.95001840591431	2.57078719139099	4.95001840591431	2.68057727813721	4.95001840591431	2.05583953857422	4.95001840591431	2.26748895645142	4.95001840591431	4.04472732543945	4.95001840591431	0.625502347946167	4.95001840591431	1.51915037631989	4.95001840591431	3.21481800079346	4.95001840591431	3.37877416610718	4.95001840591431	0.0152388848364353	4.95001840591431	0.0161625314503908	4.95001840591431	0.016862453892827	4.95001840591431	0.0143574448302388	4.95001840591431	0.0140029592439532	4.95001840591431	0.015864422544837	4.95001840591431	0.0165980532765388	4.95001840591431	0.0118448995053768	4.95001840591431	0.27923446893692	4.95001840591431	0.0148065201938152
4.96001863479614	641.669311523437	4.96001863479614	676.657287597656	4.96001863479614	681.486999511719	4.96001863479614	662.976379394531	4.96001863479614	664.909423828125	4.96001863479614	663.486145019531	4.96001863479614	676.894104003906	4.96001863479614	666.49951171875	4.96001863479614	9264.2900390625	4.96001863479614	666.092895507812	4.96001863479614	-0.974576115608215	4.96001863479614	6.18402242660522	4.96001863479614	7.94017601013184	4.96001863479614	6.22080612182617	4.96001863479614	4.09808969497681	4.96001863479614	5.99960613250732	4.96001863479614	7.13491106033325	4.96001863479614	6.07781648635864	4.96001863479614	-0.446053028106689	4.96001863479614	19.7663154602051	4.96001863479614	2.00123333930969	4.96001863479614	2.24004101753235	4.96001863479614	2.27384090423584	4.96001863479614	1.42906749248505	4.96001863479614	2.05409502983093	4.96001863479614	3.47174263000488	4.96001863479614	0.120074510574341	4.96001863479614	0.50594437122345	4.96001863479614	1.23074424266815	4.96001863479614	2.08393669128418	4.96001863479614	0.0155240213498473	4.96001863479614	0.0159947481006384	4.96001863479614	0.01665866561234	4.96001863479614	0.0143231293186545	4.96001863479614	0.0141678182408214	4.96001863479614	0.0158976446837187	4.96001863479614	0.0166742261499166	4.96001863479614	0.0115872966125608	4.96001863479614	0.280881553888321	4.96001863479614	0.0147045478224754
4.97001886367798	644.4892578125	4.97001886367798	679.521301269531	4.97001886367798	684.467224121094	4.97001886367798	665.551452636719	4.97001886367798	667.474487304687	4.97001886367798	666.350769042969	4.97001886367798	679.902282714844	4.97001886367798	668.56201171875	4.97001886367798	9314.9970703125	4.97001886367798	668.730529785156	4.97001886367798	-2.49335432052612	4.97001886367798	5.96332263946533	4.97001886367798	7.7254056930542	4.97001886367798	5.60640907287598	4.97001886367798	3.83847498893738	4.97001886367798	5.43460655212402	4.97001886367798	6.88011932373047	4.97001886367798	4.897629737854	4.97001886367798	7.26760768890381	4.97001886367798	18.6555595397949	4.97001886367798	1.64859056472778	4.97001886367798	2.10396075248718	4.97001886367798	2.11626291275024	4.97001886367798	1.19390738010406	4.97001886367798	2.00573086738586	4.97001886367798	3.2392041683197	4.97001886367798	-0.105459690093994	4.97001886367798	0.221032500267029	4.97001886367798	0.318238973617554	4.97001886367798	1.42166566848755	4.97001886367798	0.015980364754796	4.97001886367798	0.0158255286514759	4.97001886367798	0.0164448637515306	4.97001886367798	0.0143420295789838	4.97001886367798	0.0143517004325986	4.97001886367798	0.0159645285457373	4.97001886367798	0.0167471878230572	4.97001886367798	0.0114640891551971	4.97001886367798	0.281528770923614	4.97001886367798	0.0146089624613523
4.98001909255981	647.40673828125	4.98001909255981	682.354614257812	4.98001909255981	687.408081054687	4.98001909255981	668.134704589844	4.98001909255981	670.074340820312	4.98001909255981	669.230346679688	4.98001909255981	682.92333984375	4.98001909255981	670.614440917969	4.98001909255981	9365.73046875	4.98001909255981	671.3515625	4.98001909255981	-3.64051389694214	4.98001909255981	5.52782773971558	4.98001909255981	7.22841548919678	4.98001909255981	4.78427982330322	4.98001909255981	3.4545955657959	4.98001909255981	4.63330364227295	4.98001909255981	6.37483406066895	4.98001909255981	3.39881944656372	4.98001909255981	11.5267753601074	4.98001909255981	17.2751502990723	4.98001909255981	2.38543796539307	4.98001909255981	2.25471925735474	4.98001909255981	2.31236863136291	4.98001909255981	1.51165497303009	4.98001909255981	2.15812587738037	4.98001909255981	3.50637865066528	4.98001909255981	0.101640224456787	4.98001909255981	0.863449811935425	4.98001909255981	1.09427738189697	4.98001909255981	1.83242845535278	4.98001909255981	0.0166543517261744	4.98001909255981	0.0157221090048552	4.98001909255981	0.0162912216037512	4.98001909255981	0.014517966657877	4.98001909255981	0.0146116698160768	4.98001909255981	0.0161551479250193	4.98001909255981	0.0169086884707212	4.98001909255981	0.0116863194853067	4.98001909255981	0.281209111213684	4.98001909255981	0.0145291229709983
4.99001932144165	650.465209960937	4.99001932144165	685.17529296875	4.99001932144165	690.326721191406	4.99001932144165	670.763793945313	4.99001932144165	672.727844238281	4.99001932144165	672.155456542969	4.99001932144165	685.981506347656	4.99001932144165	672.738037109375	4.99001932144165	9416.3193359375	4.99001932144165	673.959655761719	4.99001932144165	-3.60222721099854	4.99001932144165	5.17477321624756	4.99001932144165	6.79997777938843	4.99001932144165	4.28201150894165	4.99001932144165	3.1918671131134	4.99001932144165	4.13954973220825	4.99001932144165	5.9777626991272	4.99001932144165	2.52204775810242	4.99001932144165	9.52350425720215	4.99001932144165	16.5057487487793	4.99001932144165	3.71024322509766	4.99001932144165	2.59096622467041	4.99001932144165	2.72806882858276	4.99001932144165	2.17097997665405	4.99001932144165	2.41139650344849	4.99001932144165	4.0962438583374	4.99001932144165	0.603048324584961	4.99001932144165	2.00878715515137	4.99001932144165	3.03539395332336	4.99001932144165	3.02932977676392	4.99001932144165	0.0174403619021177	4.99001932144165	0.0157068856060505	4.99001932144165	0.016225254163146	4.99001932144165	0.0148534337058663	4.99001932144165	0.0149560952559114	4.99001932144165	0.0164757259190083	4.99001932144165	0.0171875897794962	4.99001932144165	0.0122457351535559	4.99001932144165	0.28060320019722	4.99001932144165	0.0144642135128379
5.00001955032349	653.675231933594	5.00001955032349	688.001220703125	5.00001955032349	693.241333007812	5.00001955032349	673.467529296875	5.00001955032349	675.450927734375	5.00001955032349	675.14990234375	5.00001955032349	689.100402832031	5.00001955032349	674.992614746094	5.00001955032349	9466.7734375	5.00001955032349	676.557373046875	5.00001955032349	-2.34229850769043	5.00001955032349	5.14141464233398	5.00001955032349	6.73842811584473	5.00001955032349	4.40635824203491	5.00001955032349	3.21301460266113	5.00001955032349	4.28749561309814	5.00001955032349	5.97196006774902	5.00001955032349	2.76901316642761	5.00001955032349	2.63558530807495	5.00001955032349	16.8020210266113	5.00001955032349	4.73875331878662	5.00001955032349	2.89009046554565	5.00001955032349	3.08600091934204	5.00001955032349	2.73885178565979	5.00001955032349	2.60039305686951	5.00001955032349	4.62211465835571	5.00001955032349	1.06882071495056	5.00001955032349	2.91140413284302	5.00001955032349	4.85700702667236	5.00001955032349	4.20452117919922	5.00001955032349	0.0181518476456404	5.00001955032349	0.0157423280179501	5.00001955032349	0.0162134636193514	5.00001955032349	0.015247730538249	5.00001955032349	0.0153386844322085	5.00001955032349	0.0168442316353321	5.00001955032349	0.0175302512943745	5.00001955032349	0.0129197416827083	5.00001955032349	0.280578017234802	5.00001955032349	0.0144038740545511

